CONTRACT_ID|PLAN_ID|SEGMENT_ID|COVERAGE_LEVEL|TIER|DAYS_SUPPLY|COST_TYPE_PREF|COST_AMT_PREF|COST_MIN_AMT_PREF|COST_MAX_AMT_PREF|COST_TYPE_NONPREF|COST_AMT_NONPREF|COST_MIN_AMT_NONPREF|COST_MAX_AMT_NONPREF|COST_TYPE_MAIL_PREF|COST_AMT_MAIL_PREF|COST_MIN_AMT_MAIL_PREF|COST_MAX_AMT_MAIL_PREF|COST_TYPE_MAIL_NONPREF|COST_AMT_MAIL_NONPREF|COST_MIN_AMT_MAIL_NONPREF|COST_MAX_AMT_MAIL_NONPREF|TIER_SPECIALTY_YN|DED_APPLIES_YN
H1001|001|000|0|1|1|1|3.20|||1|4.32|||1|2.72|||1|3.68|||N|N
H1001|001|000|0|1|2|1|9.59|||1|12.95|||1|8.15|||1|11.03|||N|N
H1001|001|000|0|1|4|1|6.39|||1|8.63|||1|5.43|||1|7.35|||N|N
H1001|001|000|0|2|1|1|19.18|||1|25.89|||1|16.30|||1|22.06|||N|N
H1001|001|000|0|2|2|1|57.54|||1|77.68|||1|48.91|||1|66.17|||N|N
H1001|001|000|0|2|4|1|38.36|||1|51.79|||1|32.61|||1|44.12|||N|N
H1001|001|000|0|3|1|1|71.93|||1|97.10|||1|61.14|||1|82.72|||N|Y
H1001|001|000|0|3|2|1|215.78|||1|291.31|||1|183.42|||1|248.15|||N|Y
H1001|001|000|0|3|4|1|143.86|||1|194.21|||1|122.28|||1|165.43|||N|Y
H1001|001|000|0|4|1|1|151.85|||1|204.99|||1|129.07|||1|174.63|||N|Y
H1001|001|000|0|4|2|1|455.54|||1|614.98|||1|387.21|||1|523.88|||N|Y
H1001|001|000|0|4|4|1|303.70|||1|409.99|||1|258.14|||1|349.25|||N|Y
H1001|001|000|0|5|1|2|33.0|191.81|1246.75|2|33.0|258.94|1683.12|2|33.0|163.04|1059.74|2|33.0|220.58|1433.76|Y|Y
H1001|001|000|0|5|2|2|33.0|575.42|3740.26|2|33.0|776.82|5049.35|2|33.0|489.11|3179.22|2|33.0|661.74|4301.29|Y|Y
H1001|001|000|0|5|4|2|33.0|383.62|2493.50|2|33.0|517.88|3366.23|2|33.0|326.07|2119.48|2|33.0|441.16|2867.53|Y|Y
H1001|001|000|1|1|1|1|3.20|||1|4.32|||1|2.72|||1|3.68|||N|N
H1001|001|000|1|1|2|1|9.59|||1|12.95|||1|8.15|||1|11.03|||N|N
H1001|001|000|1|1|4|1|6.39|||1|8.63|||1|5.43|||1|7.35|||N|N
H1001|001|000|1|2|1|1|19.18|||1|25.89|||1|16.30|||1|22.06|||N|N
H1001|001|000|1|2|2|1|57.54|||1|77.68|||1|48.91|||1|66.17|||N|N
H1001|001|000|1|2|4|1|38.36|||1|51.79|||1|32.61|||1|44.12|||N|N
H1001|001|000|1|3|1|1|71.93|||1|97.10|||1|61.14|||1|82.72|||N|Y
H1001|001|000|1|3|2|1|215.78|||1|291.31|||1|183.42|||1|248.15|||N|Y
H1001|001|000|1|3|4|1|143.86|||1|194.21|||1|122.28|||1|165.43|||N|Y
H1001|001|000|1|4|1|1|151.85|||1|204.99|||1|129.07|||1|174.63|||N|Y
H1001|001|000|1|4|2|1|455.54|||1|614.98|||1|387.21|||1|523.88|||N|Y
H1001|001|000|1|4|4|1|303.70|||1|409.99|||1|258.14|||1|349.25|||N|Y
H1001|001|000|1|5|1|2|33.0|191.81|1246.75|2|33.0|258.94|1683.12|2|33.0|163.04|1059.74|2|33.0|220.58|1433.76|Y|Y
H1001|001|000|1|5|2|2|33.0|575.42|3740.26|2|33.0|776.82|5049.35|2|33.0|489.11|3179.22|2|33.0|661.74|4301.29|Y|Y
H1001|001|000|1|5|4|2|33.0|383.62|2493.50|2|33.0|517.88|3366.23|2|33.0|326.07|2119.48|2|33.0|441.16|2867.53|Y|Y
H1001|001|000|3|1|1|1|3.20|||1|4.32|||1|2.72|||1|3.68|||N|N
H1001|001|000|3|1|2|1|9.59|||1|12.95|||1|8.15|||1|11.03|||N|N
H1001|001|000|3|1|4|1|6.39|||1|8.63|||1|5.43|||1|7.35|||N|N
H1001|001|000|3|2|1|1|19.18|||1|25.89|||1|16.30|||1|22.06|||N|N
H1001|001|000|3|2|2|1|57.54|||1|77.68|||1|48.91|||1|66.17|||N|N
H1001|001|000|3|2|4|1|38.36|||1|51.79|||1|32.61|||1|44.12|||N|N
H1001|001|000|3|3|1|1|71.93|||1|97.10|||1|61.14|||1|82.72|||N|Y
H1001|001|000|3|3|2|1|215.78|||1|291.31|||1|183.42|||1|248.15|||N|Y
H1001|001|000|3|3|4|1|143.86|||1|194.21|||1|122.28|||1|165.43|||N|Y
H1001|001|000|3|4|1|1|151.85|||1|204.99|||1|129.07|||1|174.63|||N|Y
H1001|001|000|3|4|2|1|455.54|||1|614.98|||1|387.21|||1|523.88|||N|Y
H1001|001|000|3|4|4|1|303.70|||1|409.99|||1|258.14|||1|349.25|||N|Y
H1001|001|000|3|5|1|2|33.0|191.81|1246.75|2|33.0|258.94|1683.12|2|33.0|163.04|1059.74|2|33.0|220.58|1433.76|Y|Y
H1001|001|000|3|5|2|2|33.0|575.42|3740.26|2|33.0|776.82|5049.35|2|33.0|489.11|3179.22|2|33.0|661.74|4301.29|Y|Y
H1001|001|000|3|5|4|2|33.0|383.62|2493.50|2|33.0|517.88|3366.23|2|33.0|326.07|2119.48|2|33.0|441.16|2867.53|Y|Y
H2002|001|001|0|1|1|1|1.72|||1|2.32|||1|1.46|||1|1.98|||N|N
H2002|001|001|0|1|2|1|5.16|||1|6.96|||1|4.38|||1|5.93|||N|N
H2002|001|001|0|1|4|1|3.44|||1|4.64|||1|2.92|||1|3.95|||N|N
H2002|001|001|0|2|1|1|10.32|||1|13.93|||1|8.77|||1|11.86|||N|N
H2002|001|001|0|2|2|1|30.95|||1|41.78|||1|26.31|||1|35.59|||N|N
H2002|001|001|0|2|4|1|20.63|||1|27.85|||1|17.54|||1|23.73|||N|N
H2002|001|001|0|3|1|1|38.69|||1|52.23|||1|32.88|||1|44.49|||N|Y
H2002|001|001|0|3|2|1|116.06|||1|156.68|||1|98.65|||1|133.47|||N|Y
H2002|001|001|0|3|4|1|77.37|||1|104.45|||1|65.77|||1|88.98|||N|Y
H2002|001|001|0|4|1|1|81.67|||1|110.25|||1|69.42|||1|93.92|||N|Y
H2002|001|001|0|4|2|1|245.01|||1|330.76|||1|208.26|||1|281.76|||N|Y
H2002|001|001|0|4|4|1|163.34|||1|220.51|||1|138.84|||1|187.84|||N|Y
H2002|001|001|0|5|1|2|33.0|103.16|670.55|2|33.0|139.27|905.24|2|33.0|87.69|569.97|2|33.0|118.64|771.13|Y|Y
H2002|001|001|0|5|2|2|33.0|309.48|2011.65|2|33.0|417.80|2715.73|2|33.0|263.06|1709.90|2|33.0|355.91|2313.40|Y|Y
H2002|001|001|0|5|4|2|33.0|206.32|1341.10|2|33.0|278.54|1810.49|2|33.0|175.37|1139.94|2|33.0|237.27|1542.27|Y|Y
H2002|001|001|1|1|1|1|1.72|||1|2.32|||1|1.46|||1|1.98|||N|N
H2002|001|001|1|1|2|1|5.16|||1|6.96|||1|4.38|||1|5.93|||N|N
H2002|001|001|1|1|4|1|3.44|||1|4.64|||1|2.92|||1|3.95|||N|N
H2002|001|001|1|2|1|1|10.32|||1|13.93|||1|8.77|||1|11.86|||N|N
H2002|001|001|1|2|2|1|30.95|||1|41.78|||1|26.31|||1|35.59|||N|N
H2002|001|001|1|2|4|1|20.63|||1|27.85|||1|17.54|||1|23.73|||N|N
H2002|001|001|1|3|1|1|38.69|||1|52.23|||1|32.88|||1|44.49|||N|Y
H2002|001|001|1|3|2|1|116.06|||1|156.68|||1|98.65|||1|133.47|||N|Y
H2002|001|001|1|3|4|1|77.37|||1|104.45|||1|65.77|||1|88.98|||N|Y
H2002|001|001|1|4|1|1|81.67|||1|110.25|||1|69.42|||1|93.92|||N|Y
H2002|001|001|1|4|2|1|245.01|||1|330.76|||1|208.26|||1|281.76|||N|Y
H2002|001|001|1|4|4|1|163.34|||1|220.51|||1|138.84|||1|187.84|||N|Y
H2002|001|001|1|5|1|2|33.0|103.16|670.55|2|33.0|139.27|905.24|2|33.0|87.69|569.97|2|33.0|118.64|771.13|Y|Y
H2002|001|001|1|5|2|2|33.0|309.48|2011.65|2|33.0|417.80|2715.73|2|33.0|263.06|1709.90|2|33.0|355.91|2313.40|Y|Y
H2002|001|001|1|5|4|2|33.0|206.32|1341.10|2|33.0|278.54|1810.49|2|33.0|175.37|1139.94|2|33.0|237.27|1542.27|Y|Y
H2002|001|001|3|1|1|1|1.72|||1|2.32|||1|1.46|||1|1.98|||N|N
H2002|001|001|3|1|2|1|5.16|||1|6.96|||1|4.38|||1|5.93|||N|N
H2002|001|001|3|1|4|1|3.44|||1|4.64|||1|2.92|||1|3.95|||N|N
H2002|001|001|3|2|1|1|10.32|||1|13.93|||1|8.77|||1|11.86|||N|N
H2002|001|001|3|2|2|1|30.95|||1|41.78|||1|26.31|||1|35.59|||N|N
H2002|001|001|3|2|4|1|20.63|||1|27.85|||1|17.54|||1|23.73|||N|N
H2002|001|001|3|3|1|1|38.69|||1|52.23|||1|32.88|||1|44.49|||N|Y
H2002|001|001|3|3|2|1|116.06|||1|156.68|||1|98.65|||1|133.47|||N|Y
H2002|001|001|3|3|4|1|77.37|||1|104.45|||1|65.77|||1|88.98|||N|Y
H2002|001|001|3|4|1|1|81.67|||1|110.25|||1|69.42|||1|93.92|||N|Y
H2002|001|001|3|4|2|1|245.01|||1|330.76|||1|208.26|||1|281.76|||N|Y
H2002|001|001|3|4|4|1|163.34|||1|220.51|||1|138.84|||1|187.84|||N|Y
H2002|001|001|3|5|1|2|33.0|103.16|670.55|2|33.0|139.27|905.24|2|33.0|87.69|569.97|2|33.0|118.64|771.13|Y|Y
H2002|001|001|3|5|2|2|33.0|309.48|2011.65|2|33.0|417.80|2715.73|2|33.0|263.06|1709.90|2|33.0|355.91|2313.40|Y|Y
H2002|001|001|3|5|4|2|33.0|206.32|1341.10|2|33.0|278.54|1810.49|2|33.0|175.37|1139.94|2|33.0|237.27|1542.27|Y|Y
H3003|001|002|0|1|1|1|2.13|||1|2.88|||1|1.81|||1|2.45|||N|N
H3003|001|002|0|1|2|1|6.39|||1|8.63|||1|5.43|||1|7.35|||N|N
H3003|001|002|0|1|4|1|4.26|||1|5.75|||1|3.62|||1|4.90|||N|N
H3003|001|002|0|2|1|1|12.78|||1|17.25|||1|10.86|||1|14.70|||N|N
H3003|001|002|0|2|2|1|38.34|||1|51.75|||1|32.59|||1|44.09|||N|N
H3003|001|002|0|2|4|1|25.56|||1|34.50|||1|21.72|||1|29.39|||N|N
H3003|001|002|0|3|1|1|47.92|||1|64.69|||1|40.73|||1|55.11|||N|Y
H3003|001|002|0|3|2|1|143.76|||1|194.07|||1|122.19|||1|165.32|||N|Y
H3003|001|002|0|3|4|1|95.84|||1|129.38|||1|81.46|||1|110.22|||N|Y
H3003|001|002|0|4|1|1|101.16|||1|136.57|||1|85.99|||1|116.34|||N|Y
H3003|001|002|0|4|2|1|303.49|||1|409.71|||1|257.97|||1|349.01|||N|Y
H3003|001|002|0|4|4|1|202.33|||1|273.14|||1|171.98|||1|232.68|||N|Y
H3003|001|002|0|5|1|2|33.0|127.79|830.61|2|33.0|172.51|1121.32|2|33.0|108.62|706.02|2|33.0|146.95|955.20|Y|Y
H3003|001|002|0|5|2|2|33.0|383.36|2491.82|2|33.0|517.53|3363.96|2|33.0|325.85|2118.05|2|33.0|440.86|2865.59|Y|Y
H3003|001|002|0|5|4|2|33.0|255.57|1661.21|2|33.0|345.02|2242.64|2|33.0|217.24|1412.03|2|33.0|293.91|1910.39|Y|Y
H3003|001|002|1|1|1|1|2.13|||1|2.88|||1|1.81|||1|2.45|||N|N
H3003|001|002|1|1|2|1|6.39|||1|8.63|||1|5.43|||1|7.35|||N|N
H3003|001|002|1|1|4|1|4.26|||1|5.75|||1|3.62|||1|4.90|||N|N
H3003|001|002|1|2|1|1|12.78|||1|17.25|||1|10.86|||1|14.70|||N|N
H3003|001|002|1|2|2|1|38.34|||1|51.75|||1|32.59|||1|44.09|||N|N
H3003|001|002|1|2|4|1|25.56|||1|34.50|||1|21.72|||1|29.39|||N|N
H3003|001|002|1|3|1|1|47.92|||1|64.69|||1|40.73|||1|55.11|||N|Y
H3003|001|002|1|3|2|1|143.76|||1|194.07|||1|122.19|||1|165.32|||N|Y
H3003|001|002|1|3|4|1|95.84|||1|129.38|||1|81.46|||1|110.22|||N|Y
H3003|001|002|1|4|1|1|101.16|||1|136.57|||1|85.99|||1|116.34|||N|Y
H3003|001|002|1|4|2|1|303.49|||1|409.71|||1|257.97|||1|349.01|||N|Y
H3003|001|002|1|4|4|1|202.33|||1|273.14|||1|171.98|||1|232.68|||N|Y
H3003|001|002|1|5|1|2|33.0|127.79|830.61|2|33.0|172.51|1121.32|2|33.0|108.62|706.02|2|33.0|146.95|955.20|Y|Y
H3003|001|002|1|5|2|2|33.0|383.36|2491.82|2|33.0|517.53|3363.96|2|33.0|325.85|2118.05|2|33.0|440.86|2865.59|Y|Y
H3003|001|002|1|5|4|2|33.0|255.57|1661.21|2|33.0|345.02|2242.64|2|33.0|217.24|1412.03|2|33.0|293.91|1910.39|Y|Y
H3003|001|002|3|1|1|1|2.13|||1|2.88|||1|1.81|||1|2.45|||N|N
H3003|001|002|3|1|2|1|6.39|||1|8.63|||1|5.43|||1|7.35|||N|N
H3003|001|002|3|1|4|1|4.26|||1|5.75|||1|3.62|||1|4.90|||N|N
H3003|001|002|3|2|1|1|12.78|||1|17.25|||1|10.86|||1|14.70|||N|N
H3003|001|002|3|2|2|1|38.34|||1|51.75|||1|32.59|||1|44.09|||N|N
H3003|001|002|3|2|4|1|25.56|||1|34.50|||1|21.72|||1|29.39|||N|N
H3003|001|002|3|3|1|1|47.92|||1|64.69|||1|40.73|||1|55.11|||N|Y
H3003|001|002|3|3|2|1|143.76|||1|194.07|||1|122.19|||1|165.32|||N|Y
H3003|001|002|3|3|4|1|95.84|||1|129.38|||1|81.46|||1|110.22|||N|Y
H3003|001|002|3|4|1|1|101.16|||1|136.57|||1|85.99|||1|116.34|||N|Y
H3003|001|002|3|4|2|1|303.49|||1|409.71|||1|257.97|||1|349.01|||N|Y
H3003|001|002|3|4|4|1|202.33|||1|273.14|||1|171.98|||1|232.68|||N|Y
H3003|001|002|3|5|1|2|33.0|127.79|830.61|2|33.0|172.51|1121.32|2|33.0|108.62|706.02|2|33.0|146.95|955.20|Y|Y
H3003|001|002|3|5|2|2|33.0|383.36|2491.82|2|33.0|517.53|3363.96|2|33.0|325.85|2118.05|2|33.0|440.86|2865.59|Y|Y
H3003|001|002|3|5|4|2|33.0|255.57|1661.21|2|33.0|345.02|2242.64|2|33.0|217.24|1412.03|2|33.0|293.91|1910.39|Y|Y
S4004|001|000|0|1|1|1|2.70|||1|3.65|||1|2.30|||1|3.11|||N|N
S4004|001|000|0|1|2|1|8.11|||1|10.95|||1|6.90|||1|9.33|||N|N
S4004|001|000|0|1|4|1|5.41|||1|7.30|||1|4.60|||1|6.22|||N|N
S4004|001|000|0|2|1|1|16.23|||1|21.90|||1|13.79|||1|18.66|||N|N
S4004|001|000|0|2|2|1|48.68|||1|65.71|||1|41.38|||1|55.98|||N|N
S4004|001|000|0|2|4|1|32.45|||1|43.81|||1|27.58|||1|37.32|||N|N
S4004|001|000|0|3|1|1|60.85|||1|82.14|||1|51.72|||1|69.97|||N|Y
S4004|001|000|0|3|2|1|182.54|||1|246.43|||1|155.16|||1|209.92|||N|Y
S4004|001|000|0|3|4|1|121.69|||1|164.29|||1|103.44|||1|139.95|||N|Y
S4004|001|000|0|4|1|1|128.46|||1|173.41|||1|109.19|||1|147.72|||N|Y
S4004|001|000|0|4|2|1|385.37|||1|520.24|||1|327.56|||1|443.17|||N|Y
S4004|001|000|0|4|4|1|256.91|||1|346.83|||1|218.37|||1|295.45|||N|Y
S4004|001|000|0|5|1|2|33.0|162.26|1054.68|2|33.0|219.05|1423.82|2|33.0|137.92|896.48|2|33.0|186.60|1212.89|Y|Y
S4004|001|000|0|5|2|2|33.0|486.78|3164.05|2|33.0|657.15|4271.47|2|33.0|413.76|2689.45|2|33.0|559.79|3638.66|Y|Y
S4004|001|000|0|5|4|2|33.0|324.52|2109.37|2|33.0|438.10|2847.65|2|33.0|275.84|1792.96|2|33.0|373.20|2425.78|Y|Y
S4004|001|000|1|1|1|1|2.70|||1|3.65|||1|2.30|||1|3.11|||N|N
S4004|001|000|1|1|2|1|8.11|||1|10.95|||1|6.90|||1|9.33|||N|N
S4004|001|000|1|1|4|1|5.41|||1|7.30|||1|4.60|||1|6.22|||N|N
S4004|001|000|1|2|1|1|16.23|||1|21.90|||1|13.79|||1|18.66|||N|N
S4004|001|000|1|2|2|1|48.68|||1|65.71|||1|41.38|||1|55.98|||N|N
S4004|001|000|1|2|4|1|32.45|||1|43.81|||1|27.58|||1|37.32|||N|N
S4004|001|000|1|3|1|1|60.85|||1|82.14|||1|51.72|||1|69.97|||N|Y
S4004|001|000|1|3|2|1|182.54|||1|246.43|||1|155.16|||1|209.92|||N|Y
S4004|001|000|1|3|4|1|121.69|||1|164.29|||1|103.44|||1|139.95|||N|Y
S4004|001|000|1|4|1|1|128.46|||1|173.41|||1|109.19|||1|147.72|||N|Y
S4004|001|000|1|4|2|1|385.37|||1|520.24|||1|327.56|||1|443.17|||N|Y
S4004|001|000|1|4|4|1|256.91|||1|346.83|||1|218.37|||1|295.45|||N|Y
S4004|001|000|1|5|1|2|33.0|162.26|1054.68|2|33.0|219.05|1423.82|2|33.0|137.92|896.48|2|33.0|186.60|1212.89|Y|Y
S4004|001|000|1|5|2|2|33.0|486.78|3164.05|2|33.0|657.15|4271.47|2|33.0|413.76|2689.45|2|33.0|559.79|3638.66|Y|Y
S4004|001|000|1|5|4|2|33.0|324.52|2109.37|2|33.0|438.10|2847.65|2|33.0|275.84|1792.96|2|33.0|373.20|2425.78|Y|Y
S4004|001|000|3|1|1|1|2.70|||1|3.65|||1|2.30|||1|3.11|||N|N
S4004|001|000|3|1|2|1|8.11|||1|10.95|||1|6.90|||1|9.33|||N|N
S4004|001|000|3|1|4|1|5.41|||1|7.30|||1|4.60|||1|6.22|||N|N
S4004|001|000|3|2|1|1|16.23|||1|21.90|||1|13.79|||1|18.66|||N|N
S4004|001|000|3|2|2|1|48.68|||1|65.71|||1|41.38|||1|55.98|||N|N
S4004|001|000|3|2|4|1|32.45|||1|43.81|||1|27.58|||1|37.32|||N|N
S4004|001|000|3|3|1|1|60.85|||1|82.14|||1|51.72|||1|69.97|||N|Y
S4004|001|000|3|3|2|1|182.54|||1|246.43|||1|155.16|||1|209.92|||N|Y
S4004|001|000|3|3|4|1|121.69|||1|164.29|||1|103.44|||1|139.95|||N|Y
S4004|001|000|3|4|1|1|128.46|||1|173.41|||1|109.19|||1|147.72|||N|Y
S4004|001|000|3|4|2|1|385.37|||1|520.24|||1|327.56|||1|443.17|||N|Y
S4004|001|000|3|4|4|1|256.91|||1|346.83|||1|218.37|||1|295.45|||N|Y
S4004|001|000|3|5|1|2|33.0|162.26|1054.68|2|33.0|219.05|1423.82|2|33.0|137.92|896.48|2|33.0|186.60|1212.89|Y|Y
S4004|001|000|3|5|2|2|33.0|486.78|3164.05|2|33.0|657.15|4271.47|2|33.0|413.76|2689.45|2|33.0|559.79|3638.66|Y|Y
S4004|001|000|3|5|4|2|33.0|324.52|2109.37|2|33.0|438.10|2847.65|2|33.0|275.84|1792.96|2|33.0|373.20|2425.78|Y|Y
H1001|002|001|0|1|1|1|2.13|||1|2.88|||1|1.81|||1|2.45|||N|N
H1001|002|001|0|1|2|1|6.39|||1|8.63|||1|5.43|||1|7.35|||N|N
H1001|002|001|0|1|4|1|4.26|||1|5.75|||1|3.62|||1|4.90|||N|N
H1001|002|001|0|2|1|1|12.78|||1|17.25|||1|10.86|||1|14.70|||N|N
H1001|002|001|0|2|2|1|38.34|||1|51.75|||1|32.59|||1|44.09|||N|N
H1001|002|001|0|2|4|1|25.56|||1|34.50|||1|21.72|||1|29.39|||N|N
H1001|002|001|0|3|1|1|47.92|||1|64.69|||1|40.73|||1|55.11|||N|Y
H1001|002|001|0|3|2|1|143.76|||1|194.07|||1|122.19|||1|165.32|||N|Y
H1001|002|001|0|3|4|1|95.84|||1|129.38|||1|81.46|||1|110.22|||N|Y
H1001|002|001|0|4|1|1|101.16|||1|136.57|||1|85.99|||1|116.34|||N|Y
H1001|002|001|0|4|2|1|303.49|||1|409.71|||1|257.97|||1|349.01|||N|Y
H1001|002|001|0|4|4|1|202.33|||1|273.14|||1|171.98|||1|232.68|||N|Y
H1001|002|001|0|5|1|2|33.0|127.79|830.61|2|33.0|172.51|1121.32|2|33.0|108.62|706.02|2|33.0|146.95|955.20|Y|Y
H1001|002|001|0|5|2|2|33.0|383.36|2491.82|2|33.0|517.53|3363.96|2|33.0|325.85|2118.05|2|33.0|440.86|2865.59|Y|Y
H1001|002|001|0|5|4|2|33.0|255.57|1661.21|2|33.0|345.02|2242.64|2|33.0|217.24|1412.03|2|33.0|293.91|1910.39|Y|Y
H1001|002|001|1|1|1|1|2.13|||1|2.88|||1|1.81|||1|2.45|||N|N
H1001|002|001|1|1|2|1|6.39|||1|8.63|||1|5.43|||1|7.35|||N|N
H1001|002|001|1|1|4|1|4.26|||1|5.75|||1|3.62|||1|4.90|||N|N
H1001|002|001|1|2|1|1|12.78|||1|17.25|||1|10.86|||1|14.70|||N|N
H1001|002|001|1|2|2|1|38.34|||1|51.75|||1|32.59|||1|44.09|||N|N
H1001|002|001|1|2|4|1|25.56|||1|34.50|||1|21.72|||1|29.39|||N|N
H1001|002|001|1|3|1|1|47.92|||1|64.69|||1|40.73|||1|55.11|||N|Y
H1001|002|001|1|3|2|1|143.76|||1|194.07|||1|122.19|||1|165.32|||N|Y
H1001|002|001|1|3|4|1|95.84|||1|129.38|||1|81.46|||1|110.22|||N|Y
H1001|002|001|1|4|1|1|101.16|||1|136.57|||1|85.99|||1|116.34|||N|Y
H1001|002|001|1|4|2|1|303.49|||1|409.71|||1|257.97|||1|349.01|||N|Y
H1001|002|001|1|4|4|1|202.33|||1|273.14|||1|171.98|||1|232.68|||N|Y
H1001|002|001|1|5|1|2|33.0|127.79|830.61|2|33.0|172.51|1121.32|2|33.0|108.62|706.02|2|33.0|146.95|955.20|Y|Y
H1001|002|001|1|5|2|2|33.0|383.36|2491.82|2|33.0|517.53|3363.96|2|33.0|325.85|2118.05|2|33.0|440.86|2865.59|Y|Y
H1001|002|001|1|5|4|2|33.0|255.57|1661.21|2|33.0|345.02|2242.64|2|33.0|217.24|1412.03|2|33.0|293.91|1910.39|Y|Y
H1001|002|001|3|1|1|1|2.13|||1|2.88|||1|1.81|||1|2.45|||N|N
H1001|002|001|3|1|2|1|6.39|||1|8.63|||1|5.43|||1|7.35|||N|N
H1001|002|001|3|1|4|1|4.26|||1|5.75|||1|3.62|||1|4.90|||N|N
H1001|002|001|3|2|1|1|12.78|||1|17.25|||1|10.86|||1|14.70|||N|N
H1001|002|001|3|2|2|1|38.34|||1|51.75|||1|32.59|||1|44.09|||N|N
H1001|002|001|3|2|4|1|25.56|||1|34.50|||1|21.72|||1|29.39|||N|N
H1001|002|001|3|3|1|1|47.92|||1|64.69|||1|40.73|||1|55.11|||N|Y
H1001|002|001|3|3|2|1|143.76|||1|194.07|||1|122.19|||1|165.32|||N|Y
H1001|002|001|3|3|4|1|95.84|||1|129.38|||1|81.46|||1|110.22|||N|Y
H1001|002|001|3|4|1|1|101.16|||1|136.57|||1|85.99|||1|116.34|||N|Y
H1001|002|001|3|4|2|1|303.49|||1|409.71|||1|257.97|||1|349.01|||N|Y
H1001|002|001|3|4|4|1|202.33|||1|273.14|||1|171.98|||1|232.68|||N|Y
H1001|002|001|3|5|1|2|33.0|127.79|830.61|2|33.0|172.51|1121.32|2|33.0|108.62|706.02|2|33.0|146.95|955.20|Y|Y
H1001|002|001|3|5|2|2|33.0|383.36|2491.82|2|33.0|517.53|3363.96|2|33.0|325.85|2118.05|2|33.0|440.86|2865.59|Y|Y
H1001|002|001|3|5|4|2|33.0|255.57|1661.21|2|33.0|345.02|2242.64|2|33.0|217.24|1412.03|2|33.0|293.91|1910.39|Y|Y
H2002|002|002|0|1|1|1|2.54|||1|3.43|||1|2.16|||1|2.92|||N|N
H2002|002|002|0|1|2|1|7.62|||1|10.29|||1|6.48|||1|8.76|||N|N
H2002|002|002|0|1|4|1|5.08|||1|6.86|||1|4.32|||1|5.84|||N|N
H2002|002|002|0|2|1|1|15.24|||1|20.58|||1|12.95|||1|17.53|||N|N
H2002|002|002|0|2|2|1|45.72|||1|61.73|||1|38.86|||1|52.58|||N|N
H2002|002|002|0|2|4|1|30.48|||1|41.15|||1|25.91|||1|35.05|||N|N
H2002|002|002|0|3|1|1|57.15|||1|77.16|||1|48.58|||1|65.73|||N|Y
H2002|002|002|0|3|2|1|171.46|||1|231.47|||1|145.74|||1|197.18|||N|Y
H2002|002|002|0|3|4|1|114.31|||1|154.31|||1|97.16|||1|131.45|||N|Y
H2002|002|002|0|4|1|1|120.66|||1|162.89|||1|102.56|||1|138.76|||N|Y
H2002|002|002|0|4|2|1|361.97|||1|488.66|||1|307.68|||1|416.27|||N|Y
H2002|002|002|0|4|4|1|241.32|||1|325.78|||1|205.12|||1|277.51|||N|Y
H2002|002|002|0|5|1|2|33.0|152.41|990.66|2|33.0|205.75|1337.39|2|33.0|129.55|842.06|2|33.0|175.27|1139.26|Y|Y
H2002|002|002|0|5|2|2|33.0|457.23|2971.99|2|33.0|617.26|4012.18|2|33.0|388.64|2526.19|2|33.0|525.81|3417.79|Y|Y
H2002|002|002|0|5|4|2|33.0|304.82|1981.32|2|33.0|411.51|2674.79|2|33.0|259.10|1684.13|2|33.0|350.54|2278.52|Y|Y
H2002|002|002|1|1|1|1|2.54|||1|3.43|||1|2.16|||1|2.92|||N|N
H2002|002|002|1|1|2|1|7.62|||1|10.29|||1|6.48|||1|8.76|||N|N
H2002|002|002|1|1|4|1|5.08|||1|6.86|||1|4.32|||1|5.84|||N|N
H2002|002|002|1|2|1|1|15.24|||1|20.58|||1|12.95|||1|17.53|||N|N
H2002|002|002|1|2|2|1|45.72|||1|61.73|||1|38.86|||1|52.58|||N|N
H2002|002|002|1|2|4|1|30.48|||1|41.15|||1|25.91|||1|35.05|||N|N
H2002|002|002|1|3|1|1|57.15|||1|77.16|||1|48.58|||1|65.73|||N|Y
H2002|002|002|1|3|2|1|171.46|||1|231.47|||1|145.74|||1|197.18|||N|Y
H2002|002|002|1|3|4|1|114.31|||1|154.31|||1|97.16|||1|131.45|||N|Y
H2002|002|002|1|4|1|1|120.66|||1|162.89|||1|102.56|||1|138.76|||N|Y
H2002|002|002|1|4|2|1|361.97|||1|488.66|||1|307.68|||1|416.27|||N|Y
H2002|002|002|1|4|4|1|241.32|||1|325.78|||1|205.12|||1|277.51|||N|Y
H2002|002|002|1|5|1|2|33.0|152.41|990.66|2|33.0|205.75|1337.39|2|33.0|129.55|842.06|2|33.0|175.27|1139.26|Y|Y
H2002|002|002|1|5|2|2|33.0|457.23|2971.99|2|33.0|617.26|4012.18|2|33.0|388.64|2526.19|2|33.0|525.81|3417.79|Y|Y
H2002|002|002|1|5|4|2|33.0|304.82|1981.32|2|33.0|411.51|2674.79|2|33.0|259.10|1684.13|2|33.0|350.54|2278.52|Y|Y
H2002|002|002|3|1|1|1|2.54|||1|3.43|||1|2.16|||1|2.92|||N|N
H2002|002|002|3|1|2|1|7.62|||1|10.29|||1|6.48|||1|8.76|||N|N
H2002|002|002|3|1|4|1|5.08|||1|6.86|||1|4.32|||1|5.84|||N|N
H2002|002|002|3|2|1|1|15.24|||1|20.58|||1|12.95|||1|17.53|||N|N
H2002|002|002|3|2|2|1|45.72|||1|61.73|||1|38.86|||1|52.58|||N|N
H2002|002|002|3|2|4|1|30.48|||1|41.15|||1|25.91|||1|35.05|||N|N
H2002|002|002|3|3|1|1|57.15|||1|77.16|||1|48.58|||1|65.73|||N|Y
H2002|002|002|3|3|2|1|171.46|||1|231.47|||1|145.74|||1|197.18|||N|Y
H2002|002|002|3|3|4|1|114.31|||1|154.31|||1|97.16|||1|131.45|||N|Y
H2002|002|002|3|4|1|1|120.66|||1|162.89|||1|102.56|||1|138.76|||N|Y
H2002|002|002|3|4|2|1|361.97|||1|488.66|||1|307.68|||1|416.27|||N|Y
H2002|002|002|3|4|4|1|241.32|||1|325.78|||1|205.12|||1|277.51|||N|Y
H2002|002|002|3|5|1|2|33.0|152.41|990.66|2|33.0|205.75|1337.39|2|33.0|129.55|842.06|2|33.0|175.27|1139.26|Y|Y
H2002|002|002|3|5|2|2|33.0|457.23|2971.99|2|33.0|617.26|4012.18|2|33.0|388.64|2526.19|2|33.0|525.81|3417.79|Y|Y
H2002|002|002|3|5|4|2|33.0|304.82|1981.32|2|33.0|411.51|2674.79|2|33.0|259.10|1684.13|2|33.0|350.54|2278.52|Y|Y
H3003|002|000|0|1|1|1|2.21|||1|2.99|||1|1.88|||1|2.54|||N|N
H3003|002|000|0|1|2|1|6.64|||1|8.96|||1|5.64|||1|7.63|||N|N
H3003|002|000|0|1|4|1|4.42|||1|5.97|||1|3.76|||1|5.09|||N|N
H3003|002|000|0|2|1|1|13.27|||1|17.92|||1|11.28|||1|15.26|||N|N
H3003|002|000|0|2|2|1|39.81|||1|53.75|||1|33.84|||1|45.79|||N|N
H3003|002|000|0|2|4|1|26.54|||1|35.83|||1|22.56|||1|30.52|||N|N
H3003|002|000|0|3|1|1|49.77|||1|67.18|||1|42.30|||1|57.23|||N|Y
H3003|002|000|0|3|2|1|149.30|||1|201.55|||1|126.90|||1|171.69|||N|Y
H3003|002|000|0|3|4|1|99.53|||1|134.37|||1|84.60|||1|114.46|||N|Y
H3003|002|000|0|4|1|1|105.06|||1|141.83|||1|89.30|||1|120.82|||N|Y
H3003|002|000|0|4|2|1|315.19|||1|425.50|||1|267.91|||1|362.47|||N|Y
H3003|002|000|0|4|4|1|210.12|||1|283.67|||1|178.61|||1|241.64|||N|Y
H3003|002|000|0|5|1|2|33.0|132.71|862.62|2|33.0|179.16|1164.53|2|33.0|112.80|733.22|2|33.0|152.62|992.01|Y|Y
H3003|002|000|0|5|2|2|33.0|398.13|2587.85|2|33.0|537.48|3493.60|2|33.0|338.41|2199.67|2|33.0|457.85|2976.03|Y|Y
H3003|002|000|0|5|4|2|33.0|265.42|1725.24|2|33.0|358.32|2329.07|2|33.0|225.61|1466.45|2|33.0|305.23|1984.02|Y|Y
H3003|002|000|1|1|1|1|2.21|||1|2.99|||1|1.88|||1|2.54|||N|N
H3003|002|000|1|1|2|1|6.64|||1|8.96|||1|5.64|||1|7.63|||N|N
H3003|002|000|1|1|4|1|4.42|||1|5.97|||1|3.76|||1|5.09|||N|N
H3003|002|000|1|2|1|1|13.27|||1|17.92|||1|11.28|||1|15.26|||N|N
H3003|002|000|1|2|2|1|39.81|||1|53.75|||1|33.84|||1|45.79|||N|N
H3003|002|000|1|2|4|1|26.54|||1|35.83|||1|22.56|||1|30.52|||N|N
H3003|002|000|1|3|1|1|49.77|||1|67.18|||1|42.30|||1|57.23|||N|Y
H3003|002|000|1|3|2|1|149.30|||1|201.55|||1|126.90|||1|171.69|||N|Y
H3003|002|000|1|3|4|1|99.53|||1|134.37|||1|84.60|||1|114.46|||N|Y
H3003|002|000|1|4|1|1|105.06|||1|141.83|||1|89.30|||1|120.82|||N|Y
H3003|002|000|1|4|2|1|315.19|||1|425.50|||1|267.91|||1|362.47|||N|Y
H3003|002|000|1|4|4|1|210.12|||1|283.67|||1|178.61|||1|241.64|||N|Y
H3003|002|000|1|5|1|2|33.0|132.71|862.62|2|33.0|179.16|1164.53|2|33.0|112.80|733.22|2|33.0|152.62|992.01|Y|Y
H3003|002|000|1|5|2|2|33.0|398.13|2587.85|2|33.0|537.48|3493.60|2|33.0|338.41|2199.67|2|33.0|457.85|2976.03|Y|Y
H3003|002|000|1|5|4|2|33.0|265.42|1725.24|2|33.0|358.32|2329.07|2|33.0|225.61|1466.45|2|33.0|305.23|1984.02|Y|Y
H3003|002|000|3|1|1|1|2.21|||1|2.99|||1|1.88|||1|2.54|||N|N
H3003|002|000|3|1|2|1|6.64|||1|8.96|||1|5.64|||1|7.63|||N|N
H3003|002|000|3|1|4|1|4.42|||1|5.97|||1|3.76|||1|5.09|||N|N
H3003|002|000|3|2|1|1|13.27|||1|17.92|||1|11.28|||1|15.26|||N|N
H3003|002|000|3|2|2|1|39.81|||1|53.75|||1|33.84|||1|45.79|||N|N
H3003|002|000|3|2|4|1|26.54|||1|35.83|||1|22.56|||1|30.52|||N|N
H3003|002|000|3|3|1|1|49.77|||1|67.18|||1|42.30|||1|57.23|||N|Y
H3003|002|000|3|3|2|1|149.30|||1|201.55|||1|126.90|||1|171.69|||N|Y
H3003|002|000|3|3|4|1|99.53|||1|134.37|||1|84.60|||1|114.46|||N|Y
H3003|002|000|3|4|1|1|105.06|||1|141.83|||1|89.30|||1|120.82|||N|Y
H3003|002|000|3|4|2|1|315.19|||1|425.50|||1|267.91|||1|362.47|||N|Y
H3003|002|000|3|4|4|1|210.12|||1|283.67|||1|178.61|||1|241.64|||N|Y
H3003|002|000|3|5|1|2|33.0|132.71|862.62|2|33.0|179.16|1164.53|2|33.0|112.80|733.22|2|33.0|152.62|992.01|Y|Y
H3003|002|000|3|5|2|2|33.0|398.13|2587.85|2|33.0|537.48|3493.60|2|33.0|338.41|2199.67|2|33.0|457.85|2976.03|Y|Y
H3003|002|000|3|5|4|2|33.0|265.42|1725.24|2|33.0|358.32|2329.07|2|33.0|225.61|1466.45|2|33.0|305.23|1984.02|Y|Y
S4004|002|001|0|1|1|1|1.64|||1|2.21|||1|1.39|||1|1.88|||N|N
S4004|002|001|0|1|2|1|4.91|||1|6.63|||1|4.18|||1|5.65|||N|N
S4004|002|001|0|1|4|1|3.27|||1|4.42|||1|2.78|||1|3.77|||N|N
S4004|002|001|0|2|1|1|9.82|||1|13.26|||1|8.35|||1|11.30|||N|N
S4004|002|001|0|2|2|1|29.47|||1|39.79|||1|25.05|||1|33.89|||N|N
S4004|002|001|0|2|4|1|19.65|||1|26.52|||1|16.70|||1|22.59|||N|N
S4004|002|001|0|3|1|1|36.84|||1|49.73|||1|31.31|||1|42.36|||N|Y
S4004|002|001|0|3|2|1|110.52|||1|149.20|||1|93.94|||1|127.09|||N|Y
S4004|002|001|0|3|4|1|73.68|||1|99.46|||1|62.63|||1|84.73|||N|Y
S4004|002|001|0|4|1|1|77.77|||1|104.99|||1|66.11|||1|89.44|||N|Y
S4004|002|001|0|4|2|1|233.31|||1|314.97|||1|198.32|||1|268.31|||N|Y
S4004|002|001|0|4|4|1|155.54|||1|209.98|||1|132.21|||1|178.87|||N|Y
S4004|002|001|0|5|1|2|33.0|98.24|638.54|2|33.0|132.62|862.03|2|33.0|83.50|542.76|2|33.0|112.97|734.32|Y|Y
S4004|002|001|0|5|2|2|33.0|294.71|1915.62|2|33.0|397.86|2586.08|2|33.0|250.50|1628.27|2|33.0|338.92|2202.96|Y|Y
S4004|002|001|0|5|4|2|33.0|196.47|1277.08|2|33.0|265.24|1724.06|2|33.0|167.00|1085.52|2|33.0|225.94|1468.64|Y|Y
S4004|002|001|1|1|1|1|1.64|||1|2.21|||1|1.39|||1|1.88|||N|N
S4004|002|001|1|1|2|1|4.91|||1|6.63|||1|4.18|||1|5.65|||N|N
S4004|002|001|1|1|4|1|3.27|||1|4.42|||1|2.78|||1|3.77|||N|N
S4004|002|001|1|2|1|1|9.82|||1|13.26|||1|8.35|||1|11.30|||N|N
S4004|002|001|1|2|2|1|29.47|||1|39.79|||1|25.05|||1|33.89|||N|N
S4004|002|001|1|2|4|1|19.65|||1|26.52|||1|16.70|||1|22.59|||N|N
S4004|002|001|1|3|1|1|36.84|||1|49.73|||1|31.31|||1|42.36|||N|Y
S4004|002|001|1|3|2|1|110.52|||1|149.20|||1|93.94|||1|127.09|||N|Y
S4004|002|001|1|3|4|1|73.68|||1|99.46|||1|62.63|||1|84.73|||N|Y
S4004|002|001|1|4|1|1|77.77|||1|104.99|||1|66.11|||1|89.44|||N|Y
S4004|002|001|1|4|2|1|233.31|||1|314.97|||1|198.32|||1|268.31|||N|Y
S4004|002|001|1|4|4|1|155.54|||1|209.98|||1|132.21|||1|178.87|||N|Y
S4004|002|001|1|5|1|2|33.0|98.24|638.54|2|33.0|132.62|862.03|2|33.0|83.50|542.76|2|33.0|112.97|734.32|Y|Y
S4004|002|001|1|5|2|2|33.0|294.71|1915.62|2|33.0|397.86|2586.08|2|33.0|250.50|1628.27|2|33.0|338.92|2202.96|Y|Y
S4004|002|001|1|5|4|2|33.0|196.47|1277.08|2|33.0|265.24|1724.06|2|33.0|167.00|1085.52|2|33.0|225.94|1468.64|Y|Y
S4004|002|001|3|1|1|1|1.64|||1|2.21|||1|1.39|||1|1.88|||N|N
S4004|002|001|3|1|2|1|4.91|||1|6.63|||1|4.18|||1|5.65|||N|N
S4004|002|001|3|1|4|1|3.27|||1|4.42|||1|2.78|||1|3.77|||N|N
S4004|002|001|3|2|1|1|9.82|||1|13.26|||1|8.35|||1|11.30|||N|N
S4004|002|001|3|2|2|1|29.47|||1|39.79|||1|25.05|||1|33.89|||N|N
S4004|002|001|3|2|4|1|19.65|||1|26.52|||1|16.70|||1|22.59|||N|N
S4004|002|001|3|3|1|1|36.84|||1|49.73|||1|31.31|||1|42.36|||N|Y
S4004|002|001|3|3|2|1|110.52|||1|149.20|||1|93.94|||1|127.09|||N|Y
S4004|002|001|3|3|4|1|73.68|||1|99.46|||1|62.63|||1|84.73|||N|Y
S4004|002|001|3|4|1|1|77.77|||1|104.99|||1|66.11|||1|89.44|||N|Y
S4004|002|001|3|4|2|1|233.31|||1|314.97|||1|198.32|||1|268.31|||N|Y
S4004|002|001|3|4|4|1|155.54|||1|209.98|||1|132.21|||1|178.87|||N|Y
S4004|002|001|3|5|1|2|33.0|98.24|638.54|2|33.0|132.62|862.03|2|33.0|83.50|542.76|2|33.0|112.97|734.32|Y|Y
S4004|002|001|3|5|2|2|33.0|294.71|1915.62|2|33.0|397.86|2586.08|2|33.0|250.50|1628.27|2|33.0|338.92|2202.96|Y|Y
S4004|002|001|3|5|4|2|33.0|196.47|1277.08|2|33.0|265.24|1724.06|2|33.0|167.00|1085.52|2|33.0|225.94|1468.64|Y|Y
H1001|003|002|0|1|1|1|2.95|||1|3.98|||1|2.51|||1|3.39|||N|N
H1001|003|002|0|1|2|1|8.85|||1|11.95|||1|7.52|||1|10.18|||N|N
H1001|003|002|0|1|4|1|5.90|||1|7.97|||1|5.02|||1|6.79|||N|N
H1001|003|002|0|2|1|1|17.70|||1|23.90|||1|15.05|||1|20.36|||N|N
H1001|003|002|0|2|2|1|53.11|||1|71.70|||1|45.14|||1|61.08|||N|N
H1001|003|002|0|2|4|1|35.41|||1|47.80|||1|30.10|||1|40.72|||N|N
H1001|003|002|0|3|1|1|66.39|||1|89.62|||1|56.43|||1|76.35|||N|Y
H1001|003|002|0|3|2|1|199.16|||1|268.87|||1|169.29|||1|229.04|||N|Y
H1001|003|002|0|3|4|1|132.78|||1|179.25|||1|112.86|||1|152.69|||N|Y
H1001|003|002|0|4|1|1|140.15|||1|189.20|||1|119.13|||1|161.17|||N|Y
H1001|003|002|0|4|2|1|420.45|||1|567.61|||1|357.39|||1|483.52|||N|Y
H1001|003|002|0|4|4|1|280.30|||1|378.41|||1|238.26|||1|322.35|||N|Y
H1001|003|002|0|5|1|2|33.0|177.03|1150.72|2|33.0|239.00|1553.47|2|33.0|150.48|978.11|2|33.0|203.59|1323.33|Y|Y
H1001|003|002|0|5|2|2|33.0|531.10|3452.16|2|33.0|716.99|4660.41|2|33.0|451.44|2934.33|2|33.0|610.77|3969.98|Y|Y
H1001|003|002|0|5|4|2|33.0|354.07|2301.44|2|33.0|477.99|3106.94|2|33.0|300.96|1956.22|2|33.0|407.18|2646.65|Y|Y
H1001|003|002|1|1|1|1|2.95|||1|3.98|||1|2.51|||1|3.39|||N|N
H1001|003|002|1|1|2|1|8.85|||1|11.95|||1|7.52|||1|10.18|||N|N
H1001|003|002|1|1|4|1|5.90|||1|7.97|||1|5.02|||1|6.79|||N|N
H1001|003|002|1|2|1|1|17.70|||1|23.90|||1|15.05|||1|20.36|||N|N
H1001|003|002|1|2|2|1|53.11|||1|71.70|||1|45.14|||1|61.08|||N|N
H1001|003|002|1|2|4|1|35.41|||1|47.80|||1|30.10|||1|40.72|||N|N
H1001|003|002|1|3|1|1|66.39|||1|89.62|||1|56.43|||1|76.35|||N|Y
H1001|003|002|1|3|2|1|199.16|||1|268.87|||1|169.29|||1|229.04|||N|Y
H1001|003|002|1|3|4|1|132.78|||1|179.25|||1|112.86|||1|152.69|||N|Y
H1001|003|002|1|4|1|1|140.15|||1|189.20|||1|119.13|||1|161.17|||N|Y
H1001|003|002|1|4|2|1|420.45|||1|567.61|||1|357.39|||1|483.52|||N|Y
H1001|003|002|1|4|4|1|280.30|||1|378.41|||1|238.26|||1|322.35|||N|Y
H1001|003|002|1|5|1|2|33.0|177.03|1150.72|2|33.0|239.00|1553.47|2|33.0|150.48|978.11|2|33.0|203.59|1323.33|Y|Y
H1001|003|002|1|5|2|2|33.0|531.10|3452.16|2|33.0|716.99|4660.41|2|33.0|451.44|2934.33|2|33.0|610.77|3969.98|Y|Y
H1001|003|002|1|5|4|2|33.0|354.07|2301.44|2|33.0|477.99|3106.94|2|33.0|300.96|1956.22|2|33.0|407.18|2646.65|Y|Y
H1001|003|002|3|1|1|1|2.95|||1|3.98|||1|2.51|||1|3.39|||N|N
H1001|003|002|3|1|2|1|8.85|||1|11.95|||1|7.52|||1|10.18|||N|N
H1001|003|002|3|1|4|1|5.90|||1|7.97|||1|5.02|||1|6.79|||N|N
H1001|003|002|3|2|1|1|17.70|||1|23.90|||1|15.05|||1|20.36|||N|N
H1001|003|002|3|2|2|1|53.11|||1|71.70|||1|45.14|||1|61.08|||N|N
H1001|003|002|3|2|4|1|35.41|||1|47.80|||1|30.10|||1|40.72|||N|N
H1001|003|002|3|3|1|1|66.39|||1|89.62|||1|56.43|||1|76.35|||N|Y
H1001|003|002|3|3|2|1|199.16|||1|268.87|||1|169.29|||1|229.04|||N|Y
H1001|003|002|3|3|4|1|132.78|||1|179.25|||1|112.86|||1|152.69|||N|Y
H1001|003|002|3|4|1|1|140.15|||1|189.20|||1|119.13|||1|161.17|||N|Y
H1001|003|002|3|4|2|1|420.45|||1|567.61|||1|357.39|||1|483.52|||N|Y
H1001|003|002|3|4|4|1|280.30|||1|378.41|||1|238.26|||1|322.35|||N|Y
H1001|003|002|3|5|1|2|33.0|177.03|1150.72|2|33.0|239.00|1553.47|2|33.0|150.48|978.11|2|33.0|203.59|1323.33|Y|Y
H1001|003|002|3|5|2|2|33.0|531.10|3452.16|2|33.0|716.99|4660.41|2|33.0|451.44|2934.33|2|33.0|610.77|3969.98|Y|Y
H1001|003|002|3|5|4|2|33.0|354.07|2301.44|2|33.0|477.99|3106.94|2|33.0|300.96|1956.22|2|33.0|407.18|2646.65|Y|Y
H2002|003|000|0|1|1|1|2.62|||1|3.54|||1|2.23|||1|3.02|||N|N
H2002|003|000|0|1|2|1|7.87|||1|10.62|||1|6.69|||1|9.05|||N|N
H2002|003|000|0|1|4|1|5.24|||1|7.08|||1|4.46|||1|6.03|||N|N
H2002|003|000|0|2|1|1|15.73|||1|21.24|||1|13.37|||1|18.09|||N|N
H2002|003|000|0|2|2|1|47.20|||1|63.72|||1|40.12|||1|54.28|||N|N
H2002|003|000|0|2|4|1|31.47|||1|42.48|||1|26.75|||1|36.19|||N|N
H2002|003|000|0|3|1|1|59.00|||1|79.65|||1|50.15|||1|67.85|||N|Y
H2002|003|000|0|3|2|1|177.00|||1|238.95|||1|150.45|||1|203.55|||N|Y
H2002|003|000|0|3|4|1|118.00|||1|159.30|||1|100.30|||1|135.70|||N|Y
H2002|003|000|0|4|1|1|124.56|||1|168.15|||1|105.87|||1|143.24|||N|Y
H2002|003|000|0|4|2|1|373.67|||1|504.45|||1|317.62|||1|429.72|||N|Y
H2002|003|000|0|4|4|1|249.11|||1|336.30|||1|211.75|||1|286.48|||N|Y
H2002|003|000|0|5|1|2|33.0|157.33|1022.67|2|33.0|212.40|1380.61|2|33.0|133.73|869.27|2|33.0|180.93|1176.07|Y|Y
H2002|003|000|0|5|2|2|33.0|472.00|3068.02|2|33.0|637.20|4141.83|2|33.0|401.20|2607.82|2|33.0|542.80|3528.22|Y|Y
H2002|003|000|0|5|4|2|33.0|314.67|2045.35|2|33.0|424.80|2761.22|2|33.0|267.47|1738.55|2|33.0|361.87|2352.15|Y|Y
H2002|003|000|1|1|1|1|2.62|||1|3.54|||1|2.23|||1|3.02|||N|N
H2002|003|000|1|1|2|1|7.87|||1|10.62|||1|6.69|||1|9.05|||N|N
H2002|003|000|1|1|4|1|5.24|||1|7.08|||1|4.46|||1|6.03|||N|N
H2002|003|000|1|2|1|1|15.73|||1|21.24|||1|13.37|||1|18.09|||N|N
H2002|003|000|1|2|2|1|47.20|||1|63.72|||1|40.12|||1|54.28|||N|N
H2002|003|000|1|2|4|1|31.47|||1|42.48|||1|26.75|||1|36.19|||N|N
H2002|003|000|1|3|1|1|59.00|||1|79.65|||1|50.15|||1|67.85|||N|Y
H2002|003|000|1|3|2|1|177.00|||1|238.95|||1|150.45|||1|203.55|||N|Y
H2002|003|000|1|3|4|1|118.00|||1|159.30|||1|100.30|||1|135.70|||N|Y
H2002|003|000|1|4|1|1|124.56|||1|168.15|||1|105.87|||1|143.24|||N|Y
H2002|003|000|1|4|2|1|373.67|||1|504.45|||1|317.62|||1|429.72|||N|Y
H2002|003|000|1|4|4|1|249.11|||1|336.30|||1|211.75|||1|286.48|||N|Y
H2002|003|000|1|5|1|2|33.0|157.33|1022.67|2|33.0|212.40|1380.61|2|33.0|133.73|869.27|2|33.0|180.93|1176.07|Y|Y
H2002|003|000|1|5|2|2|33.0|472.00|3068.02|2|33.0|637.20|4141.83|2|33.0|401.20|2607.82|2|33.0|542.80|3528.22|Y|Y
H2002|003|000|1|5|4|2|33.0|314.67|2045.35|2|33.0|424.80|2761.22|2|33.0|267.47|1738.55|2|33.0|361.87|2352.15|Y|Y
H2002|003|000|3|1|1|1|2.62|||1|3.54|||1|2.23|||1|3.02|||N|N
H2002|003|000|3|1|2|1|7.87|||1|10.62|||1|6.69|||1|9.05|||N|N
H2002|003|000|3|1|4|1|5.24|||1|7.08|||1|4.46|||1|6.03|||N|N
H2002|003|000|3|2|1|1|15.73|||1|21.24|||1|13.37|||1|18.09|||N|N
H2002|003|000|3|2|2|1|47.20|||1|63.72|||1|40.12|||1|54.28|||N|N
H2002|003|000|3|2|4|1|31.47|||1|42.48|||1|26.75|||1|36.19|||N|N
H2002|003|000|3|3|1|1|59.00|||1|79.65|||1|50.15|||1|67.85|||N|Y
H2002|003|000|3|3|2|1|177.00|||1|238.95|||1|150.45|||1|203.55|||N|Y
H2002|003|000|3|3|4|1|118.00|||1|159.30|||1|100.30|||1|135.70|||N|Y
H2002|003|000|3|4|1|1|124.56|||1|168.15|||1|105.87|||1|143.24|||N|Y
H2002|003|000|3|4|2|1|373.67|||1|504.45|||1|317.62|||1|429.72|||N|Y
H2002|003|000|3|4|4|1|249.11|||1|336.30|||1|211.75|||1|286.48|||N|Y
H2002|003|000|3|5|1|2|33.0|157.33|1022.67|2|33.0|212.40|1380.61|2|33.0|133.73|869.27|2|33.0|180.93|1176.07|Y|Y
H2002|003|000|3|5|2|2|33.0|472.00|3068.02|2|33.0|637.20|4141.83|2|33.0|401.20|2607.82|2|33.0|542.80|3528.22|Y|Y
H2002|003|000|3|5|4|2|33.0|314.67|2045.35|2|33.0|424.80|2761.22|2|33.0|267.47|1738.55|2|33.0|361.87|2352.15|Y|Y
H3003|003|001|0|1|1|1|3.03|||1|4.09|||1|2.58|||1|3.49|||N|N
H3003|003|001|0|1|2|1|9.10|||1|12.28|||1|7.73|||1|10.46|||N|N
H3003|003|001|0|1|4|1|6.07|||1|8.19|||1|5.16|||1|6.98|||N|N
H3003|003|001|0|2|1|1|18.20|||1|24.56|||1|15.47|||1|20.93|||N|N
H3003|003|001|0|2|2|1|54.59|||1|73.69|||1|46.40|||1|62.78|||N|N
H3003|003|001|0|2|4|1|36.39|||1|49.13|||1|30.93|||1|41.85|||N|N
H3003|003|001|0|3|1|1|68.23|||1|92.12|||1|58.00|||1|78.47|||N|Y
H3003|003|001|0|3|2|1|204.70|||1|276.35|||1|174.00|||1|235.41|||N|Y
H3003|003|001|0|3|4|1|136.47|||1|184.23|||1|116.00|||1|156.94|||N|Y
H3003|003|001|0|4|1|1|144.05|||1|194.47|||1|122.44|||1|165.66|||N|Y
H3003|003|001|0|4|2|1|432.15|||1|583.40|||1|367.33|||1|496.97|||N|Y
H3003|003|001|0|4|4|1|288.10|||1|388.94|||1|244.89|||1|331.32|||N|Y
H3003|003|001|0|5|1|2|33.0|181.96|1182.73|2|33.0|245.64|1596.68|2|33.0|154.66|1005.32|2|33.0|209.25|1360.14|Y|Y
H3003|003|001|0|5|2|2|33.0|545.88|3548.19|2|33.0|736.93|4790.05|2|33.0|463.99|3015.96|2|33.0|627.76|4080.42|Y|Y
H3003|003|001|0|5|4|2|33.0|363.92|2365.46|2|33.0|491.29|3193.37|2|33.0|309.33|2010.64|2|33.0|418.50|2720.28|Y|Y
H3003|003|001|1|1|1|1|3.03|||1|4.09|||1|2.58|||1|3.49|||N|N
H3003|003|001|1|1|2|1|9.10|||1|12.28|||1|7.73|||1|10.46|||N|N
H3003|003|001|1|1|4|1|6.07|||1|8.19|||1|5.16|||1|6.98|||N|N
H3003|003|001|1|2|1|1|18.20|||1|24.56|||1|15.47|||1|20.93|||N|N
H3003|003|001|1|2|2|1|54.59|||1|73.69|||1|46.40|||1|62.78|||N|N
H3003|003|001|1|2|4|1|36.39|||1|49.13|||1|30.93|||1|41.85|||N|N
H3003|003|001|1|3|1|1|68.23|||1|92.12|||1|58.00|||1|78.47|||N|Y
H3003|003|001|1|3|2|1|204.70|||1|276.35|||1|174.00|||1|235.41|||N|Y
H3003|003|001|1|3|4|1|136.47|||1|184.23|||1|116.00|||1|156.94|||N|Y
H3003|003|001|1|4|1|1|144.05|||1|194.47|||1|122.44|||1|165.66|||N|Y
H3003|003|001|1|4|2|1|432.15|||1|583.40|||1|367.33|||1|496.97|||N|Y
H3003|003|001|1|4|4|1|288.10|||1|388.94|||1|244.89|||1|331.32|||N|Y
H3003|003|001|1|5|1|2|33.0|181.96|1182.73|2|33.0|245.64|1596.68|2|33.0|154.66|1005.32|2|33.0|209.25|1360.14|Y|Y
H3003|003|001|1|5|2|2|33.0|545.88|3548.19|2|33.0|736.93|4790.05|2|33.0|463.99|3015.96|2|33.0|627.76|4080.42|Y|Y
H3003|003|001|1|5|4|2|33.0|363.92|2365.46|2|33.0|491.29|3193.37|2|33.0|309.33|2010.64|2|33.0|418.50|2720.28|Y|Y
H3003|003|001|3|1|1|1|3.03|||1|4.09|||1|2.58|||1|3.49|||N|N
H3003|003|001|3|1|2|1|9.10|||1|12.28|||1|7.73|||1|10.46|||N|N
H3003|003|001|3|1|4|1|6.07|||1|8.19|||1|5.16|||1|6.98|||N|N
H3003|003|001|3|2|1|1|18.20|||1|24.56|||1|15.47|||1|20.93|||N|N
H3003|003|001|3|2|2|1|54.59|||1|73.69|||1|46.40|||1|62.78|||N|N
H3003|003|001|3|2|4|1|36.39|||1|49.13|||1|30.93|||1|41.85|||N|N
H3003|003|001|3|3|1|1|68.23|||1|92.12|||1|58.00|||1|78.47|||N|Y
H3003|003|001|3|3|2|1|204.70|||1|276.35|||1|174.00|||1|235.41|||N|Y
H3003|003|001|3|3|4|1|136.47|||1|184.23|||1|116.00|||1|156.94|||N|Y
H3003|003|001|3|4|1|1|144.05|||1|194.47|||1|122.44|||1|165.66|||N|Y
H3003|003|001|3|4|2|1|432.15|||1|583.40|||1|367.33|||1|496.97|||N|Y
H3003|003|001|3|4|4|1|288.10|||1|388.94|||1|244.89|||1|331.32|||N|Y
H3003|003|001|3|5|1|2|33.0|181.96|1182.73|2|33.0|245.64|1596.68|2|33.0|154.66|1005.32|2|33.0|209.25|1360.14|Y|Y
H3003|003|001|3|5|2|2|33.0|545.88|3548.19|2|33.0|736.93|4790.05|2|33.0|463.99|3015.96|2|33.0|627.76|4080.42|Y|Y
H3003|003|001|3|5|4|2|33.0|363.92|2365.46|2|33.0|491.29|3193.37|2|33.0|309.33|2010.64|2|33.0|418.50|2720.28|Y|Y
S4004|003|002|0|1|1|1|2.46|||1|3.32|||1|2.09|||1|2.83|||N|N
S4004|003|002|0|1|2|1|7.37|||1|9.96|||1|6.27|||1|8.48|||N|N
S4004|003|002|0|1|4|1|4.92|||1|6.64|||1|4.18|||1|5.65|||N|N
S4004|003|002|0|2|1|1|14.75|||1|19.91|||1|12.54|||1|16.96|||N|N
S4004|003|002|0|2|2|1|44.25|||1|59.73|||1|37.61|||1|50.88|||N|N
S4004|003|002|0|2|4|1|29.50|||1|39.82|||1|25.07|||1|33.92|||N|N
S4004|003|002|0|3|1|1|55.31|||1|74.66|||1|47.01|||1|63.60|||N|Y
S4004|003|002|0|3|2|1|165.92|||1|223.99|||1|141.03|||1|190.81|||N|Y
S4004|003|002|0|3|4|1|110.61|||1|149.33|||1|94.02|||1|127.21|||N|Y
S4004|003|002|0|4|1|1|116.76|||1|157.62|||1|99.24|||1|134.27|||N|Y
S4004|003|002|0|4|2|1|350.28|||1|472.87|||1|297.73|||1|402.82|||N|Y
S4004|003|002|0|4|4|1|233.52|||1|315.25|||1|198.49|||1|268.55|||N|Y
S4004|003|002|0|5|1|2|33.0|147.48|958.65|2|33.0|199.10|1294.18|2|33.0|125.36|814.85|2|33.0|169.61|1102.45|Y|Y
S4004|003|002|0|5|2|2|33.0|442.45|2875.95|2|33.0|597.31|3882.54|2|33.0|376.09|2444.56|2|33.0|508.82|3307.35|Y|Y
S4004|003|002|0|5|4|2|33.0|294.97|1917.30|2|33.0|398.21|2588.36|2|33.0|250.72|1629.71|2|33.0|339.22|2204.90|Y|Y
S4004|003|002|1|1|1|1|2.46|||1|3.32|||1|2.09|||1|2.83|||N|N
S4004|003|002|1|1|2|1|7.37|||1|9.96|||1|6.27|||1|8.48|||N|N
S4004|003|002|1|1|4|1|4.92|||1|6.64|||1|4.18|||1|5.65|||N|N
S4004|003|002|1|2|1|1|14.75|||1|19.91|||1|12.54|||1|16.96|||N|N
S4004|003|002|1|2|2|1|44.25|||1|59.73|||1|37.61|||1|50.88|||N|N
S4004|003|002|1|2|4|1|29.50|||1|39.82|||1|25.07|||1|33.92|||N|N
S4004|003|002|1|3|1|1|55.31|||1|74.66|||1|47.01|||1|63.60|||N|Y
S4004|003|002|1|3|2|1|165.92|||1|223.99|||1|141.03|||1|190.81|||N|Y
S4004|003|002|1|3|4|1|110.61|||1|149.33|||1|94.02|||1|127.21|||N|Y
S4004|003|002|1|4|1|1|116.76|||1|157.62|||1|99.24|||1|134.27|||N|Y
S4004|003|002|1|4|2|1|350.28|||1|472.87|||1|297.73|||1|402.82|||N|Y
S4004|003|002|1|4|4|1|233.52|||1|315.25|||1|198.49|||1|268.55|||N|Y
S4004|003|002|1|5|1|2|33.0|147.48|958.65|2|33.0|199.10|1294.18|2|33.0|125.36|814.85|2|33.0|169.61|1102.45|Y|Y
S4004|003|002|1|5|2|2|33.0|442.45|2875.95|2|33.0|597.31|3882.54|2|33.0|376.09|2444.56|2|33.0|508.82|3307.35|Y|Y
S4004|003|002|1|5|4|2|33.0|294.97|1917.30|2|33.0|398.21|2588.36|2|33.0|250.72|1629.71|2|33.0|339.22|2204.90|Y|Y
S4004|003|002|3|1|1|1|2.46|||1|3.32|||1|2.09|||1|2.83|||N|N
S4004|003|002|3|1|2|1|7.37|||1|9.96|||1|6.27|||1|8.48|||N|N
S4004|003|002|3|1|4|1|4.92|||1|6.64|||1|4.18|||1|5.65|||N|N
S4004|003|002|3|2|1|1|14.75|||1|19.91|||1|12.54|||1|16.96|||N|N
S4004|003|002|3|2|2|1|44.25|||1|59.73|||1|37.61|||1|50.88|||N|N
S4004|003|002|3|2|4|1|29.50|||1|39.82|||1|25.07|||1|33.92|||N|N
S4004|003|002|3|3|1|1|55.31|||1|74.66|||1|47.01|||1|63.60|||N|Y
S4004|003|002|3|3|2|1|165.92|||1|223.99|||1|141.03|||1|190.81|||N|Y
S4004|003|002|3|3|4|1|110.61|||1|149.33|||1|94.02|||1|127.21|||N|Y
S4004|003|002|3|4|1|1|116.76|||1|157.62|||1|99.24|||1|134.27|||N|Y
S4004|003|002|3|4|2|1|350.28|||1|472.87|||1|297.73|||1|402.82|||N|Y
S4004|003|002|3|4|4|1|233.52|||1|315.25|||1|198.49|||1|268.55|||N|Y
S4004|003|002|3|5|1|2|33.0|147.48|958.65|2|33.0|199.10|1294.18|2|33.0|125.36|814.85|2|33.0|169.61|1102.45|Y|Y
S4004|003|002|3|5|2|2|33.0|442.45|2875.95|2|33.0|597.31|3882.54|2|33.0|376.09|2444.56|2|33.0|508.82|3307.35|Y|Y
S4004|003|002|3|5|4|2|33.0|294.97|1917.30|2|33.0|398.21|2588.36|2|33.0|250.72|1629.71|2|33.0|339.22|2204.90|Y|Y
H1001|004|000|0|1|1|1|3.03|||1|4.09|||1|2.58|||1|3.49|||N|N
H1001|004|000|0|1|2|1|9.10|||1|12.28|||1|7.73|||1|10.46|||N|N
H1001|004|000|0|1|4|1|6.07|||1|8.19|||1|5.16|||1|6.98|||N|N
H1001|004|000|0|2|1|1|18.20|||1|24.56|||1|15.47|||1|20.93|||N|N
H1001|004|000|0|2|2|1|54.59|||1|73.69|||1|46.40|||1|62.78|||N|N
H1001|004|000|0|2|4|1|36.39|||1|49.13|||1|30.93|||1|41.85|||N|N
H1001|004|000|0|3|1|1|68.23|||1|92.12|||1|58.00|||1|78.47|||N|Y
H1001|004|000|0|3|2|1|204.70|||1|276.35|||1|174.00|||1|235.41|||N|Y
H1001|004|000|0|3|4|1|136.47|||1|184.23|||1|116.00|||1|156.94|||N|Y
H1001|004|000|0|4|1|1|144.05|||1|194.47|||1|122.44|||1|165.66|||N|Y
H1001|004|000|0|4|2|1|432.15|||1|583.40|||1|367.33|||1|496.97|||N|Y
H1001|004|000|0|4|4|1|288.10|||1|388.94|||1|244.89|||1|331.32|||N|Y
H1001|004|000|0|5|1|2|33.0|181.96|1182.73|2|33.0|245.64|1596.68|2|33.0|154.66|1005.32|2|33.0|209.25|1360.14|Y|Y
H1001|004|000|0|5|2|2|33.0|545.88|3548.19|2|33.0|736.93|4790.05|2|33.0|463.99|3015.96|2|33.0|627.76|4080.42|Y|Y
H1001|004|000|0|5|4|2|33.0|363.92|2365.46|2|33.0|491.29|3193.37|2|33.0|309.33|2010.64|2|33.0|418.50|2720.28|Y|Y
H1001|004|000|1|1|1|1|3.03|||1|4.09|||1|2.58|||1|3.49|||N|N
H1001|004|000|1|1|2|1|9.10|||1|12.28|||1|7.73|||1|10.46|||N|N
H1001|004|000|1|1|4|1|6.07|||1|8.19|||1|5.16|||1|6.98|||N|N
H1001|004|000|1|2|1|1|18.20|||1|24.56|||1|15.47|||1|20.93|||N|N
H1001|004|000|1|2|2|1|54.59|||1|73.69|||1|46.40|||1|62.78|||N|N
H1001|004|000|1|2|4|1|36.39|||1|49.13|||1|30.93|||1|41.85|||N|N
H1001|004|000|1|3|1|1|68.23|||1|92.12|||1|58.00|||1|78.47|||N|Y
H1001|004|000|1|3|2|1|204.70|||1|276.35|||1|174.00|||1|235.41|||N|Y
H1001|004|000|1|3|4|1|136.47|||1|184.23|||1|116.00|||1|156.94|||N|Y
H1001|004|000|1|4|1|1|144.05|||1|194.47|||1|122.44|||1|165.66|||N|Y
H1001|004|000|1|4|2|1|432.15|||1|583.40|||1|367.33|||1|496.97|||N|Y
H1001|004|000|1|4|4|1|288.10|||1|388.94|||1|244.89|||1|331.32|||N|Y
H1001|004|000|1|5|1|2|33.0|181.96|1182.73|2|33.0|245.64|1596.68|2|33.0|154.66|1005.32|2|33.0|209.25|1360.14|Y|Y
H1001|004|000|1|5|2|2|33.0|545.88|3548.19|2|33.0|736.93|4790.05|2|33.0|463.99|3015.96|2|33.0|627.76|4080.42|Y|Y
H1001|004|000|1|5|4|2|33.0|363.92|2365.46|2|33.0|491.29|3193.37|2|33.0|309.33|2010.64|2|33.0|418.50|2720.28|Y|Y
H1001|004|000|3|1|1|1|3.03|||1|4.09|||1|2.58|||1|3.49|||N|N
H1001|004|000|3|1|2|1|9.10|||1|12.28|||1|7.73|||1|10.46|||N|N
H1001|004|000|3|1|4|1|6.07|||1|8.19|||1|5.16|||1|6.98|||N|N
H1001|004|000|3|2|1|1|18.20|||1|24.56|||1|15.47|||1|20.93|||N|N
H1001|004|000|3|2|2|1|54.59|||1|73.69|||1|46.40|||1|62.78|||N|N
H1001|004|000|3|2|4|1|36.39|||1|49.13|||1|30.93|||1|41.85|||N|N
H1001|004|000|3|3|1|1|68.23|||1|92.12|||1|58.00|||1|78.47|||N|Y
H1001|004|000|3|3|2|1|204.70|||1|276.35|||1|174.00|||1|235.41|||N|Y
H1001|004|000|3|3|4|1|136.47|||1|184.23|||1|116.00|||1|156.94|||N|Y
H1001|004|000|3|4|1|1|144.05|||1|194.47|||1|122.44|||1|165.66|||N|Y
H1001|004|000|3|4|2|1|432.15|||1|583.40|||1|367.33|||1|496.97|||N|Y
H1001|004|000|3|4|4|1|288.10|||1|388.94|||1|244.89|||1|331.32|||N|Y
H1001|004|000|3|5|1|2|33.0|181.96|1182.73|2|33.0|245.64|1596.68|2|33.0|154.66|1005.32|2|33.0|209.25|1360.14|Y|Y
H1001|004|000|3|5|2|2|33.0|545.88|3548.19|2|33.0|736.93|4790.05|2|33.0|463.99|3015.96|2|33.0|627.76|4080.42|Y|Y
H1001|004|000|3|5|4|2|33.0|363.92|2365.46|2|33.0|491.29|3193.37|2|33.0|309.33|2010.64|2|33.0|418.50|2720.28|Y|Y
H2002|004|001|0|1|1|1|1.56|||1|2.10|||1|1.32|||1|1.79|||N|N
H2002|004|001|0|1|2|1|4.67|||1|6.30|||1|3.97|||1|5.37|||N|N
H2002|004|001|0|1|4|1|3.11|||1|4.20|||1|2.64|||1|3.58|||N|N
H2002|004|001|0|2|1|1|9.33|||1|12.60|||1|7.93|||1|10.73|||N|N
H2002|004|001|0|2|2|1|27.99|||1|37.79|||1|23.79|||1|32.19|||N|N
H2002|004|001|0|2|4|1|18.66|||1|25.19|||1|15.86|||1|21.46|||N|N
H2002|004|001|0|3|1|1|34.99|||1|47.24|||1|29.74|||1|40.24|||N|Y
H2002|004|001|0|3|2|1|104.98|||1|141.72|||1|89.23|||1|120.72|||N|Y
H2002|004|001|0|3|4|1|69.98|||1|94.48|||1|59.49|||1|80.48|||N|Y
H2002|004|001|0|4|1|1|73.87|||1|99.73|||1|62.79|||1|84.95|||N|Y
H2002|004|001|0|4|2|1|221.62|||1|299.18|||1|188.37|||1|254.86|||N|Y
H2002|004|001|0|4|4|1|147.74|||1|199.45|||1|125.58|||1|169.91|||N|Y
H2002|004|001|0|5|1|2|33.0|93.31|606.53|2|33.0|125.97|818.81|2|33.0|79.32|515.55|2|33.0|107.31|697.51|Y|Y
H2002|004|001|0|5|2|2|33.0|279.94|1819.58|2|33.0|377.91|2456.44|2|33.0|237.95|1546.65|2|33.0|321.93|2092.52|Y|Y
H2002|004|001|0|5|4|2|33.0|186.62|1213.06|2|33.0|251.94|1637.63|2|33.0|158.63|1031.10|2|33.0|214.62|1395.01|Y|Y
H2002|004|001|1|1|1|1|1.56|||1|2.10|||1|1.32|||1|1.79|||N|N
H2002|004|001|1|1|2|1|4.67|||1|6.30|||1|3.97|||1|5.37|||N|N
H2002|004|001|1|1|4|1|3.11|||1|4.20|||1|2.64|||1|3.58|||N|N
H2002|004|001|1|2|1|1|9.33|||1|12.60|||1|7.93|||1|10.73|||N|N
H2002|004|001|1|2|2|1|27.99|||1|37.79|||1|23.79|||1|32.19|||N|N
H2002|004|001|1|2|4|1|18.66|||1|25.19|||1|15.86|||1|21.46|||N|N
H2002|004|001|1|3|1|1|34.99|||1|47.24|||1|29.74|||1|40.24|||N|Y
H2002|004|001|1|3|2|1|104.98|||1|141.72|||1|89.23|||1|120.72|||N|Y
H2002|004|001|1|3|4|1|69.98|||1|94.48|||1|59.49|||1|80.48|||N|Y
H2002|004|001|1|4|1|1|73.87|||1|99.73|||1|62.79|||1|84.95|||N|Y
H2002|004|001|1|4|2|1|221.62|||1|299.18|||1|188.37|||1|254.86|||N|Y
H2002|004|001|1|4|4|1|147.74|||1|199.45|||1|125.58|||1|169.91|||N|Y
H2002|004|001|1|5|1|2|33.0|93.31|606.53|2|33.0|125.97|818.81|2|33.0|79.32|515.55|2|33.0|107.31|697.51|Y|Y
H2002|004|001|1|5|2|2|33.0|279.94|1819.58|2|33.0|377.91|2456.44|2|33.0|237.95|1546.65|2|33.0|321.93|2092.52|Y|Y
H2002|004|001|1|5|4|2|33.0|186.62|1213.06|2|33.0|251.94|1637.63|2|33.0|158.63|1031.10|2|33.0|214.62|1395.01|Y|Y
H2002|004|001|3|1|1|1|1.56|||1|2.10|||1|1.32|||1|1.79|||N|N
H2002|004|001|3|1|2|1|4.67|||1|6.30|||1|3.97|||1|5.37|||N|N
H2002|004|001|3|1|4|1|3.11|||1|4.20|||1|2.64|||1|3.58|||N|N
H2002|004|001|3|2|1|1|9.33|||1|12.60|||1|7.93|||1|10.73|||N|N
H2002|004|001|3|2|2|1|27.99|||1|37.79|||1|23.79|||1|32.19|||N|N
H2002|004|001|3|2|4|1|18.66|||1|25.19|||1|15.86|||1|21.46|||N|N
H2002|004|001|3|3|1|1|34.99|||1|47.24|||1|29.74|||1|40.24|||N|Y
H2002|004|001|3|3|2|1|104.98|||1|141.72|||1|89.23|||1|120.72|||N|Y
H2002|004|001|3|3|4|1|69.98|||1|94.48|||1|59.49|||1|80.48|||N|Y
H2002|004|001|3|4|1|1|73.87|||1|99.73|||1|62.79|||1|84.95|||N|Y
H2002|004|001|3|4|2|1|221.62|||1|299.18|||1|188.37|||1|254.86|||N|Y
H2002|004|001|3|4|4|1|147.74|||1|199.45|||1|125.58|||1|169.91|||N|Y
H2002|004|001|3|5|1|2|33.0|93.31|606.53|2|33.0|125.97|818.81|2|33.0|79.32|515.55|2|33.0|107.31|697.51|Y|Y
H2002|004|001|3|5|2|2|33.0|279.94|1819.58|2|33.0|377.91|2456.44|2|33.0|237.95|1546.65|2|33.0|321.93|2092.52|Y|Y
H2002|004|001|3|5|4|2|33.0|186.62|1213.06|2|33.0|251.94|1637.63|2|33.0|158.63|1031.10|2|33.0|214.62|1395.01|Y|Y
H3003|004|002|0|1|1|1|1.97|||1|2.65|||1|1.67|||1|2.26|||N|N
H3003|004|002|0|1|2|1|5.90|||1|7.96|||1|5.01|||1|6.78|||N|N
H3003|004|002|0|1|4|1|3.93|||1|5.31|||1|3.34|||1|4.52|||N|N
H3003|004|002|0|2|1|1|11.79|||1|15.92|||1|10.02|||1|13.56|||N|N
H3003|004|002|0|2|2|1|35.38|||1|47.76|||1|30.07|||1|40.69|||N|N
H3003|004|002|0|2|4|1|23.59|||1|31.84|||1|20.05|||1|27.13|||N|N
H3003|004|002|0|3|1|1|44.23|||1|59.71|||1|37.59|||1|50.86|||N|Y
H3003|004|002|0|3|2|1|132.68|||1|179.12|||1|112.78|||1|152.58|||N|Y
H3003|004|002|0|3|4|1|88.45|||1|119.41|||1|75.18|||1|101.72|||N|Y
H3003|004|002|0|4|1|1|93.37|||1|126.04|||1|79.36|||1|107.37|||N|Y
H3003|004|002|0|4|2|1|280.10|||1|378.13|||1|238.08|||1|322.11|||N|Y
H3003|004|002|0|4|4|1|186.73|||1|252.09|||1|158.72|||1|214.74|||N|Y
H3003|004|002|0|5|1|2|33.0|117.94|766.58|2|33.0|159.21|1034.89|2|33.0|100.25|651.60|2|33.0|135.63|881.57|Y|Y
H3003|004|002|0|5|2|2|33.0|353.81|2299.75|2|33.0|477.64|3104.67|2|33.0|300.74|1954.79|2|33.0|406.88|2644.71|Y|Y
H3003|004|002|0|5|4|2|33.0|235.87|1533.17|2|33.0|318.43|2069.78|2|33.0|200.49|1303.19|2|33.0|271.25|1763.14|Y|Y
H3003|004|002|1|1|1|1|1.97|||1|2.65|||1|1.67|||1|2.26|||N|N
H3003|004|002|1|1|2|1|5.90|||1|7.96|||1|5.01|||1|6.78|||N|N
H3003|004|002|1|1|4|1|3.93|||1|5.31|||1|3.34|||1|4.52|||N|N
H3003|004|002|1|2|1|1|11.79|||1|15.92|||1|10.02|||1|13.56|||N|N
H3003|004|002|1|2|2|1|35.38|||1|47.76|||1|30.07|||1|40.69|||N|N
H3003|004|002|1|2|4|1|23.59|||1|31.84|||1|20.05|||1|27.13|||N|N
H3003|004|002|1|3|1|1|44.23|||1|59.71|||1|37.59|||1|50.86|||N|Y
H3003|004|002|1|3|2|1|132.68|||1|179.12|||1|112.78|||1|152.58|||N|Y
H3003|004|002|1|3|4|1|88.45|||1|119.41|||1|75.18|||1|101.72|||N|Y
H3003|004|002|1|4|1|1|93.37|||1|126.04|||1|79.36|||1|107.37|||N|Y
H3003|004|002|1|4|2|1|280.10|||1|378.13|||1|238.08|||1|322.11|||N|Y
H3003|004|002|1|4|4|1|186.73|||1|252.09|||1|158.72|||1|214.74|||N|Y
H3003|004|002|1|5|1|2|33.0|117.94|766.58|2|33.0|159.21|1034.89|2|33.0|100.25|651.60|2|33.0|135.63|881.57|Y|Y
H3003|004|002|1|5|2|2|33.0|353.81|2299.75|2|33.0|477.64|3104.67|2|33.0|300.74|1954.79|2|33.0|406.88|2644.71|Y|Y
H3003|004|002|1|5|4|2|33.0|235.87|1533.17|2|33.0|318.43|2069.78|2|33.0|200.49|1303.19|2|33.0|271.25|1763.14|Y|Y
H3003|004|002|3|1|1|1|1.97|||1|2.65|||1|1.67|||1|2.26|||N|N
H3003|004|002|3|1|2|1|5.90|||1|7.96|||1|5.01|||1|6.78|||N|N
H3003|004|002|3|1|4|1|3.93|||1|5.31|||1|3.34|||1|4.52|||N|N
H3003|004|002|3|2|1|1|11.79|||1|15.92|||1|10.02|||1|13.56|||N|N
H3003|004|002|3|2|2|1|35.38|||1|47.76|||1|30.07|||1|40.69|||N|N
H3003|004|002|3|2|4|1|23.59|||1|31.84|||1|20.05|||1|27.13|||N|N
H3003|004|002|3|3|1|1|44.23|||1|59.71|||1|37.59|||1|50.86|||N|Y
H3003|004|002|3|3|2|1|132.68|||1|179.12|||1|112.78|||1|152.58|||N|Y
H3003|004|002|3|3|4|1|88.45|||1|119.41|||1|75.18|||1|101.72|||N|Y
H3003|004|002|3|4|1|1|93.37|||1|126.04|||1|79.36|||1|107.37|||N|Y
H3003|004|002|3|4|2|1|280.10|||1|378.13|||1|238.08|||1|322.11|||N|Y
H3003|004|002|3|4|4|1|186.73|||1|252.09|||1|158.72|||1|214.74|||N|Y
H3003|004|002|3|5|1|2|33.0|117.94|766.58|2|33.0|159.21|1034.89|2|33.0|100.25|651.60|2|33.0|135.63|881.57|Y|Y
H3003|004|002|3|5|2|2|33.0|353.81|2299.75|2|33.0|477.64|3104.67|2|33.0|300.74|1954.79|2|33.0|406.88|2644.71|Y|Y
H3003|004|002|3|5|4|2|33.0|235.87|1533.17|2|33.0|318.43|2069.78|2|33.0|200.49|1303.19|2|33.0|271.25|1763.14|Y|Y
S4004|004|000|0|1|1|1|2.54|||1|3.43|||1|2.16|||1|2.92|||N|N
S4004|004|000|0|1|2|1|7.62|||1|10.29|||1|6.48|||1|8.76|||N|N
S4004|004|000|0|1|4|1|5.08|||1|6.86|||1|4.32|||1|5.84|||N|N
S4004|004|000|0|2|1|1|15.24|||1|20.58|||1|12.95|||1|17.53|||N|N
S4004|004|000|0|2|2|1|45.72|||1|61.73|||1|38.86|||1|52.58|||N|N
S4004|004|000|0|2|4|1|30.48|||1|41.15|||1|25.91|||1|35.05|||N|N
S4004|004|000|0|3|1|1|57.15|||1|77.16|||1|48.58|||1|65.73|||N|Y
S4004|004|000|0|3|2|1|171.46|||1|231.47|||1|145.74|||1|197.18|||N|Y
S4004|004|000|0|3|4|1|114.31|||1|154.31|||1|97.16|||1|131.45|||N|Y
S4004|004|000|0|4|1|1|120.66|||1|162.89|||1|102.56|||1|138.76|||N|Y
S4004|004|000|0|4|2|1|361.97|||1|488.66|||1|307.68|||1|416.27|||N|Y
S4004|004|000|0|4|4|1|241.32|||1|325.78|||1|205.12|||1|277.51|||N|Y
S4004|004|000|0|5|1|2|33.0|152.41|990.66|2|33.0|205.75|1337.39|2|33.0|129.55|842.06|2|33.0|175.27|1139.26|Y|Y
S4004|004|000|0|5|2|2|33.0|457.23|2971.99|2|33.0|617.26|4012.18|2|33.0|388.64|2526.19|2|33.0|525.81|3417.79|Y|Y
S4004|004|000|0|5|4|2|33.0|304.82|1981.32|2|33.0|411.51|2674.79|2|33.0|259.10|1684.13|2|33.0|350.54|2278.52|Y|Y
S4004|004|000|1|1|1|1|2.54|||1|3.43|||1|2.16|||1|2.92|||N|N
S4004|004|000|1|1|2|1|7.62|||1|10.29|||1|6.48|||1|8.76|||N|N
S4004|004|000|1|1|4|1|5.08|||1|6.86|||1|4.32|||1|5.84|||N|N
S4004|004|000|1|2|1|1|15.24|||1|20.58|||1|12.95|||1|17.53|||N|N
S4004|004|000|1|2|2|1|45.72|||1|61.73|||1|38.86|||1|52.58|||N|N
S4004|004|000|1|2|4|1|30.48|||1|41.15|||1|25.91|||1|35.05|||N|N
S4004|004|000|1|3|1|1|57.15|||1|77.16|||1|48.58|||1|65.73|||N|Y
S4004|004|000|1|3|2|1|171.46|||1|231.47|||1|145.74|||1|197.18|||N|Y
S4004|004|000|1|3|4|1|114.31|||1|154.31|||1|97.16|||1|131.45|||N|Y
S4004|004|000|1|4|1|1|120.66|||1|162.89|||1|102.56|||1|138.76|||N|Y
S4004|004|000|1|4|2|1|361.97|||1|488.66|||1|307.68|||1|416.27|||N|Y
S4004|004|000|1|4|4|1|241.32|||1|325.78|||1|205.12|||1|277.51|||N|Y
S4004|004|000|1|5|1|2|33.0|152.41|990.66|2|33.0|205.75|1337.39|2|33.0|129.55|842.06|2|33.0|175.27|1139.26|Y|Y
S4004|004|000|1|5|2|2|33.0|457.23|2971.99|2|33.0|617.26|4012.18|2|33.0|388.64|2526.19|2|33.0|525.81|3417.79|Y|Y
S4004|004|000|1|5|4|2|33.0|304.82|1981.32|2|33.0|411.51|2674.79|2|33.0|259.10|1684.13|2|33.0|350.54|2278.52|Y|Y
S4004|004|000|3|1|1|1|2.54|||1|3.43|||1|2.16|||1|2.92|||N|N
S4004|004|000|3|1|2|1|7.62|||1|10.29|||1|6.48|||1|8.76|||N|N
S4004|004|000|3|1|4|1|5.08|||1|6.86|||1|4.32|||1|5.84|||N|N
S4004|004|000|3|2|1|1|15.24|||1|20.58|||1|12.95|||1|17.53|||N|N
S4004|004|000|3|2|2|1|45.72|||1|61.73|||1|38.86|||1|52.58|||N|N
S4004|004|000|3|2|4|1|30.48|||1|41.15|||1|25.91|||1|35.05|||N|N
S4004|004|000|3|3|1|1|57.15|||1|77.16|||1|48.58|||1|65.73|||N|Y
S4004|004|000|3|3|2|1|171.46|||1|231.47|||1|145.74|||1|197.18|||N|Y
S4004|004|000|3|3|4|1|114.31|||1|154.31|||1|97.16|||1|131.45|||N|Y
S4004|004|000|3|4|1|1|120.66|||1|162.89|||1|102.56|||1|138.76|||N|Y
S4004|004|000|3|4|2|1|361.97|||1|488.66|||1|307.68|||1|416.27|||N|Y
S4004|004|000|3|4|4|1|241.32|||1|325.78|||1|205.12|||1|277.51|||N|Y
S4004|004|000|3|5|1|2|33.0|152.41|990.66|2|33.0|205.75|1337.39|2|33.0|129.55|842.06|2|33.0|175.27|1139.26|Y|Y
S4004|004|000|3|5|2|2|33.0|457.23|2971.99|2|33.0|617.26|4012.18|2|33.0|388.64|2526.19|2|33.0|525.81|3417.79|Y|Y
S4004|004|000|3|5|4|2|33.0|304.82|1981.32|2|33.0|411.51|2674.79|2|33.0|259.10|1684.13|2|33.0|350.54|2278.52|Y|Y
H1001|005|001|0|1|1|1|1.97|||1|2.65|||1|1.67|||1|2.26|||N|N
H1001|005|001|0|1|2|1|5.90|||1|7.96|||1|5.01|||1|6.78|||N|N
H1001|005|001|0|1|4|1|3.93|||1|5.31|||1|3.34|||1|4.52|||N|N
H1001|005|001|0|2|1|1|11.79|||1|15.92|||1|10.02|||1|13.56|||N|N
H1001|005|001|0|2|2|1|35.38|||1|47.76|||1|30.07|||1|40.69|||N|N
H1001|005|001|0|2|4|1|23.59|||1|31.84|||1|20.05|||1|27.13|||N|N
H1001|005|001|0|3|1|1|44.23|||1|59.71|||1|37.59|||1|50.86|||N|Y
H1001|005|001|0|3|2|1|132.68|||1|179.12|||1|112.78|||1|152.58|||N|Y
H1001|005|001|0|3|4|1|88.45|||1|119.41|||1|75.18|||1|101.72|||N|Y
H1001|005|001|0|4|1|1|93.37|||1|126.04|||1|79.36|||1|107.37|||N|Y
H1001|005|001|0|4|2|1|280.10|||1|378.13|||1|238.08|||1|322.11|||N|Y
H1001|005|001|0|4|4|1|186.73|||1|252.09|||1|158.72|||1|214.74|||N|Y
H1001|005|001|0|5|1|2|33.0|117.94|766.58|2|33.0|159.21|1034.89|2|33.0|100.25|651.60|2|33.0|135.63|881.57|Y|Y
H1001|005|001|0|5|2|2|33.0|353.81|2299.75|2|33.0|477.64|3104.67|2|33.0|300.74|1954.79|2|33.0|406.88|2644.71|Y|Y
H1001|005|001|0|5|4|2|33.0|235.87|1533.17|2|33.0|318.43|2069.78|2|33.0|200.49|1303.19|2|33.0|271.25|1763.14|Y|Y
H1001|005|001|1|1|1|1|1.97|||1|2.65|||1|1.67|||1|2.26|||N|N
H1001|005|001|1|1|2|1|5.90|||1|7.96|||1|5.01|||1|6.78|||N|N
H1001|005|001|1|1|4|1|3.93|||1|5.31|||1|3.34|||1|4.52|||N|N
H1001|005|001|1|2|1|1|11.79|||1|15.92|||1|10.02|||1|13.56|||N|N
H1001|005|001|1|2|2|1|35.38|||1|47.76|||1|30.07|||1|40.69|||N|N
H1001|005|001|1|2|4|1|23.59|||1|31.84|||1|20.05|||1|27.13|||N|N
H1001|005|001|1|3|1|1|44.23|||1|59.71|||1|37.59|||1|50.86|||N|Y
H1001|005|001|1|3|2|1|132.68|||1|179.12|||1|112.78|||1|152.58|||N|Y
H1001|005|001|1|3|4|1|88.45|||1|119.41|||1|75.18|||1|101.72|||N|Y
H1001|005|001|1|4|1|1|93.37|||1|126.04|||1|79.36|||1|107.37|||N|Y
H1001|005|001|1|4|2|1|280.10|||1|378.13|||1|238.08|||1|322.11|||N|Y
H1001|005|001|1|4|4|1|186.73|||1|252.09|||1|158.72|||1|214.74|||N|Y
H1001|005|001|1|5|1|2|33.0|117.94|766.58|2|33.0|159.21|1034.89|2|33.0|100.25|651.60|2|33.0|135.63|881.57|Y|Y
H1001|005|001|1|5|2|2|33.0|353.81|2299.75|2|33.0|477.64|3104.67|2|33.0|300.74|1954.79|2|33.0|406.88|2644.71|Y|Y
H1001|005|001|1|5|4|2|33.0|235.87|1533.17|2|33.0|318.43|2069.78|2|33.0|200.49|1303.19|2|33.0|271.25|1763.14|Y|Y
H1001|005|001|3|1|1|1|1.97|||1|2.65|||1|1.67|||1|2.26|||N|N
H1001|005|001|3|1|2|1|5.90|||1|7.96|||1|5.01|||1|6.78|||N|N
H1001|005|001|3|1|4|1|3.93|||1|5.31|||1|3.34|||1|4.52|||N|N
H1001|005|001|3|2|1|1|11.79|||1|15.92|||1|10.02|||1|13.56|||N|N
H1001|005|001|3|2|2|1|35.38|||1|47.76|||1|30.07|||1|40.69|||N|N
H1001|005|001|3|2|4|1|23.59|||1|31.84|||1|20.05|||1|27.13|||N|N
H1001|005|001|3|3|1|1|44.23|||1|59.71|||1|37.59|||1|50.86|||N|Y
H1001|005|001|3|3|2|1|132.68|||1|179.12|||1|112.78|||1|152.58|||N|Y
H1001|005|001|3|3|4|1|88.45|||1|119.41|||1|75.18|||1|101.72|||N|Y
H1001|005|001|3|4|1|1|93.37|||1|126.04|||1|79.36|||1|107.37|||N|Y
H1001|005|001|3|4|2|1|280.10|||1|378.13|||1|238.08|||1|322.11|||N|Y
H1001|005|001|3|4|4|1|186.73|||1|252.09|||1|158.72|||1|214.74|||N|Y
H1001|005|001|3|5|1|2|33.0|117.94|766.58|2|33.0|159.21|1034.89|2|33.0|100.25|651.60|2|33.0|135.63|881.57|Y|Y
H1001|005|001|3|5|2|2|33.0|353.81|2299.75|2|33.0|477.64|3104.67|2|33.0|300.74|1954.79|2|33.0|406.88|2644.71|Y|Y
H1001|005|001|3|5|4|2|33.0|235.87|1533.17|2|33.0|318.43|2069.78|2|33.0|200.49|1303.19|2|33.0|271.25|1763.14|Y|Y
H2002|005|002|0|1|1|1|2.38|||1|3.21|||1|2.02|||1|2.73|||N|N
H2002|005|002|0|1|2|1|7.13|||1|9.62|||1|6.06|||1|8.20|||N|N
H2002|005|002|0|1|4|1|4.75|||1|6.42|||1|4.04|||1|5.46|||N|N
H2002|005|002|0|2|1|1|14.26|||1|19.25|||1|12.12|||1|16.39|||N|N
H2002|005|002|0|2|2|1|42.77|||1|57.74|||1|36.35|||1|49.18|||N|N
H2002|005|002|0|2|4|1|28.51|||1|38.49|||1|24.24|||1|32.79|||N|N
H2002|005|002|0|3|1|1|53.46|||1|72.17|||1|45.44|||1|61.48|||N|Y
H2002|005|002|0|3|2|1|160.38|||1|216.51|||1|136.32|||1|184.44|||N|Y
H2002|005|002|0|3|4|1|106.92|||1|144.34|||1|90.88|||1|122.96|||N|Y
H2002|005|002|0|4|1|1|112.86|||1|152.36|||1|95.93|||1|129.79|||N|Y
H2002|005|002|0|4|2|1|338.58|||1|457.08|||1|287.79|||1|389.37|||N|Y
H2002|005|002|0|4|4|1|225.72|||1|304.72|||1|191.86|||1|259.58|||N|Y
H2002|005|002|0|5|1|2|33.0|142.56|926.64|2|33.0|192.46|1250.96|2|33.0|121.18|787.64|2|33.0|163.94|1065.64|Y|Y
H2002|005|002|0|5|2|2|33.0|427.68|2779.92|2|33.0|577.37|3752.89|2|33.0|363.53|2362.93|2|33.0|491.83|3196.91|Y|Y
H2002|005|002|0|5|4|2|33.0|285.12|1853.28|2|33.0|384.91|2501.93|2|33.0|242.35|1575.29|2|33.0|327.89|2131.27|Y|Y
H2002|005|002|1|1|1|1|2.38|||1|3.21|||1|2.02|||1|2.73|||N|N
H2002|005|002|1|1|2|1|7.13|||1|9.62|||1|6.06|||1|8.20|||N|N
H2002|005|002|1|1|4|1|4.75|||1|6.42|||1|4.04|||1|5.46|||N|N
H2002|005|002|1|2|1|1|14.26|||1|19.25|||1|12.12|||1|16.39|||N|N
H2002|005|002|1|2|2|1|42.77|||1|57.74|||1|36.35|||1|49.18|||N|N
H2002|005|002|1|2|4|1|28.51|||1|38.49|||1|24.24|||1|32.79|||N|N
H2002|005|002|1|3|1|1|53.46|||1|72.17|||1|45.44|||1|61.48|||N|Y
H2002|005|002|1|3|2|1|160.38|||1|216.51|||1|136.32|||1|184.44|||N|Y
H2002|005|002|1|3|4|1|106.92|||1|144.34|||1|90.88|||1|122.96|||N|Y
H2002|005|002|1|4|1|1|112.86|||1|152.36|||1|95.93|||1|129.79|||N|Y
H2002|005|002|1|4|2|1|338.58|||1|457.08|||1|287.79|||1|389.37|||N|Y
H2002|005|002|1|4|4|1|225.72|||1|304.72|||1|191.86|||1|259.58|||N|Y
H2002|005|002|1|5|1|2|33.0|142.56|926.64|2|33.0|192.46|1250.96|2|33.0|121.18|787.64|2|33.0|163.94|1065.64|Y|Y
H2002|005|002|1|5|2|2|33.0|427.68|2779.92|2|33.0|577.37|3752.89|2|33.0|363.53|2362.93|2|33.0|491.83|3196.91|Y|Y
H2002|005|002|1|5|4|2|33.0|285.12|1853.28|2|33.0|384.91|2501.93|2|33.0|242.35|1575.29|2|33.0|327.89|2131.27|Y|Y
H2002|005|002|3|1|1|1|2.38|||1|3.21|||1|2.02|||1|2.73|||N|N
H2002|005|002|3|1|2|1|7.13|||1|9.62|||1|6.06|||1|8.20|||N|N
H2002|005|002|3|1|4|1|4.75|||1|6.42|||1|4.04|||1|5.46|||N|N
H2002|005|002|3|2|1|1|14.26|||1|19.25|||1|12.12|||1|16.39|||N|N
H2002|005|002|3|2|2|1|42.77|||1|57.74|||1|36.35|||1|49.18|||N|N
H2002|005|002|3|2|4|1|28.51|||1|38.49|||1|24.24|||1|32.79|||N|N
H2002|005|002|3|3|1|1|53.46|||1|72.17|||1|45.44|||1|61.48|||N|Y
H2002|005|002|3|3|2|1|160.38|||1|216.51|||1|136.32|||1|184.44|||N|Y
H2002|005|002|3|3|4|1|106.92|||1|144.34|||1|90.88|||1|122.96|||N|Y
H2002|005|002|3|4|1|1|112.86|||1|152.36|||1|95.93|||1|129.79|||N|Y
H2002|005|002|3|4|2|1|338.58|||1|457.08|||1|287.79|||1|389.37|||N|Y
H2002|005|002|3|4|4|1|225.72|||1|304.72|||1|191.86|||1|259.58|||N|Y
H2002|005|002|3|5|1|2|33.0|142.56|926.64|2|33.0|192.46|1250.96|2|33.0|121.18|787.64|2|33.0|163.94|1065.64|Y|Y
H2002|005|002|3|5|2|2|33.0|427.68|2779.92|2|33.0|577.37|3752.89|2|33.0|363.53|2362.93|2|33.0|491.83|3196.91|Y|Y
H2002|005|002|3|5|4|2|33.0|285.12|1853.28|2|33.0|384.91|2501.93|2|33.0|242.35|1575.29|2|33.0|327.89|2131.27|Y|Y
H3003|005|000|0|1|1|1|2.05|||1|2.76|||1|1.74|||1|2.35|||N|N
H3003|005|000|0|1|2|1|6.14|||1|8.29|||1|5.22|||1|7.06|||N|N
H3003|005|000|0|1|4|1|4.10|||1|5.53|||1|3.48|||1|4.71|||N|N
H3003|005|000|0|2|1|1|12.29|||1|16.59|||1|10.44|||1|14.13|||N|N
H3003|005|000|0|2|2|1|36.86|||1|49.76|||1|31.33|||1|42.39|||N|N
H3003|005|000|0|2|4|1|24.57|||1|33.17|||1|20.89|||1|28.26|||N|N
H3003|005|000|0|3|1|1|46.07|||1|62.20|||1|39.16|||1|52.98|||N|Y
H3003|005|000|0|3|2|1|138.22|||1|186.59|||1|117.49|||1|158.95|||N|Y
H3003|005|000|0|3|4|1|92.15|||1|124.40|||1|78.32|||1|105.97|||N|Y
H3003|005|000|0|4|1|1|97.26|||1|131.31|||1|82.68|||1|111.85|||N|Y
H3003|005|000|0|4|2|1|291.79|||1|393.92|||1|248.03|||1|335.56|||N|Y
H3003|005|000|0|4|4|1|194.53|||1|262.61|||1|165.35|||1|223.71|||N|Y
H3003|005|000|0|5|1|2|33.0|122.86|798.60|2|33.0|165.86|1078.10|2|33.0|104.43|678.81|2|33.0|141.29|918.38|Y|Y
H3003|005|000|0|5|2|2|33.0|368.58|2395.79|2|33.0|497.59|3234.31|2|33.0|313.30|2036.42|2|33.0|423.87|2755.15|Y|Y
H3003|005|000|0|5|4|2|33.0|245.72|1597.19|2|33.0|331.72|2156.21|2|33.0|208.86|1357.61|2|33.0|282.58|1836.77|Y|Y
H3003|005|000|1|1|1|1|2.05|||1|2.76|||1|1.74|||1|2.35|||N|N
H3003|005|000|1|1|2|1|6.14|||1|8.29|||1|5.22|||1|7.06|||N|N
H3003|005|000|1|1|4|1|4.10|||1|5.53|||1|3.48|||1|4.71|||N|N
H3003|005|000|1|2|1|1|12.29|||1|16.59|||1|10.44|||1|14.13|||N|N
H3003|005|000|1|2|2|1|36.86|||1|49.76|||1|31.33|||1|42.39|||N|N
H3003|005|000|1|2|4|1|24.57|||1|33.17|||1|20.89|||1|28.26|||N|N
H3003|005|000|1|3|1|1|46.07|||1|62.20|||1|39.16|||1|52.98|||N|Y
H3003|005|000|1|3|2|1|138.22|||1|186.59|||1|117.49|||1|158.95|||N|Y
H3003|005|000|1|3|4|1|92.15|||1|124.40|||1|78.32|||1|105.97|||N|Y
H3003|005|000|1|4|1|1|97.26|||1|131.31|||1|82.68|||1|111.85|||N|Y
H3003|005|000|1|4|2|1|291.79|||1|393.92|||1|248.03|||1|335.56|||N|Y
H3003|005|000|1|4|4|1|194.53|||1|262.61|||1|165.35|||1|223.71|||N|Y
H3003|005|000|1|5|1|2|33.0|122.86|798.60|2|33.0|165.86|1078.10|2|33.0|104.43|678.81|2|33.0|141.29|918.38|Y|Y
H3003|005|000|1|5|2|2|33.0|368.58|2395.79|2|33.0|497.59|3234.31|2|33.0|313.30|2036.42|2|33.0|423.87|2755.15|Y|Y
H3003|005|000|1|5|4|2|33.0|245.72|1597.19|2|33.0|331.72|2156.21|2|33.0|208.86|1357.61|2|33.0|282.58|1836.77|Y|Y
H3003|005|000|3|1|1|1|2.05|||1|2.76|||1|1.74|||1|2.35|||N|N
H3003|005|000|3|1|2|1|6.14|||1|8.29|||1|5.22|||1|7.06|||N|N
H3003|005|000|3|1|4|1|4.10|||1|5.53|||1|3.48|||1|4.71|||N|N
H3003|005|000|3|2|1|1|12.29|||1|16.59|||1|10.44|||1|14.13|||N|N
H3003|005|000|3|2|2|1|36.86|||1|49.76|||1|31.33|||1|42.39|||N|N
H3003|005|000|3|2|4|1|24.57|||1|33.17|||1|20.89|||1|28.26|||N|N
H3003|005|000|3|3|1|1|46.07|||1|62.20|||1|39.16|||1|52.98|||N|Y
H3003|005|000|3|3|2|1|138.22|||1|186.59|||1|117.49|||1|158.95|||N|Y
H3003|005|000|3|3|4|1|92.15|||1|124.40|||1|78.32|||1|105.97|||N|Y
H3003|005|000|3|4|1|1|97.26|||1|131.31|||1|82.68|||1|111.85|||N|Y
H3003|005|000|3|4|2|1|291.79|||1|393.92|||1|248.03|||1|335.56|||N|Y
H3003|005|000|3|4|4|1|194.53|||1|262.61|||1|165.35|||1|223.71|||N|Y
H3003|005|000|3|5|1|2|33.0|122.86|798.60|2|33.0|165.86|1078.10|2|33.0|104.43|678.81|2|33.0|141.29|918.38|Y|Y
H3003|005|000|3|5|2|2|33.0|368.58|2395.79|2|33.0|497.59|3234.31|2|33.0|313.30|2036.42|2|33.0|423.87|2755.15|Y|Y
H3003|005|000|3|5|4|2|33.0|245.72|1597.19|2|33.0|331.72|2156.21|2|33.0|208.86|1357.61|2|33.0|282.58|1836.77|Y|Y
S4004|005|001|0|1|1|1|3.36|||1|4.54|||1|2.86|||1|3.87|||N|N
S4004|005|001|0|1|2|1|10.08|||1|13.61|||1|8.57|||1|11.60|||N|N
S4004|005|001|0|1|4|1|6.72|||1|9.07|||1|5.71|||1|7.73|||N|N
S4004|005|001|0|2|1|1|20.17|||1|27.22|||1|17.14|||1|23.19|||N|N
S4004|005|001|0|2|2|1|60.50|||1|81.67|||1|51.42|||1|69.57|||N|N
S4004|005|001|0|2|4|1|40.33|||1|54.45|||1|34.28|||1|46.38|||N|N
S4004|005|001|0|3|1|1|75.62|||1|102.09|||1|64.28|||1|86.96|||N|Y
S4004|005|001|0|3|2|1|226.86|||1|306.27|||1|192.84|||1|260.89|||N|Y
S4004|005|001|0|3|4|1|151.24|||1|204.18|||1|128.56|||1|173.93|||N|Y
S4004|005|001|0|4|1|1|159.65|||1|215.52|||1|135.70|||1|183.59|||N|Y
S4004|005|001|0|4|2|1|478.94|||1|646.56|||1|407.10|||1|550.78|||N|Y
S4004|005|001|0|4|4|1|319.29|||1|431.04|||1|271.40|||1|367.18|||N|Y
S4004|005|001|0|5|1|2|33.0|201.66|1310.77|2|33.0|272.24|1769.55|2|33.0|171.41|1114.16|2|33.0|231.91|1507.39|Y|Y
S4004|005|001|0|5|2|2|33.0|604.97|3932.32|2|33.0|816.71|5308.64|2|33.0|514.23|3342.47|2|33.0|695.72|4522.17|Y|Y
S4004|005|001|0|5|4|2|33.0|403.32|2621.55|2|33.0|544.48|3539.09|2|33.0|342.82|2228.32|2|33.0|463.81|3014.78|Y|Y
S4004|005|001|1|1|1|1|3.36|||1|4.54|||1|2.86|||1|3.87|||N|N
S4004|005|001|1|1|2|1|10.08|||1|13.61|||1|8.57|||1|11.60|||N|N
S4004|005|001|1|1|4|1|6.72|||1|9.07|||1|5.71|||1|7.73|||N|N
S4004|005|001|1|2|1|1|20.17|||1|27.22|||1|17.14|||1|23.19|||N|N
S4004|005|001|1|2|2|1|60.50|||1|81.67|||1|51.42|||1|69.57|||N|N
S4004|005|001|1|2|4|1|40.33|||1|54.45|||1|34.28|||1|46.38|||N|N
S4004|005|001|1|3|1|1|75.62|||1|102.09|||1|64.28|||1|86.96|||N|Y
S4004|005|001|1|3|2|1|226.86|||1|306.27|||1|192.84|||1|260.89|||N|Y
S4004|005|001|1|3|4|1|151.24|||1|204.18|||1|128.56|||1|173.93|||N|Y
S4004|005|001|1|4|1|1|159.65|||1|215.52|||1|135.70|||1|183.59|||N|Y
S4004|005|001|1|4|2|1|478.94|||1|646.56|||1|407.10|||1|550.78|||N|Y
S4004|005|001|1|4|4|1|319.29|||1|431.04|||1|271.40|||1|367.18|||N|Y
S4004|005|001|1|5|1|2|33.0|201.66|1310.77|2|33.0|272.24|1769.55|2|33.0|171.41|1114.16|2|33.0|231.91|1507.39|Y|Y
S4004|005|001|1|5|2|2|33.0|604.97|3932.32|2|33.0|816.71|5308.64|2|33.0|514.23|3342.47|2|33.0|695.72|4522.17|Y|Y
S4004|005|001|1|5|4|2|33.0|403.32|2621.55|2|33.0|544.48|3539.09|2|33.0|342.82|2228.32|2|33.0|463.81|3014.78|Y|Y
S4004|005|001|3|1|1|1|3.36|||1|4.54|||1|2.86|||1|3.87|||N|N
S4004|005|001|3|1|2|1|10.08|||1|13.61|||1|8.57|||1|11.60|||N|N
S4004|005|001|3|1|4|1|6.72|||1|9.07|||1|5.71|||1|7.73|||N|N
S4004|005|001|3|2|1|1|20.17|||1|27.22|||1|17.14|||1|23.19|||N|N
S4004|005|001|3|2|2|1|60.50|||1|81.67|||1|51.42|||1|69.57|||N|N
S4004|005|001|3|2|4|1|40.33|||1|54.45|||1|34.28|||1|46.38|||N|N
S4004|005|001|3|3|1|1|75.62|||1|102.09|||1|64.28|||1|86.96|||N|Y
S4004|005|001|3|3|2|1|226.86|||1|306.27|||1|192.84|||1|260.89|||N|Y
S4004|005|001|3|3|4|1|151.24|||1|204.18|||1|128.56|||1|173.93|||N|Y
S4004|005|001|3|4|1|1|159.65|||1|215.52|||1|135.70|||1|183.59|||N|Y
S4004|005|001|3|4|2|1|478.94|||1|646.56|||1|407.10|||1|550.78|||N|Y
S4004|005|001|3|4|4|1|319.29|||1|431.04|||1|271.40|||1|367.18|||N|Y
S4004|005|001|3|5|1|2|33.0|201.66|1310.77|2|33.0|272.24|1769.55|2|33.0|171.41|1114.16|2|33.0|231.91|1507.39|Y|Y
S4004|005|001|3|5|2|2|33.0|604.97|3932.32|2|33.0|816.71|5308.64|2|33.0|514.23|3342.47|2|33.0|695.72|4522.17|Y|Y
S4004|005|001|3|5|4|2|33.0|403.32|2621.55|2|33.0|544.48|3539.09|2|33.0|342.82|2228.32|2|33.0|463.81|3014.78|Y|Y
H1001|006|002|0|1|1|1|2.79|||1|3.76|||1|2.37|||1|3.20|||N|N
H1001|006|002|0|1|2|1|8.36|||1|11.28|||1|7.11|||1|9.61|||N|N
H1001|006|002|0|1|4|1|5.57|||1|7.52|||1|4.74|||1|6.41|||N|N
H1001|006|002|0|2|1|1|16.72|||1|22.57|||1|14.21|||1|19.23|||N|N
H1001|006|002|0|2|2|1|50.16|||1|67.71|||1|42.63|||1|57.68|||N|N
H1001|006|002|0|2|4|1|33.44|||1|45.14|||1|28.42|||1|38.45|||N|N
H1001|006|002|0|3|1|1|62.69|||1|84.64|||1|53.29|||1|72.10|||N|Y
H1001|006|002|0|3|2|1|188.08|||1|253.91|||1|159.87|||1|216.29|||N|Y
H1001|006|002|0|3|4|1|125.39|||1|169.27|||1|106.58|||1|144.20|||N|Y
H1001|006|002|0|4|1|1|132.35|||1|178.68|||1|112.50|||1|152.21|||N|Y
H1001|006|002|0|4|2|1|397.06|||1|536.03|||1|337.50|||1|456.62|||N|Y
H1001|006|002|0|4|4|1|264.71|||1|357.36|||1|225.00|||1|304.41|||N|Y
H1001|006|002|0|5|1|2|33.0|167.18|1086.70|2|33.0|225.70|1467.04|2|33.0|142.11|923.69|2|33.0|192.26|1249.70|Y|Y
H1001|006|002|0|5|2|2|33.0|501.55|3260.09|2|33.0|677.10|4401.12|2|33.0|426.32|2771.07|2|33.0|576.78|3749.10|Y|Y
H1001|006|002|0|5|4|2|33.0|334.37|2173.39|2|33.0|451.40|2934.08|2|33.0|284.21|1847.38|2|33.0|384.52|2499.40|Y|Y
H1001|006|002|1|1|1|1|2.79|||1|3.76|||1|2.37|||1|3.20|||N|N
H1001|006|002|1|1|2|1|8.36|||1|11.28|||1|7.11|||1|9.61|||N|N
H1001|006|002|1|1|4|1|5.57|||1|7.52|||1|4.74|||1|6.41|||N|N
H1001|006|002|1|2|1|1|16.72|||1|22.57|||1|14.21|||1|19.23|||N|N
H1001|006|002|1|2|2|1|50.16|||1|67.71|||1|42.63|||1|57.68|||N|N
H1001|006|002|1|2|4|1|33.44|||1|45.14|||1|28.42|||1|38.45|||N|N
H1001|006|002|1|3|1|1|62.69|||1|84.64|||1|53.29|||1|72.10|||N|Y
H1001|006|002|1|3|2|1|188.08|||1|253.91|||1|159.87|||1|216.29|||N|Y
H1001|006|002|1|3|4|1|125.39|||1|169.27|||1|106.58|||1|144.20|||N|Y
H1001|006|002|1|4|1|1|132.35|||1|178.68|||1|112.50|||1|152.21|||N|Y
H1001|006|002|1|4|2|1|397.06|||1|536.03|||1|337.50|||1|456.62|||N|Y
H1001|006|002|1|4|4|1|264.71|||1|357.36|||1|225.00|||1|304.41|||N|Y
H1001|006|002|1|5|1|2|33.0|167.18|1086.70|2|33.0|225.70|1467.04|2|33.0|142.11|923.69|2|33.0|192.26|1249.70|Y|Y
H1001|006|002|1|5|2|2|33.0|501.55|3260.09|2|33.0|677.10|4401.12|2|33.0|426.32|2771.07|2|33.0|576.78|3749.10|Y|Y
H1001|006|002|1|5|4|2|33.0|334.37|2173.39|2|33.0|451.40|2934.08|2|33.0|284.21|1847.38|2|33.0|384.52|2499.40|Y|Y
H1001|006|002|3|1|1|1|2.79|||1|3.76|||1|2.37|||1|3.20|||N|N
H1001|006|002|3|1|2|1|8.36|||1|11.28|||1|7.11|||1|9.61|||N|N
H1001|006|002|3|1|4|1|5.57|||1|7.52|||1|4.74|||1|6.41|||N|N
H1001|006|002|3|2|1|1|16.72|||1|22.57|||1|14.21|||1|19.23|||N|N
H1001|006|002|3|2|2|1|50.16|||1|67.71|||1|42.63|||1|57.68|||N|N
H1001|006|002|3|2|4|1|33.44|||1|45.14|||1|28.42|||1|38.45|||N|N
H1001|006|002|3|3|1|1|62.69|||1|84.64|||1|53.29|||1|72.10|||N|Y
H1001|006|002|3|3|2|1|188.08|||1|253.91|||1|159.87|||1|216.29|||N|Y
H1001|006|002|3|3|4|1|125.39|||1|169.27|||1|106.58|||1|144.20|||N|Y
H1001|006|002|3|4|1|1|132.35|||1|178.68|||1|112.50|||1|152.21|||N|Y
H1001|006|002|3|4|2|1|397.06|||1|536.03|||1|337.50|||1|456.62|||N|Y
H1001|006|002|3|4|4|1|264.71|||1|357.36|||1|225.00|||1|304.41|||N|Y
H1001|006|002|3|5|1|2|33.0|167.18|1086.70|2|33.0|225.70|1467.04|2|33.0|142.11|923.69|2|33.0|192.26|1249.70|Y|Y
H1001|006|002|3|5|2|2|33.0|501.55|3260.09|2|33.0|677.10|4401.12|2|33.0|426.32|2771.07|2|33.0|576.78|3749.10|Y|Y
H1001|006|002|3|5|4|2|33.0|334.37|2173.39|2|33.0|451.40|2934.08|2|33.0|284.21|1847.38|2|33.0|384.52|2499.40|Y|Y
H2002|006|000|0|1|1|1|2.46|||1|3.32|||1|2.09|||1|2.83|||N|N
H2002|006|000|0|1|2|1|7.37|||1|9.96|||1|6.27|||1|8.48|||N|N
H2002|006|000|0|1|4|1|4.92|||1|6.64|||1|4.18|||1|5.65|||N|N
H2002|006|000|0|2|1|1|14.75|||1|19.91|||1|12.54|||1|16.96|||N|N
H2002|006|000|0|2|2|1|44.25|||1|59.73|||1|37.61|||1|50.88|||N|N
H2002|006|000|0|2|4|1|29.50|||1|39.82|||1|25.07|||1|33.92|||N|N
H2002|006|000|0|3|1|1|55.31|||1|74.66|||1|47.01|||1|63.60|||N|Y
H2002|006|000|0|3|2|1|165.92|||1|223.99|||1|141.03|||1|190.81|||N|Y
H2002|006|000|0|3|4|1|110.61|||1|149.33|||1|94.02|||1|127.21|||N|Y
H2002|006|000|0|4|1|1|116.76|||1|157.62|||1|99.24|||1|134.27|||N|Y
H2002|006|000|0|4|2|1|350.28|||1|472.87|||1|297.73|||1|402.82|||N|Y
H2002|006|000|0|4|4|1|233.52|||1|315.25|||1|198.49|||1|268.55|||N|Y
H2002|006|000|0|5|1|2|33.0|147.48|958.65|2|33.0|199.10|1294.18|2|33.0|125.36|814.85|2|33.0|169.61|1102.45|Y|Y
H2002|006|000|0|5|2|2|33.0|442.45|2875.95|2|33.0|597.31|3882.54|2|33.0|376.09|2444.56|2|33.0|508.82|3307.35|Y|Y
H2002|006|000|0|5|4|2|33.0|294.97|1917.30|2|33.0|398.21|2588.36|2|33.0|250.72|1629.71|2|33.0|339.22|2204.90|Y|Y
H2002|006|000|1|1|1|1|2.46|||1|3.32|||1|2.09|||1|2.83|||N|N
H2002|006|000|1|1|2|1|7.37|||1|9.96|||1|6.27|||1|8.48|||N|N
H2002|006|000|1|1|4|1|4.92|||1|6.64|||1|4.18|||1|5.65|||N|N
H2002|006|000|1|2|1|1|14.75|||1|19.91|||1|12.54|||1|16.96|||N|N
H2002|006|000|1|2|2|1|44.25|||1|59.73|||1|37.61|||1|50.88|||N|N
H2002|006|000|1|2|4|1|29.50|||1|39.82|||1|25.07|||1|33.92|||N|N
H2002|006|000|1|3|1|1|55.31|||1|74.66|||1|47.01|||1|63.60|||N|Y
H2002|006|000|1|3|2|1|165.92|||1|223.99|||1|141.03|||1|190.81|||N|Y
H2002|006|000|1|3|4|1|110.61|||1|149.33|||1|94.02|||1|127.21|||N|Y
H2002|006|000|1|4|1|1|116.76|||1|157.62|||1|99.24|||1|134.27|||N|Y
H2002|006|000|1|4|2|1|350.28|||1|472.87|||1|297.73|||1|402.82|||N|Y
H2002|006|000|1|4|4|1|233.52|||1|315.25|||1|198.49|||1|268.55|||N|Y
H2002|006|000|1|5|1|2|33.0|147.48|958.65|2|33.0|199.10|1294.18|2|33.0|125.36|814.85|2|33.0|169.61|1102.45|Y|Y
H2002|006|000|1|5|2|2|33.0|442.45|2875.95|2|33.0|597.31|3882.54|2|33.0|376.09|2444.56|2|33.0|508.82|3307.35|Y|Y
H2002|006|000|1|5|4|2|33.0|294.97|1917.30|2|33.0|398.21|2588.36|2|33.0|250.72|1629.71|2|33.0|339.22|2204.90|Y|Y
H2002|006|000|3|1|1|1|2.46|||1|3.32|||1|2.09|||1|2.83|||N|N
H2002|006|000|3|1|2|1|7.37|||1|9.96|||1|6.27|||1|8.48|||N|N
H2002|006|000|3|1|4|1|4.92|||1|6.64|||1|4.18|||1|5.65|||N|N
H2002|006|000|3|2|1|1|14.75|||1|19.91|||1|12.54|||1|16.96|||N|N
H2002|006|000|3|2|2|1|44.25|||1|59.73|||1|37.61|||1|50.88|||N|N
H2002|006|000|3|2|4|1|29.50|||1|39.82|||1|25.07|||1|33.92|||N|N
H2002|006|000|3|3|1|1|55.31|||1|74.66|||1|47.01|||1|63.60|||N|Y
H2002|006|000|3|3|2|1|165.92|||1|223.99|||1|141.03|||1|190.81|||N|Y
H2002|006|000|3|3|4|1|110.61|||1|149.33|||1|94.02|||1|127.21|||N|Y
H2002|006|000|3|4|1|1|116.76|||1|157.62|||1|99.24|||1|134.27|||N|Y
H2002|006|000|3|4|2|1|350.28|||1|472.87|||1|297.73|||1|402.82|||N|Y
H2002|006|000|3|4|4|1|233.52|||1|315.25|||1|198.49|||1|268.55|||N|Y
H2002|006|000|3|5|1|2|33.0|147.48|958.65|2|33.0|199.10|1294.18|2|33.0|125.36|814.85|2|33.0|169.61|1102.45|Y|Y
H2002|006|000|3|5|2|2|33.0|442.45|2875.95|2|33.0|597.31|3882.54|2|33.0|376.09|2444.56|2|33.0|508.82|3307.35|Y|Y
H2002|006|000|3|5|4|2|33.0|294.97|1917.30|2|33.0|398.21|2588.36|2|33.0|250.72|1629.71|2|33.0|339.22|2204.90|Y|Y
H3003|006|001|0|1|1|1|2.87|||1|3.87|||1|2.44|||1|3.30|||N|N
H3003|006|001|0|1|2|1|8.61|||1|11.62|||1|7.31|||1|9.90|||N|N
H3003|006|001|0|1|4|1|5.74|||1|7.74|||1|4.88|||1|6.60|||N|N
H3003|006|001|0|2|1|1|17.21|||1|23.23|||1|14.63|||1|19.79|||N|N
H3003|006|001|0|2|2|1|51.63|||1|69.70|||1|43.89|||1|59.38|||N|N
H3003|006|001|0|2|4|1|34.42|||1|46.47|||1|29.26|||1|39.59|||N|N
H3003|006|001|0|3|1|1|64.54|||1|87.13|||1|54.86|||1|74.22|||N|Y
H3003|006|001|0|3|2|1|193.62|||1|261.39|||1|164.58|||1|222.67|||N|Y
H3003|006|001|0|3|4|1|129.08|||1|174.26|||1|109.72|||1|148.44|||N|Y
H3003|006|001|0|4|1|1|136.25|||1|183.94|||1|115.81|||1|156.69|||N|Y
H3003|006|001|0|4|2|1|408.76|||1|551.82|||1|347.44|||1|470.07|||N|Y
H3003|006|001|0|4|4|1|272.51|||1|367.88|||1|231.63|||1|313.38|||N|Y
H3003|006|001|0|5|1|2|33.0|172.11|1118.71|2|33.0|232.35|1510.25|2|33.0|146.29|950.90|2|33.0|197.93|1286.51|Y|Y
H3003|006|001|0|5|2|2|33.0|516.33|3356.12|2|33.0|697.04|4530.76|2|33.0|438.88|2852.70|2|33.0|593.78|3859.54|Y|Y
H3003|006|001|0|5|4|2|33.0|344.22|2237.41|2|33.0|464.69|3020.51|2|33.0|292.58|1901.80|2|33.0|395.85|2573.03|Y|Y
H3003|006|001|1|1|1|1|2.87|||1|3.87|||1|2.44|||1|3.30|||N|N
H3003|006|001|1|1|2|1|8.61|||1|11.62|||1|7.31|||1|9.90|||N|N
H3003|006|001|1|1|4|1|5.74|||1|7.74|||1|4.88|||1|6.60|||N|N
H3003|006|001|1|2|1|1|17.21|||1|23.23|||1|14.63|||1|19.79|||N|N
H3003|006|001|1|2|2|1|51.63|||1|69.70|||1|43.89|||1|59.38|||N|N
H3003|006|001|1|2|4|1|34.42|||1|46.47|||1|29.26|||1|39.59|||N|N
H3003|006|001|1|3|1|1|64.54|||1|87.13|||1|54.86|||1|74.22|||N|Y
H3003|006|001|1|3|2|1|193.62|||1|261.39|||1|164.58|||1|222.67|||N|Y
H3003|006|001|1|3|4|1|129.08|||1|174.26|||1|109.72|||1|148.44|||N|Y
H3003|006|001|1|4|1|1|136.25|||1|183.94|||1|115.81|||1|156.69|||N|Y
H3003|006|001|1|4|2|1|408.76|||1|551.82|||1|347.44|||1|470.07|||N|Y
H3003|006|001|1|4|4|1|272.51|||1|367.88|||1|231.63|||1|313.38|||N|Y
H3003|006|001|1|5|1|2|33.0|172.11|1118.71|2|33.0|232.35|1510.25|2|33.0|146.29|950.90|2|33.0|197.93|1286.51|Y|Y
H3003|006|001|1|5|2|2|33.0|516.33|3356.12|2|33.0|697.04|4530.76|2|33.0|438.88|2852.70|2|33.0|593.78|3859.54|Y|Y
H3003|006|001|1|5|4|2|33.0|344.22|2237.41|2|33.0|464.69|3020.51|2|33.0|292.58|1901.80|2|33.0|395.85|2573.03|Y|Y
H3003|006|001|3|1|1|1|2.87|||1|3.87|||1|2.44|||1|3.30|||N|N
H3003|006|001|3|1|2|1|8.61|||1|11.62|||1|7.31|||1|9.90|||N|N
H3003|006|001|3|1|4|1|5.74|||1|7.74|||1|4.88|||1|6.60|||N|N
H3003|006|001|3|2|1|1|17.21|||1|23.23|||1|14.63|||1|19.79|||N|N
H3003|006|001|3|2|2|1|51.63|||1|69.70|||1|43.89|||1|59.38|||N|N
H3003|006|001|3|2|4|1|34.42|||1|46.47|||1|29.26|||1|39.59|||N|N
H3003|006|001|3|3|1|1|64.54|||1|87.13|||1|54.86|||1|74.22|||N|Y
H3003|006|001|3|3|2|1|193.62|||1|261.39|||1|164.58|||1|222.67|||N|Y
H3003|006|001|3|3|4|1|129.08|||1|174.26|||1|109.72|||1|148.44|||N|Y
H3003|006|001|3|4|1|1|136.25|||1|183.94|||1|115.81|||1|156.69|||N|Y
H3003|006|001|3|4|2|1|408.76|||1|551.82|||1|347.44|||1|470.07|||N|Y
H3003|006|001|3|4|4|1|272.51|||1|367.88|||1|231.63|||1|313.38|||N|Y
H3003|006|001|3|5|1|2|33.0|172.11|1118.71|2|33.0|232.35|1510.25|2|33.0|146.29|950.90|2|33.0|197.93|1286.51|Y|Y
H3003|006|001|3|5|2|2|33.0|516.33|3356.12|2|33.0|697.04|4530.76|2|33.0|438.88|2852.70|2|33.0|593.78|3859.54|Y|Y
H3003|006|001|3|5|4|2|33.0|344.22|2237.41|2|33.0|464.69|3020.51|2|33.0|292.58|1901.80|2|33.0|395.85|2573.03|Y|Y
S4004|006|002|0|1|1|1|2.29|||1|3.10|||1|1.95|||1|2.64|||N|N
S4004|006|002|0|1|2|1|6.88|||1|9.29|||1|5.85|||1|7.91|||N|N
S4004|006|002|0|1|4|1|4.59|||1|6.19|||1|3.90|||1|5.28|||N|N
S4004|006|002|0|2|1|1|13.76|||1|18.58|||1|11.70|||1|15.83|||N|N
S4004|006|002|0|2|2|1|41.29|||1|55.74|||1|35.10|||1|47.48|||N|N
S4004|006|002|0|2|4|1|27.53|||1|37.16|||1|23.40|||1|31.66|||N|N
S4004|006|002|0|3|1|1|51.61|||1|69.68|||1|43.87|||1|59.36|||N|Y
S4004|006|002|0|3|2|1|154.84|||1|209.03|||1|131.61|||1|178.07|||N|Y
S4004|006|002|0|3|4|1|103.23|||1|139.36|||1|87.74|||1|118.71|||N|Y
S4004|006|002|0|4|1|1|108.96|||1|147.10|||1|92.62|||1|125.31|||N|Y
S4004|006|002|0|4|2|1|326.88|||1|441.29|||1|277.85|||1|375.92|||N|Y
S4004|006|002|0|4|4|1|217.92|||1|294.20|||1|185.23|||1|250.61|||N|Y
S4004|006|002|0|5|1|2|33.0|137.64|894.63|2|33.0|185.81|1207.75|2|33.0|116.99|760.43|2|33.0|158.28|1028.82|Y|Y
S4004|006|002|0|5|2|2|33.0|412.91|2683.89|2|33.0|557.42|3623.25|2|33.0|350.97|2281.30|2|33.0|474.84|3086.47|Y|Y
S4004|006|002|0|5|4|2|33.0|275.27|1789.26|2|33.0|371.62|2415.50|2|33.0|233.98|1520.87|2|33.0|316.56|2057.65|Y|Y
S4004|006|002|1|1|1|1|2.29|||1|3.10|||1|1.95|||1|2.64|||N|N
S4004|006|002|1|1|2|1|6.88|||1|9.29|||1|5.85|||1|7.91|||N|N
S4004|006|002|1|1|4|1|4.59|||1|6.19|||1|3.90|||1|5.28|||N|N
S4004|006|002|1|2|1|1|13.76|||1|18.58|||1|11.70|||1|15.83|||N|N
S4004|006|002|1|2|2|1|41.29|||1|55.74|||1|35.10|||1|47.48|||N|N
S4004|006|002|1|2|4|1|27.53|||1|37.16|||1|23.40|||1|31.66|||N|N
S4004|006|002|1|3|1|1|51.61|||1|69.68|||1|43.87|||1|59.36|||N|Y
S4004|006|002|1|3|2|1|154.84|||1|209.03|||1|131.61|||1|178.07|||N|Y
S4004|006|002|1|3|4|1|103.23|||1|139.36|||1|87.74|||1|118.71|||N|Y
S4004|006|002|1|4|1|1|108.96|||1|147.10|||1|92.62|||1|125.31|||N|Y
S4004|006|002|1|4|2|1|326.88|||1|441.29|||1|277.85|||1|375.92|||N|Y
S4004|006|002|1|4|4|1|217.92|||1|294.20|||1|185.23|||1|250.61|||N|Y
S4004|006|002|1|5|1|2|33.0|137.64|894.63|2|33.0|185.81|1207.75|2|33.0|116.99|760.43|2|33.0|158.28|1028.82|Y|Y
S4004|006|002|1|5|2|2|33.0|412.91|2683.89|2|33.0|557.42|3623.25|2|33.0|350.97|2281.30|2|33.0|474.84|3086.47|Y|Y
S4004|006|002|1|5|4|2|33.0|275.27|1789.26|2|33.0|371.62|2415.50|2|33.0|233.98|1520.87|2|33.0|316.56|2057.65|Y|Y
S4004|006|002|3|1|1|1|2.29|||1|3.10|||1|1.95|||1|2.64|||N|N
S4004|006|002|3|1|2|1|6.88|||1|9.29|||1|5.85|||1|7.91|||N|N
S4004|006|002|3|1|4|1|4.59|||1|6.19|||1|3.90|||1|5.28|||N|N
S4004|006|002|3|2|1|1|13.76|||1|18.58|||1|11.70|||1|15.83|||N|N
S4004|006|002|3|2|2|1|41.29|||1|55.74|||1|35.10|||1|47.48|||N|N
S4004|006|002|3|2|4|1|27.53|||1|37.16|||1|23.40|||1|31.66|||N|N
S4004|006|002|3|3|1|1|51.61|||1|69.68|||1|43.87|||1|59.36|||N|Y
S4004|006|002|3|3|2|1|154.84|||1|209.03|||1|131.61|||1|178.07|||N|Y
S4004|006|002|3|3|4|1|103.23|||1|139.36|||1|87.74|||1|118.71|||N|Y
S4004|006|002|3|4|1|1|108.96|||1|147.10|||1|92.62|||1|125.31|||N|Y
S4004|006|002|3|4|2|1|326.88|||1|441.29|||1|277.85|||1|375.92|||N|Y
S4004|006|002|3|4|4|1|217.92|||1|294.20|||1|185.23|||1|250.61|||N|Y
S4004|006|002|3|5|1|2|33.0|137.64|894.63|2|33.0|185.81|1207.75|2|33.0|116.99|760.43|2|33.0|158.28|1028.82|Y|Y
S4004|006|002|3|5|2|2|33.0|412.91|2683.89|2|33.0|557.42|3623.25|2|33.0|350.97|2281.30|2|33.0|474.84|3086.47|Y|Y
S4004|006|002|3|5|4|2|33.0|275.27|1789.26|2|33.0|371.62|2415.50|2|33.0|233.98|1520.87|2|33.0|316.56|2057.65|Y|Y
H1001|007|000|0|1|1|1|2.87|||1|3.87|||1|2.44|||1|3.30|||N|N
H1001|007|000|0|1|2|1|8.61|||1|11.62|||1|7.31|||1|9.90|||N|N
H1001|007|000|0|1|4|1|5.74|||1|7.74|||1|4.88|||1|6.60|||N|N
H1001|007|000|0|2|1|1|17.21|||1|23.23|||1|14.63|||1|19.79|||N|N
H1001|007|000|0|2|2|1|51.63|||1|69.70|||1|43.89|||1|59.38|||N|N
H1001|007|000|0|2|4|1|34.42|||1|46.47|||1|29.26|||1|39.59|||N|N
H1001|007|000|0|3|1|1|64.54|||1|87.13|||1|54.86|||1|74.22|||N|Y
H1001|007|000|0|3|2|1|193.62|||1|261.39|||1|164.58|||1|222.67|||N|Y
H1001|007|000|0|3|4|1|129.08|||1|174.26|||1|109.72|||1|148.44|||N|Y
H1001|007|000|0|4|1|1|136.25|||1|183.94|||1|115.81|||1|156.69|||N|Y
H1001|007|000|0|4|2|1|408.76|||1|551.82|||1|347.44|||1|470.07|||N|Y
H1001|007|000|0|4|4|1|272.51|||1|367.88|||1|231.63|||1|313.38|||N|Y
H1001|007|000|0|5|1|2|33.0|172.11|1118.71|2|33.0|232.35|1510.25|2|33.0|146.29|950.90|2|33.0|197.93|1286.51|Y|Y
H1001|007|000|0|5|2|2|33.0|516.33|3356.12|2|33.0|697.04|4530.76|2|33.0|438.88|2852.70|2|33.0|593.78|3859.54|Y|Y
H1001|007|000|0|5|4|2|33.0|344.22|2237.41|2|33.0|464.69|3020.51|2|33.0|292.58|1901.80|2|33.0|395.85|2573.03|Y|Y
H1001|007|000|1|1|1|1|2.87|||1|3.87|||1|2.44|||1|3.30|||N|N
H1001|007|000|1|1|2|1|8.61|||1|11.62|||1|7.31|||1|9.90|||N|N
H1001|007|000|1|1|4|1|5.74|||1|7.74|||1|4.88|||1|6.60|||N|N
H1001|007|000|1|2|1|1|17.21|||1|23.23|||1|14.63|||1|19.79|||N|N
H1001|007|000|1|2|2|1|51.63|||1|69.70|||1|43.89|||1|59.38|||N|N
H1001|007|000|1|2|4|1|34.42|||1|46.47|||1|29.26|||1|39.59|||N|N
H1001|007|000|1|3|1|1|64.54|||1|87.13|||1|54.86|||1|74.22|||N|Y
H1001|007|000|1|3|2|1|193.62|||1|261.39|||1|164.58|||1|222.67|||N|Y
H1001|007|000|1|3|4|1|129.08|||1|174.26|||1|109.72|||1|148.44|||N|Y
H1001|007|000|1|4|1|1|136.25|||1|183.94|||1|115.81|||1|156.69|||N|Y
H1001|007|000|1|4|2|1|408.76|||1|551.82|||1|347.44|||1|470.07|||N|Y
H1001|007|000|1|4|4|1|272.51|||1|367.88|||1|231.63|||1|313.38|||N|Y
H1001|007|000|1|5|1|2|33.0|172.11|1118.71|2|33.0|232.35|1510.25|2|33.0|146.29|950.90|2|33.0|197.93|1286.51|Y|Y
H1001|007|000|1|5|2|2|33.0|516.33|3356.12|2|33.0|697.04|4530.76|2|33.0|438.88|2852.70|2|33.0|593.78|3859.54|Y|Y
H1001|007|000|1|5|4|2|33.0|344.22|2237.41|2|33.0|464.69|3020.51|2|33.0|292.58|1901.80|2|33.0|395.85|2573.03|Y|Y
H1001|007|000|3|1|1|1|2.87|||1|3.87|||1|2.44|||1|3.30|||N|N
H1001|007|000|3|1|2|1|8.61|||1|11.62|||1|7.31|||1|9.90|||N|N
H1001|007|000|3|1|4|1|5.74|||1|7.74|||1|4.88|||1|6.60|||N|N
H1001|007|000|3|2|1|1|17.21|||1|23.23|||1|14.63|||1|19.79|||N|N
H1001|007|000|3|2|2|1|51.63|||1|69.70|||1|43.89|||1|59.38|||N|N
H1001|007|000|3|2|4|1|34.42|||1|46.47|||1|29.26|||1|39.59|||N|N
H1001|007|000|3|3|1|1|64.54|||1|87.13|||1|54.86|||1|74.22|||N|Y
H1001|007|000|3|3|2|1|193.62|||1|261.39|||1|164.58|||1|222.67|||N|Y
H1001|007|000|3|3|4|1|129.08|||1|174.26|||1|109.72|||1|148.44|||N|Y
H1001|007|000|3|4|1|1|136.25|||1|183.94|||1|115.81|||1|156.69|||N|Y
H1001|007|000|3|4|2|1|408.76|||1|551.82|||1|347.44|||1|470.07|||N|Y
H1001|007|000|3|4|4|1|272.51|||1|367.88|||1|231.63|||1|313.38|||N|Y
H1001|007|000|3|5|1|2|33.0|172.11|1118.71|2|33.0|232.35|1510.25|2|33.0|146.29|950.90|2|33.0|197.93|1286.51|Y|Y
H1001|007|000|3|5|2|2|33.0|516.33|3356.12|2|33.0|697.04|4530.76|2|33.0|438.88|2852.70|2|33.0|593.78|3859.54|Y|Y
H1001|007|000|3|5|4|2|33.0|344.22|2237.41|2|33.0|464.69|3020.51|2|33.0|292.58|1901.80|2|33.0|395.85|2573.03|Y|Y
H2002|007|001|0|1|1|1|3.28|||1|4.43|||1|2.79|||1|3.77|||N|N
H2002|007|001|0|1|2|1|9.84|||1|13.28|||1|8.36|||1|11.31|||N|N
H2002|007|001|0|1|4|1|6.56|||1|8.85|||1|5.57|||1|7.54|||N|N
H2002|007|001|0|2|1|1|19.67|||1|26.56|||1|16.72|||1|22.62|||N|N
H2002|007|001|0|2|2|1|59.02|||1|79.68|||1|50.17|||1|67.87|||N|N
H2002|007|001|0|2|4|1|39.35|||1|53.12|||1|33.44|||1|45.25|||N|N
H2002|007|001|0|3|1|1|73.77|||1|99.60|||1|62.71|||1|84.84|||N|Y
H2002|007|001|0|3|2|1|221.32|||1|298.79|||1|188.13|||1|254.52|||N|Y
H2002|007|001|0|3|4|1|147.55|||1|199.19|||1|125.42|||1|169.68|||N|Y
H2002|007|001|0|4|1|1|155.75|||1|210.26|||1|132.38|||1|179.11|||N|Y
H2002|007|001|0|4|2|1|467.24|||1|630.77|||1|397.15|||1|537.33|||N|Y
H2002|007|001|0|4|4|1|311.49|||1|420.52|||1|264.77|||1|358.22|||N|Y
H2002|007|001|0|5|1|2|33.0|196.73|1278.76|2|33.0|265.59|1726.33|2|33.0|167.22|1086.95|2|33.0|226.24|1470.58|Y|Y
H2002|007|001|0|5|2|2|33.0|590.20|3836.29|2|33.0|796.77|5178.99|2|33.0|501.67|3260.85|2|33.0|678.73|4411.73|Y|Y
H2002|007|001|0|5|4|2|33.0|393.47|2557.53|2|33.0|531.18|3452.66|2|33.0|334.45|2173.90|2|33.0|452.49|2941.16|Y|Y
H2002|007|001|1|1|1|1|3.28|||1|4.43|||1|2.79|||1|3.77|||N|N
H2002|007|001|1|1|2|1|9.84|||1|13.28|||1|8.36|||1|11.31|||N|N
H2002|007|001|1|1|4|1|6.56|||1|8.85|||1|5.57|||1|7.54|||N|N
H2002|007|001|1|2|1|1|19.67|||1|26.56|||1|16.72|||1|22.62|||N|N
H2002|007|001|1|2|2|1|59.02|||1|79.68|||1|50.17|||1|67.87|||N|N
H2002|007|001|1|2|4|1|39.35|||1|53.12|||1|33.44|||1|45.25|||N|N
H2002|007|001|1|3|1|1|73.77|||1|99.60|||1|62.71|||1|84.84|||N|Y
H2002|007|001|1|3|2|1|221.32|||1|298.79|||1|188.13|||1|254.52|||N|Y
H2002|007|001|1|3|4|1|147.55|||1|199.19|||1|125.42|||1|169.68|||N|Y
H2002|007|001|1|4|1|1|155.75|||1|210.26|||1|132.38|||1|179.11|||N|Y
H2002|007|001|1|4|2|1|467.24|||1|630.77|||1|397.15|||1|537.33|||N|Y
H2002|007|001|1|4|4|1|311.49|||1|420.52|||1|264.77|||1|358.22|||N|Y
H2002|007|001|1|5|1|2|33.0|196.73|1278.76|2|33.0|265.59|1726.33|2|33.0|167.22|1086.95|2|33.0|226.24|1470.58|Y|Y
H2002|007|001|1|5|2|2|33.0|590.20|3836.29|2|33.0|796.77|5178.99|2|33.0|501.67|3260.85|2|33.0|678.73|4411.73|Y|Y
H2002|007|001|1|5|4|2|33.0|393.47|2557.53|2|33.0|531.18|3452.66|2|33.0|334.45|2173.90|2|33.0|452.49|2941.16|Y|Y
H2002|007|001|3|1|1|1|3.28|||1|4.43|||1|2.79|||1|3.77|||N|N
H2002|007|001|3|1|2|1|9.84|||1|13.28|||1|8.36|||1|11.31|||N|N
H2002|007|001|3|1|4|1|6.56|||1|8.85|||1|5.57|||1|7.54|||N|N
H2002|007|001|3|2|1|1|19.67|||1|26.56|||1|16.72|||1|22.62|||N|N
H2002|007|001|3|2|2|1|59.02|||1|79.68|||1|50.17|||1|67.87|||N|N
H2002|007|001|3|2|4|1|39.35|||1|53.12|||1|33.44|||1|45.25|||N|N
H2002|007|001|3|3|1|1|73.77|||1|99.60|||1|62.71|||1|84.84|||N|Y
H2002|007|001|3|3|2|1|221.32|||1|298.79|||1|188.13|||1|254.52|||N|Y
H2002|007|001|3|3|4|1|147.55|||1|199.19|||1|125.42|||1|169.68|||N|Y
H2002|007|001|3|4|1|1|155.75|||1|210.26|||1|132.38|||1|179.11|||N|Y
H2002|007|001|3|4|2|1|467.24|||1|630.77|||1|397.15|||1|537.33|||N|Y
H2002|007|001|3|4|4|1|311.49|||1|420.52|||1|264.77|||1|358.22|||N|Y
H2002|007|001|3|5|1|2|33.0|196.73|1278.76|2|33.0|265.59|1726.33|2|33.0|167.22|1086.95|2|33.0|226.24|1470.58|Y|Y
H2002|007|001|3|5|2|2|33.0|590.20|3836.29|2|33.0|796.77|5178.99|2|33.0|501.67|3260.85|2|33.0|678.73|4411.73|Y|Y
H2002|007|001|3|5|4|2|33.0|393.47|2557.53|2|33.0|531.18|3452.66|2|33.0|334.45|2173.90|2|33.0|452.49|2941.16|Y|Y
H3003|007|002|0|1|1|1|1.80|||1|2.43|||1|1.53|||1|2.07|||N|N
H3003|007|002|0|1|2|1|5.40|||1|7.30|||1|4.59|||1|6.21|||N|N
H3003|007|002|0|1|4|1|3.60|||1|4.86|||1|3.06|||1|4.14|||N|N
H3003|007|002|0|2|1|1|10.81|||1|14.59|||1|9.19|||1|12.43|||N|N
H3003|007|002|0|2|2|1|32.43|||1|43.77|||1|27.56|||1|37.29|||N|N
H3003|007|002|0|2|4|1|21.62|||1|29.18|||1|18.37|||1|24.86|||N|N
H3003|007|002|0|3|1|1|40.53|||1|54.72|||1|34.45|||1|46.61|||N|Y
H3003|007|002|0|3|2|1|121.60|||1|164.16|||1|103.36|||1|139.84|||N|Y
H3003|007|002|0|3|4|1|81.06|||1|109.44|||1|68.91|||1|93.22|||N|Y
H3003|007|002|0|4|1|1|85.57|||1|115.52|||1|72.73|||1|98.40|||N|Y
H3003|007|002|0|4|2|1|256.71|||1|346.55|||1|218.20|||1|295.21|||N|Y
H3003|007|002|0|4|4|1|171.14|||1|231.03|||1|145.47|||1|196.81|||N|Y
H3003|007|002|0|5|1|2|33.0|108.09|702.56|2|33.0|145.92|948.46|2|33.0|91.87|597.18|2|33.0|124.30|807.95|Y|Y
H3003|007|002|0|5|2|2|33.0|324.26|2107.68|2|33.0|437.75|2845.37|2|33.0|275.62|1791.53|2|33.0|372.90|2423.84|Y|Y
H3003|007|002|0|5|4|2|33.0|216.17|1405.12|2|33.0|291.83|1896.92|2|33.0|183.75|1194.35|2|33.0|248.60|1615.89|Y|Y
H3003|007|002|1|1|1|1|1.80|||1|2.43|||1|1.53|||1|2.07|||N|N
H3003|007|002|1|1|2|1|5.40|||1|7.30|||1|4.59|||1|6.21|||N|N
H3003|007|002|1|1|4|1|3.60|||1|4.86|||1|3.06|||1|4.14|||N|N
H3003|007|002|1|2|1|1|10.81|||1|14.59|||1|9.19|||1|12.43|||N|N
H3003|007|002|1|2|2|1|32.43|||1|43.77|||1|27.56|||1|37.29|||N|N
H3003|007|002|1|2|4|1|21.62|||1|29.18|||1|18.37|||1|24.86|||N|N
H3003|007|002|1|3|1|1|40.53|||1|54.72|||1|34.45|||1|46.61|||N|Y
H3003|007|002|1|3|2|1|121.60|||1|164.16|||1|103.36|||1|139.84|||N|Y
H3003|007|002|1|3|4|1|81.06|||1|109.44|||1|68.91|||1|93.22|||N|Y
H3003|007|002|1|4|1|1|85.57|||1|115.52|||1|72.73|||1|98.40|||N|Y
H3003|007|002|1|4|2|1|256.71|||1|346.55|||1|218.20|||1|295.21|||N|Y
H3003|007|002|1|4|4|1|171.14|||1|231.03|||1|145.47|||1|196.81|||N|Y
H3003|007|002|1|5|1|2|33.0|108.09|702.56|2|33.0|145.92|948.46|2|33.0|91.87|597.18|2|33.0|124.30|807.95|Y|Y
H3003|007|002|1|5|2|2|33.0|324.26|2107.68|2|33.0|437.75|2845.37|2|33.0|275.62|1791.53|2|33.0|372.90|2423.84|Y|Y
H3003|007|002|1|5|4|2|33.0|216.17|1405.12|2|33.0|291.83|1896.92|2|33.0|183.75|1194.35|2|33.0|248.60|1615.89|Y|Y
H3003|007|002|3|1|1|1|1.80|||1|2.43|||1|1.53|||1|2.07|||N|N
H3003|007|002|3|1|2|1|5.40|||1|7.30|||1|4.59|||1|6.21|||N|N
H3003|007|002|3|1|4|1|3.60|||1|4.86|||1|3.06|||1|4.14|||N|N
H3003|007|002|3|2|1|1|10.81|||1|14.59|||1|9.19|||1|12.43|||N|N
H3003|007|002|3|2|2|1|32.43|||1|43.77|||1|27.56|||1|37.29|||N|N
H3003|007|002|3|2|4|1|21.62|||1|29.18|||1|18.37|||1|24.86|||N|N
H3003|007|002|3|3|1|1|40.53|||1|54.72|||1|34.45|||1|46.61|||N|Y
H3003|007|002|3|3|2|1|121.60|||1|164.16|||1|103.36|||1|139.84|||N|Y
H3003|007|002|3|3|4|1|81.06|||1|109.44|||1|68.91|||1|93.22|||N|Y
H3003|007|002|3|4|1|1|85.57|||1|115.52|||1|72.73|||1|98.40|||N|Y
H3003|007|002|3|4|2|1|256.71|||1|346.55|||1|218.20|||1|295.21|||N|Y
H3003|007|002|3|4|4|1|171.14|||1|231.03|||1|145.47|||1|196.81|||N|Y
H3003|007|002|3|5|1|2|33.0|108.09|702.56|2|33.0|145.92|948.46|2|33.0|91.87|597.18|2|33.0|124.30|807.95|Y|Y
H3003|007|002|3|5|2|2|33.0|324.26|2107.68|2|33.0|437.75|2845.37|2|33.0|275.62|1791.53|2|33.0|372.90|2423.84|Y|Y
H3003|007|002|3|5|4|2|33.0|216.17|1405.12|2|33.0|291.83|1896.92|2|33.0|183.75|1194.35|2|33.0|248.60|1615.89|Y|Y
S4004|007|000|0|1|1|1|2.38|||1|3.21|||1|2.02|||1|2.73|||N|N
S4004|007|000|0|1|2|1|7.13|||1|9.62|||1|6.06|||1|8.20|||N|N
S4004|007|000|0|1|4|1|4.75|||1|6.42|||1|4.04|||1|5.46|||N|N
S4004|007|000|0|2|1|1|14.26|||1|19.25|||1|12.12|||1|16.39|||N|N
S4004|007|000|0|2|2|1|42.77|||1|57.74|||1|36.35|||1|49.18|||N|N
S4004|007|000|0|2|4|1|28.51|||1|38.49|||1|24.24|||1|32.79|||N|N
S4004|007|000|0|3|1|1|53.46|||1|72.17|||1|45.44|||1|61.48|||N|Y
S4004|007|000|0|3|2|1|160.38|||1|216.51|||1|136.32|||1|184.44|||N|Y
S4004|007|000|0|3|4|1|106.92|||1|144.34|||1|90.88|||1|122.96|||N|Y
S4004|007|000|0|4|1|1|112.86|||1|152.36|||1|95.93|||1|129.79|||N|Y
S4004|007|000|0|4|2|1|338.58|||1|457.08|||1|287.79|||1|389.37|||N|Y
S4004|007|000|0|4|4|1|225.72|||1|304.72|||1|191.86|||1|259.58|||N|Y
S4004|007|000|0|5|1|2|33.0|142.56|926.64|2|33.0|192.46|1250.96|2|33.0|121.18|787.64|2|33.0|163.94|1065.64|Y|Y
S4004|007|000|0|5|2|2|33.0|427.68|2779.92|2|33.0|577.37|3752.89|2|33.0|363.53|2362.93|2|33.0|491.83|3196.91|Y|Y
S4004|007|000|0|5|4|2|33.0|285.12|1853.28|2|33.0|384.91|2501.93|2|33.0|242.35|1575.29|2|33.0|327.89|2131.27|Y|Y
S4004|007|000|1|1|1|1|2.38|||1|3.21|||1|2.02|||1|2.73|||N|N
S4004|007|000|1|1|2|1|7.13|||1|9.62|||1|6.06|||1|8.20|||N|N
S4004|007|000|1|1|4|1|4.75|||1|6.42|||1|4.04|||1|5.46|||N|N
S4004|007|000|1|2|1|1|14.26|||1|19.25|||1|12.12|||1|16.39|||N|N
S4004|007|000|1|2|2|1|42.77|||1|57.74|||1|36.35|||1|49.18|||N|N
S4004|007|000|1|2|4|1|28.51|||1|38.49|||1|24.24|||1|32.79|||N|N
S4004|007|000|1|3|1|1|53.46|||1|72.17|||1|45.44|||1|61.48|||N|Y
S4004|007|000|1|3|2|1|160.38|||1|216.51|||1|136.32|||1|184.44|||N|Y
S4004|007|000|1|3|4|1|106.92|||1|144.34|||1|90.88|||1|122.96|||N|Y
S4004|007|000|1|4|1|1|112.86|||1|152.36|||1|95.93|||1|129.79|||N|Y
S4004|007|000|1|4|2|1|338.58|||1|457.08|||1|287.79|||1|389.37|||N|Y
S4004|007|000|1|4|4|1|225.72|||1|304.72|||1|191.86|||1|259.58|||N|Y
S4004|007|000|1|5|1|2|33.0|142.56|926.64|2|33.0|192.46|1250.96|2|33.0|121.18|787.64|2|33.0|163.94|1065.64|Y|Y
S4004|007|000|1|5|2|2|33.0|427.68|2779.92|2|33.0|577.37|3752.89|2|33.0|363.53|2362.93|2|33.0|491.83|3196.91|Y|Y
S4004|007|000|1|5|4|2|33.0|285.12|1853.28|2|33.0|384.91|2501.93|2|33.0|242.35|1575.29|2|33.0|327.89|2131.27|Y|Y
S4004|007|000|3|1|1|1|2.38|||1|3.21|||1|2.02|||1|2.73|||N|N
S4004|007|000|3|1|2|1|7.13|||1|9.62|||1|6.06|||1|8.20|||N|N
S4004|007|000|3|1|4|1|4.75|||1|6.42|||1|4.04|||1|5.46|||N|N
S4004|007|000|3|2|1|1|14.26|||1|19.25|||1|12.12|||1|16.39|||N|N
S4004|007|000|3|2|2|1|42.77|||1|57.74|||1|36.35|||1|49.18|||N|N
S4004|007|000|3|2|4|1|28.51|||1|38.49|||1|24.24|||1|32.79|||N|N
S4004|007|000|3|3|1|1|53.46|||1|72.17|||1|45.44|||1|61.48|||N|Y
S4004|007|000|3|3|2|1|160.38|||1|216.51|||1|136.32|||1|184.44|||N|Y
S4004|007|000|3|3|4|1|106.92|||1|144.34|||1|90.88|||1|122.96|||N|Y
S4004|007|000|3|4|1|1|112.86|||1|152.36|||1|95.93|||1|129.79|||N|Y
S4004|007|000|3|4|2|1|338.58|||1|457.08|||1|287.79|||1|389.37|||N|Y
S4004|007|000|3|4|4|1|225.72|||1|304.72|||1|191.86|||1|259.58|||N|Y
S4004|007|000|3|5|1|2|33.0|142.56|926.64|2|33.0|192.46|1250.96|2|33.0|121.18|787.64|2|33.0|163.94|1065.64|Y|Y
S4004|007|000|3|5|2|2|33.0|427.68|2779.92|2|33.0|577.37|3752.89|2|33.0|363.53|2362.93|2|33.0|491.83|3196.91|Y|Y
S4004|007|000|3|5|4|2|33.0|285.12|1853.28|2|33.0|384.91|2501.93|2|33.0|242.35|1575.29|2|33.0|327.89|2131.27|Y|Y
H1001|008|001|0|1|1|1|1.80|||1|2.43|||1|1.53|||1|2.07|||N|N
H1001|008|001|0|1|2|1|5.40|||1|7.30|||1|4.59|||1|6.21|||N|N
H1001|008|001|0|1|4|1|3.60|||1|4.86|||1|3.06|||1|4.14|||N|N
H1001|008|001|0|2|1|1|10.81|||1|14.59|||1|9.19|||1|12.43|||N|N
H1001|008|001|0|2|2|1|32.43|||1|43.77|||1|27.56|||1|37.29|||N|N
H1001|008|001|0|2|4|1|21.62|||1|29.18|||1|18.37|||1|24.86|||N|N
H1001|008|001|0|3|1|1|40.53|||1|54.72|||1|34.45|||1|46.61|||N|Y
H1001|008|001|0|3|2|1|121.60|||1|164.16|||1|103.36|||1|139.84|||N|Y
H1001|008|001|0|3|4|1|81.06|||1|109.44|||1|68.91|||1|93.22|||N|Y
H1001|008|001|0|4|1|1|85.57|||1|115.52|||1|72.73|||1|98.40|||N|Y
H1001|008|001|0|4|2|1|256.71|||1|346.55|||1|218.20|||1|295.21|||N|Y
H1001|008|001|0|4|4|1|171.14|||1|231.03|||1|145.47|||1|196.81|||N|Y
H1001|008|001|0|5|1|2|33.0|108.09|702.56|2|33.0|145.92|948.46|2|33.0|91.87|597.18|2|33.0|124.30|807.95|Y|Y
H1001|008|001|0|5|2|2|33.0|324.26|2107.68|2|33.0|437.75|2845.37|2|33.0|275.62|1791.53|2|33.0|372.90|2423.84|Y|Y
H1001|008|001|0|5|4|2|33.0|216.17|1405.12|2|33.0|291.83|1896.92|2|33.0|183.75|1194.35|2|33.0|248.60|1615.89|Y|Y
H1001|008|001|1|1|1|1|1.80|||1|2.43|||1|1.53|||1|2.07|||N|N
H1001|008|001|1|1|2|1|5.40|||1|7.30|||1|4.59|||1|6.21|||N|N
H1001|008|001|1|1|4|1|3.60|||1|4.86|||1|3.06|||1|4.14|||N|N
H1001|008|001|1|2|1|1|10.81|||1|14.59|||1|9.19|||1|12.43|||N|N
H1001|008|001|1|2|2|1|32.43|||1|43.77|||1|27.56|||1|37.29|||N|N
H1001|008|001|1|2|4|1|21.62|||1|29.18|||1|18.37|||1|24.86|||N|N
H1001|008|001|1|3|1|1|40.53|||1|54.72|||1|34.45|||1|46.61|||N|Y
H1001|008|001|1|3|2|1|121.60|||1|164.16|||1|103.36|||1|139.84|||N|Y
H1001|008|001|1|3|4|1|81.06|||1|109.44|||1|68.91|||1|93.22|||N|Y
H1001|008|001|1|4|1|1|85.57|||1|115.52|||1|72.73|||1|98.40|||N|Y
H1001|008|001|1|4|2|1|256.71|||1|346.55|||1|218.20|||1|295.21|||N|Y
H1001|008|001|1|4|4|1|171.14|||1|231.03|||1|145.47|||1|196.81|||N|Y
H1001|008|001|1|5|1|2|33.0|108.09|702.56|2|33.0|145.92|948.46|2|33.0|91.87|597.18|2|33.0|124.30|807.95|Y|Y
H1001|008|001|1|5|2|2|33.0|324.26|2107.68|2|33.0|437.75|2845.37|2|33.0|275.62|1791.53|2|33.0|372.90|2423.84|Y|Y
H1001|008|001|1|5|4|2|33.0|216.17|1405.12|2|33.0|291.83|1896.92|2|33.0|183.75|1194.35|2|33.0|248.60|1615.89|Y|Y
H1001|008|001|3|1|1|1|1.80|||1|2.43|||1|1.53|||1|2.07|||N|N
H1001|008|001|3|1|2|1|5.40|||1|7.30|||1|4.59|||1|6.21|||N|N
H1001|008|001|3|1|4|1|3.60|||1|4.86|||1|3.06|||1|4.14|||N|N
H1001|008|001|3|2|1|1|10.81|||1|14.59|||1|9.19|||1|12.43|||N|N
H1001|008|001|3|2|2|1|32.43|||1|43.77|||1|27.56|||1|37.29|||N|N
H1001|008|001|3|2|4|1|21.62|||1|29.18|||1|18.37|||1|24.86|||N|N
H1001|008|001|3|3|1|1|40.53|||1|54.72|||1|34.45|||1|46.61|||N|Y
H1001|008|001|3|3|2|1|121.60|||1|164.16|||1|103.36|||1|139.84|||N|Y
H1001|008|001|3|3|4|1|81.06|||1|109.44|||1|68.91|||1|93.22|||N|Y
H1001|008|001|3|4|1|1|85.57|||1|115.52|||1|72.73|||1|98.40|||N|Y
H1001|008|001|3|4|2|1|256.71|||1|346.55|||1|218.20|||1|295.21|||N|Y
H1001|008|001|3|4|4|1|171.14|||1|231.03|||1|145.47|||1|196.81|||N|Y
H1001|008|001|3|5|1|2|33.0|108.09|702.56|2|33.0|145.92|948.46|2|33.0|91.87|597.18|2|33.0|124.30|807.95|Y|Y
H1001|008|001|3|5|2|2|33.0|324.26|2107.68|2|33.0|437.75|2845.37|2|33.0|275.62|1791.53|2|33.0|372.90|2423.84|Y|Y
H1001|008|001|3|5|4|2|33.0|216.17|1405.12|2|33.0|291.83|1896.92|2|33.0|183.75|1194.35|2|33.0|248.60|1615.89|Y|Y
H2002|008|002|0|1|1|1|2.21|||1|2.99|||1|1.88|||1|2.54|||N|N
H2002|008|002|0|1|2|1|6.64|||1|8.96|||1|5.64|||1|7.63|||N|N
H2002|008|002|0|1|4|1|4.42|||1|5.97|||1|3.76|||1|5.09|||N|N
H2002|008|002|0|2|1|1|13.27|||1|17.92|||1|11.28|||1|15.26|||N|N
H2002|008|002|0|2|2|1|39.81|||1|53.75|||1|33.84|||1|45.79|||N|N
H2002|008|002|0|2|4|1|26.54|||1|35.83|||1|22.56|||1|30.52|||N|N
H2002|008|002|0|3|1|1|49.77|||1|67.18|||1|42.30|||1|57.23|||N|Y
H2002|008|002|0|3|2|1|149.30|||1|201.55|||1|126.90|||1|171.69|||N|Y
H2002|008|002|0|3|4|1|99.53|||1|134.37|||1|84.60|||1|114.46|||N|Y
H2002|008|002|0|4|1|1|105.06|||1|141.83|||1|89.30|||1|120.82|||N|Y
H2002|008|002|0|4|2|1|315.19|||1|425.50|||1|267.91|||1|362.47|||N|Y
H2002|008|002|0|4|4|1|210.12|||1|283.67|||1|178.61|||1|241.64|||N|Y
H2002|008|002|0|5|1|2|33.0|132.71|862.62|2|33.0|179.16|1164.53|2|33.0|112.80|733.22|2|33.0|152.62|992.01|Y|Y
H2002|008|002|0|5|2|2|33.0|398.13|2587.85|2|33.0|537.48|3493.60|2|33.0|338.41|2199.67|2|33.0|457.85|2976.03|Y|Y
H2002|008|002|0|5|4|2|33.0|265.42|1725.24|2|33.0|358.32|2329.07|2|33.0|225.61|1466.45|2|33.0|305.23|1984.02|Y|Y
H2002|008|002|1|1|1|1|2.21|||1|2.99|||1|1.88|||1|2.54|||N|N
H2002|008|002|1|1|2|1|6.64|||1|8.96|||1|5.64|||1|7.63|||N|N
H2002|008|002|1|1|4|1|4.42|||1|5.97|||1|3.76|||1|5.09|||N|N
H2002|008|002|1|2|1|1|13.27|||1|17.92|||1|11.28|||1|15.26|||N|N
H2002|008|002|1|2|2|1|39.81|||1|53.75|||1|33.84|||1|45.79|||N|N
H2002|008|002|1|2|4|1|26.54|||1|35.83|||1|22.56|||1|30.52|||N|N
H2002|008|002|1|3|1|1|49.77|||1|67.18|||1|42.30|||1|57.23|||N|Y
H2002|008|002|1|3|2|1|149.30|||1|201.55|||1|126.90|||1|171.69|||N|Y
H2002|008|002|1|3|4|1|99.53|||1|134.37|||1|84.60|||1|114.46|||N|Y
H2002|008|002|1|4|1|1|105.06|||1|141.83|||1|89.30|||1|120.82|||N|Y
H2002|008|002|1|4|2|1|315.19|||1|425.50|||1|267.91|||1|362.47|||N|Y
H2002|008|002|1|4|4|1|210.12|||1|283.67|||1|178.61|||1|241.64|||N|Y
H2002|008|002|1|5|1|2|33.0|132.71|862.62|2|33.0|179.16|1164.53|2|33.0|112.80|733.22|2|33.0|152.62|992.01|Y|Y
H2002|008|002|1|5|2|2|33.0|398.13|2587.85|2|33.0|537.48|3493.60|2|33.0|338.41|2199.67|2|33.0|457.85|2976.03|Y|Y
H2002|008|002|1|5|4|2|33.0|265.42|1725.24|2|33.0|358.32|2329.07|2|33.0|225.61|1466.45|2|33.0|305.23|1984.02|Y|Y
H2002|008|002|3|1|1|1|2.21|||1|2.99|||1|1.88|||1|2.54|||N|N
H2002|008|002|3|1|2|1|6.64|||1|8.96|||1|5.64|||1|7.63|||N|N
H2002|008|002|3|1|4|1|4.42|||1|5.97|||1|3.76|||1|5.09|||N|N
H2002|008|002|3|2|1|1|13.27|||1|17.92|||1|11.28|||1|15.26|||N|N
H2002|008|002|3|2|2|1|39.81|||1|53.75|||1|33.84|||1|45.79|||N|N
H2002|008|002|3|2|4|1|26.54|||1|35.83|||1|22.56|||1|30.52|||N|N
H2002|008|002|3|3|1|1|49.77|||1|67.18|||1|42.30|||1|57.23|||N|Y
H2002|008|002|3|3|2|1|149.30|||1|201.55|||1|126.90|||1|171.69|||N|Y
H2002|008|002|3|3|4|1|99.53|||1|134.37|||1|84.60|||1|114.46|||N|Y
H2002|008|002|3|4|1|1|105.06|||1|141.83|||1|89.30|||1|120.82|||N|Y
H2002|008|002|3|4|2|1|315.19|||1|425.50|||1|267.91|||1|362.47|||N|Y
H2002|008|002|3|4|4|1|210.12|||1|283.67|||1|178.61|||1|241.64|||N|Y
H2002|008|002|3|5|1|2|33.0|132.71|862.62|2|33.0|179.16|1164.53|2|33.0|112.80|733.22|2|33.0|152.62|992.01|Y|Y
H2002|008|002|3|5|2|2|33.0|398.13|2587.85|2|33.0|537.48|3493.60|2|33.0|338.41|2199.67|2|33.0|457.85|2976.03|Y|Y
H2002|008|002|3|5|4|2|33.0|265.42|1725.24|2|33.0|358.32|2329.07|2|33.0|225.61|1466.45|2|33.0|305.23|1984.02|Y|Y
H3003|008|000|0|1|1|1|1.88|||1|2.54|||1|1.60|||1|2.17|||N|N
H3003|008|000|0|1|2|1|5.65|||1|7.63|||1|4.80|||1|6.50|||N|N
H3003|008|000|0|1|4|1|3.77|||1|5.09|||1|3.20|||1|4.33|||N|N
H3003|008|000|0|2|1|1|11.30|||1|15.26|||1|9.61|||1|13.00|||N|N
H3003|008|000|0|2|2|1|33.90|||1|45.77|||1|28.82|||1|38.99|||N|N
H3003|008|000|0|2|4|1|22.60|||1|30.51|||1|19.21|||1|25.99|||N|N
H3003|008|000|0|3|1|1|42.38|||1|57.21|||1|36.02|||1|48.74|||N|Y
H3003|008|000|0|3|2|1|127.14|||1|171.64|||1|108.07|||1|146.21|||N|Y
H3003|008|000|0|3|4|1|84.76|||1|114.42|||1|72.04|||1|97.47|||N|Y
H3003|008|000|0|4|1|1|89.47|||1|120.78|||1|76.05|||1|102.89|||N|Y
H3003|008|000|0|4|2|1|268.40|||1|362.34|||1|228.14|||1|308.66|||N|Y
H3003|008|000|0|4|4|1|178.93|||1|241.56|||1|152.09|||1|205.77|||N|Y
H3003|008|000|0|5|1|2|33.0|113.01|734.57|2|33.0|152.57|991.67|2|33.0|96.06|624.39|2|33.0|129.96|844.76|Y|Y
H3003|008|000|0|5|2|2|33.0|339.03|2203.72|2|33.0|457.70|2975.02|2|33.0|288.18|1873.16|2|33.0|389.89|2534.28|Y|Y
H3003|008|000|0|5|4|2|33.0|226.02|1469.15|2|33.0|305.13|1983.35|2|33.0|192.12|1248.77|2|33.0|259.93|1689.52|Y|Y
H3003|008|000|1|1|1|1|1.88|||1|2.54|||1|1.60|||1|2.17|||N|N
H3003|008|000|1|1|2|1|5.65|||1|7.63|||1|4.80|||1|6.50|||N|N
H3003|008|000|1|1|4|1|3.77|||1|5.09|||1|3.20|||1|4.33|||N|N
H3003|008|000|1|2|1|1|11.30|||1|15.26|||1|9.61|||1|13.00|||N|N
H3003|008|000|1|2|2|1|33.90|||1|45.77|||1|28.82|||1|38.99|||N|N
H3003|008|000|1|2|4|1|22.60|||1|30.51|||1|19.21|||1|25.99|||N|N
H3003|008|000|1|3|1|1|42.38|||1|57.21|||1|36.02|||1|48.74|||N|Y
H3003|008|000|1|3|2|1|127.14|||1|171.64|||1|108.07|||1|146.21|||N|Y
H3003|008|000|1|3|4|1|84.76|||1|114.42|||1|72.04|||1|97.47|||N|Y
H3003|008|000|1|4|1|1|89.47|||1|120.78|||1|76.05|||1|102.89|||N|Y
H3003|008|000|1|4|2|1|268.40|||1|362.34|||1|228.14|||1|308.66|||N|Y
H3003|008|000|1|4|4|1|178.93|||1|241.56|||1|152.09|||1|205.77|||N|Y
H3003|008|000|1|5|1|2|33.0|113.01|734.57|2|33.0|152.57|991.67|2|33.0|96.06|624.39|2|33.0|129.96|844.76|Y|Y
H3003|008|000|1|5|2|2|33.0|339.03|2203.72|2|33.0|457.70|2975.02|2|33.0|288.18|1873.16|2|33.0|389.89|2534.28|Y|Y
H3003|008|000|1|5|4|2|33.0|226.02|1469.15|2|33.0|305.13|1983.35|2|33.0|192.12|1248.77|2|33.0|259.93|1689.52|Y|Y
H3003|008|000|3|1|1|1|1.88|||1|2.54|||1|1.60|||1|2.17|||N|N
H3003|008|000|3|1|2|1|5.65|||1|7.63|||1|4.80|||1|6.50|||N|N
H3003|008|000|3|1|4|1|3.77|||1|5.09|||1|3.20|||1|4.33|||N|N
H3003|008|000|3|2|1|1|11.30|||1|15.26|||1|9.61|||1|13.00|||N|N
H3003|008|000|3|2|2|1|33.90|||1|45.77|||1|28.82|||1|38.99|||N|N
H3003|008|000|3|2|4|1|22.60|||1|30.51|||1|19.21|||1|25.99|||N|N
H3003|008|000|3|3|1|1|42.38|||1|57.21|||1|36.02|||1|48.74|||N|Y
H3003|008|000|3|3|2|1|127.14|||1|171.64|||1|108.07|||1|146.21|||N|Y
H3003|008|000|3|3|4|1|84.76|||1|114.42|||1|72.04|||1|97.47|||N|Y
H3003|008|000|3|4|1|1|89.47|||1|120.78|||1|76.05|||1|102.89|||N|Y
H3003|008|000|3|4|2|1|268.40|||1|362.34|||1|228.14|||1|308.66|||N|Y
H3003|008|000|3|4|4|1|178.93|||1|241.56|||1|152.09|||1|205.77|||N|Y
H3003|008|000|3|5|1|2|33.0|113.01|734.57|2|33.0|152.57|991.67|2|33.0|96.06|624.39|2|33.0|129.96|844.76|Y|Y
H3003|008|000|3|5|2|2|33.0|339.03|2203.72|2|33.0|457.70|2975.02|2|33.0|288.18|1873.16|2|33.0|389.89|2534.28|Y|Y
H3003|008|000|3|5|4|2|33.0|226.02|1469.15|2|33.0|305.13|1983.35|2|33.0|192.12|1248.77|2|33.0|259.93|1689.52|Y|Y
S4004|008|001|0|1|1|1|3.20|||1|4.32|||1|2.72|||1|3.68|||N|N
S4004|008|001|0|1|2|1|9.59|||1|12.95|||1|8.15|||1|11.03|||N|N
S4004|008|001|0|1|4|1|6.39|||1|8.63|||1|5.43|||1|7.35|||N|N
S4004|008|001|0|2|1|1|19.18|||1|25.89|||1|16.30|||1|22.06|||N|N
S4004|008|001|0|2|2|1|57.54|||1|77.68|||1|48.91|||1|66.17|||N|N
S4004|008|001|0|2|4|1|38.36|||1|51.79|||1|32.61|||1|44.12|||N|N
S4004|008|001|0|3|1|1|71.93|||1|97.10|||1|61.14|||1|82.72|||N|Y
S4004|008|001|0|3|2|1|215.78|||1|291.31|||1|183.42|||1|248.15|||N|Y
S4004|008|001|0|3|4|1|143.86|||1|194.21|||1|122.28|||1|165.43|||N|Y
S4004|008|001|0|4|1|1|151.85|||1|204.99|||1|129.07|||1|174.63|||N|Y
S4004|008|001|0|4|2|1|455.54|||1|614.98|||1|387.21|||1|523.88|||N|Y
S4004|008|001|0|4|4|1|303.70|||1|409.99|||1|258.14|||1|349.25|||N|Y
S4004|008|001|0|5|1|2|33.0|191.81|1246.75|2|33.0|258.94|1683.12|2|33.0|163.04|1059.74|2|33.0|220.58|1433.76|Y|Y
S4004|008|001|0|5|2|2|33.0|575.42|3740.26|2|33.0|776.82|5049.35|2|33.0|489.11|3179.22|2|33.0|661.74|4301.29|Y|Y
S4004|008|001|0|5|4|2|33.0|383.62|2493.50|2|33.0|517.88|3366.23|2|33.0|326.07|2119.48|2|33.0|441.16|2867.53|Y|Y
S4004|008|001|1|1|1|1|3.20|||1|4.32|||1|2.72|||1|3.68|||N|N
S4004|008|001|1|1|2|1|9.59|||1|12.95|||1|8.15|||1|11.03|||N|N
S4004|008|001|1|1|4|1|6.39|||1|8.63|||1|5.43|||1|7.35|||N|N
S4004|008|001|1|2|1|1|19.18|||1|25.89|||1|16.30|||1|22.06|||N|N
S4004|008|001|1|2|2|1|57.54|||1|77.68|||1|48.91|||1|66.17|||N|N
S4004|008|001|1|2|4|1|38.36|||1|51.79|||1|32.61|||1|44.12|||N|N
S4004|008|001|1|3|1|1|71.93|||1|97.10|||1|61.14|||1|82.72|||N|Y
S4004|008|001|1|3|2|1|215.78|||1|291.31|||1|183.42|||1|248.15|||N|Y
S4004|008|001|1|3|4|1|143.86|||1|194.21|||1|122.28|||1|165.43|||N|Y
S4004|008|001|1|4|1|1|151.85|||1|204.99|||1|129.07|||1|174.63|||N|Y
S4004|008|001|1|4|2|1|455.54|||1|614.98|||1|387.21|||1|523.88|||N|Y
S4004|008|001|1|4|4|1|303.70|||1|409.99|||1|258.14|||1|349.25|||N|Y
S4004|008|001|1|5|1|2|33.0|191.81|1246.75|2|33.0|258.94|1683.12|2|33.0|163.04|1059.74|2|33.0|220.58|1433.76|Y|Y
S4004|008|001|1|5|2|2|33.0|575.42|3740.26|2|33.0|776.82|5049.35|2|33.0|489.11|3179.22|2|33.0|661.74|4301.29|Y|Y
S4004|008|001|1|5|4|2|33.0|383.62|2493.50|2|33.0|517.88|3366.23|2|33.0|326.07|2119.48|2|33.0|441.16|2867.53|Y|Y
S4004|008|001|3|1|1|1|3.20|||1|4.32|||1|2.72|||1|3.68|||N|N
S4004|008|001|3|1|2|1|9.59|||1|12.95|||1|8.15|||1|11.03|||N|N
S4004|008|001|3|1|4|1|6.39|||1|8.63|||1|5.43|||1|7.35|||N|N
S4004|008|001|3|2|1|1|19.18|||1|25.89|||1|16.30|||1|22.06|||N|N
S4004|008|001|3|2|2|1|57.54|||1|77.68|||1|48.91|||1|66.17|||N|N
S4004|008|001|3|2|4|1|38.36|||1|51.79|||1|32.61|||1|44.12|||N|N
S4004|008|001|3|3|1|1|71.93|||1|97.10|||1|61.14|||1|82.72|||N|Y
S4004|008|001|3|3|2|1|215.78|||1|291.31|||1|183.42|||1|248.15|||N|Y
S4004|008|001|3|3|4|1|143.86|||1|194.21|||1|122.28|||1|165.43|||N|Y
S4004|008|001|3|4|1|1|151.85|||1|204.99|||1|129.07|||1|174.63|||N|Y
S4004|008|001|3|4|2|1|455.54|||1|614.98|||1|387.21|||1|523.88|||N|Y
S4004|008|001|3|4|4|1|303.70|||1|409.99|||1|258.14|||1|349.25|||N|Y
S4004|008|001|3|5|1|2|33.0|191.81|1246.75|2|33.0|258.94|1683.12|2|33.0|163.04|1059.74|2|33.0|220.58|1433.76|Y|Y
S4004|008|001|3|5|2|2|33.0|575.42|3740.26|2|33.0|776.82|5049.35|2|33.0|489.11|3179.22|2|33.0|661.74|4301.29|Y|Y
S4004|008|001|3|5|4|2|33.0|383.62|2493.50|2|33.0|517.88|3366.23|2|33.0|326.07|2119.48|2|33.0|441.16|2867.53|Y|Y
H1001|009|002|0|1|1|1|2.62|||1|3.54|||1|2.23|||1|3.02|||N|N
H1001|009|002|0|1|2|1|7.87|||1|10.62|||1|6.69|||1|9.05|||N|N
H1001|009|002|0|1|4|1|5.24|||1|7.08|||1|4.46|||1|6.03|||N|N
H1001|009|002|0|2|1|1|15.73|||1|21.24|||1|13.37|||1|18.09|||N|N
H1001|009|002|0|2|2|1|47.20|||1|63.72|||1|40.12|||1|54.28|||N|N
H1001|009|002|0|2|4|1|31.47|||1|42.48|||1|26.75|||1|36.19|||N|N
H1001|009|002|0|3|1|1|59.00|||1|79.65|||1|50.15|||1|67.85|||N|Y
H1001|009|002|0|3|2|1|177.00|||1|238.95|||1|150.45|||1|203.55|||N|Y
H1001|009|002|0|3|4|1|118.00|||1|159.30|||1|100.30|||1|135.70|||N|Y
H1001|009|002|0|4|1|1|124.56|||1|168.15|||1|105.87|||1|143.24|||N|Y
H1001|009|002|0|4|2|1|373.67|||1|504.45|||1|317.62|||1|429.72|||N|Y
H1001|009|002|0|4|4|1|249.11|||1|336.30|||1|211.75|||1|286.48|||N|Y
H1001|009|002|0|5|1|2|33.0|157.33|1022.67|2|33.0|212.40|1380.61|2|33.0|133.73|869.27|2|33.0|180.93|1176.07|Y|Y
H1001|009|002|0|5|2|2|33.0|472.00|3068.02|2|33.0|637.20|4141.83|2|33.0|401.20|2607.82|2|33.0|542.80|3528.22|Y|Y
H1001|009|002|0|5|4|2|33.0|314.67|2045.35|2|33.0|424.80|2761.22|2|33.0|267.47|1738.55|2|33.0|361.87|2352.15|Y|Y
H1001|009|002|1|1|1|1|2.62|||1|3.54|||1|2.23|||1|3.02|||N|N
H1001|009|002|1|1|2|1|7.87|||1|10.62|||1|6.69|||1|9.05|||N|N
H1001|009|002|1|1|4|1|5.24|||1|7.08|||1|4.46|||1|6.03|||N|N
H1001|009|002|1|2|1|1|15.73|||1|21.24|||1|13.37|||1|18.09|||N|N
H1001|009|002|1|2|2|1|47.20|||1|63.72|||1|40.12|||1|54.28|||N|N
H1001|009|002|1|2|4|1|31.47|||1|42.48|||1|26.75|||1|36.19|||N|N
H1001|009|002|1|3|1|1|59.00|||1|79.65|||1|50.15|||1|67.85|||N|Y
H1001|009|002|1|3|2|1|177.00|||1|238.95|||1|150.45|||1|203.55|||N|Y
H1001|009|002|1|3|4|1|118.00|||1|159.30|||1|100.30|||1|135.70|||N|Y
H1001|009|002|1|4|1|1|124.56|||1|168.15|||1|105.87|||1|143.24|||N|Y
H1001|009|002|1|4|2|1|373.67|||1|504.45|||1|317.62|||1|429.72|||N|Y
H1001|009|002|1|4|4|1|249.11|||1|336.30|||1|211.75|||1|286.48|||N|Y
H1001|009|002|1|5|1|2|33.0|157.33|1022.67|2|33.0|212.40|1380.61|2|33.0|133.73|869.27|2|33.0|180.93|1176.07|Y|Y
H1001|009|002|1|5|2|2|33.0|472.00|3068.02|2|33.0|637.20|4141.83|2|33.0|401.20|2607.82|2|33.0|542.80|3528.22|Y|Y
H1001|009|002|1|5|4|2|33.0|314.67|2045.35|2|33.0|424.80|2761.22|2|33.0|267.47|1738.55|2|33.0|361.87|2352.15|Y|Y
H1001|009|002|3|1|1|1|2.62|||1|3.54|||1|2.23|||1|3.02|||N|N
H1001|009|002|3|1|2|1|7.87|||1|10.62|||1|6.69|||1|9.05|||N|N
H1001|009|002|3|1|4|1|5.24|||1|7.08|||1|4.46|||1|6.03|||N|N
H1001|009|002|3|2|1|1|15.73|||1|21.24|||1|13.37|||1|18.09|||N|N
H1001|009|002|3|2|2|1|47.20|||1|63.72|||1|40.12|||1|54.28|||N|N
H1001|009|002|3|2|4|1|31.47|||1|42.48|||1|26.75|||1|36.19|||N|N
H1001|009|002|3|3|1|1|59.00|||1|79.65|||1|50.15|||1|67.85|||N|Y
H1001|009|002|3|3|2|1|177.00|||1|238.95|||1|150.45|||1|203.55|||N|Y
H1001|009|002|3|3|4|1|118.00|||1|159.30|||1|100.30|||1|135.70|||N|Y
H1001|009|002|3|4|1|1|124.56|||1|168.15|||1|105.87|||1|143.24|||N|Y
H1001|009|002|3|4|2|1|373.67|||1|504.45|||1|317.62|||1|429.72|||N|Y
H1001|009|002|3|4|4|1|249.11|||1|336.30|||1|211.75|||1|286.48|||N|Y
H1001|009|002|3|5|1|2|33.0|157.33|1022.67|2|33.0|212.40|1380.61|2|33.0|133.73|869.27|2|33.0|180.93|1176.07|Y|Y
H1001|009|002|3|5|2|2|33.0|472.00|3068.02|2|33.0|637.20|4141.83|2|33.0|401.20|2607.82|2|33.0|542.80|3528.22|Y|Y
H1001|009|002|3|5|4|2|33.0|314.67|2045.35|2|33.0|424.80|2761.22|2|33.0|267.47|1738.55|2|33.0|361.87|2352.15|Y|Y
H2002|009|000|0|1|1|1|2.29|||1|3.10|||1|1.95|||1|2.64|||N|N
H2002|009|000|0|1|2|1|6.88|||1|9.29|||1|5.85|||1|7.91|||N|N
H2002|009|000|0|1|4|1|4.59|||1|6.19|||1|3.90|||1|5.28|||N|N
H2002|009|000|0|2|1|1|13.76|||1|18.58|||1|11.70|||1|15.83|||N|N
H2002|009|000|0|2|2|1|41.29|||1|55.74|||1|35.10|||1|47.48|||N|N
H2002|009|000|0|2|4|1|27.53|||1|37.16|||1|23.40|||1|31.66|||N|N
H2002|009|000|0|3|1|1|51.61|||1|69.68|||1|43.87|||1|59.36|||N|Y
H2002|009|000|0|3|2|1|154.84|||1|209.03|||1|131.61|||1|178.07|||N|Y
H2002|009|000|0|3|4|1|103.23|||1|139.36|||1|87.74|||1|118.71|||N|Y
H2002|009|000|0|4|1|1|108.96|||1|147.10|||1|92.62|||1|125.31|||N|Y
H2002|009|000|0|4|2|1|326.88|||1|441.29|||1|277.85|||1|375.92|||N|Y
H2002|009|000|0|4|4|1|217.92|||1|294.20|||1|185.23|||1|250.61|||N|Y
H2002|009|000|0|5|1|2|33.0|137.64|894.63|2|33.0|185.81|1207.75|2|33.0|116.99|760.43|2|33.0|158.28|1028.82|Y|Y
H2002|009|000|0|5|2|2|33.0|412.91|2683.89|2|33.0|557.42|3623.25|2|33.0|350.97|2281.30|2|33.0|474.84|3086.47|Y|Y
H2002|009|000|0|5|4|2|33.0|275.27|1789.26|2|33.0|371.62|2415.50|2|33.0|233.98|1520.87|2|33.0|316.56|2057.65|Y|Y
H2002|009|000|1|1|1|1|2.29|||1|3.10|||1|1.95|||1|2.64|||N|N
H2002|009|000|1|1|2|1|6.88|||1|9.29|||1|5.85|||1|7.91|||N|N
H2002|009|000|1|1|4|1|4.59|||1|6.19|||1|3.90|||1|5.28|||N|N
H2002|009|000|1|2|1|1|13.76|||1|18.58|||1|11.70|||1|15.83|||N|N
H2002|009|000|1|2|2|1|41.29|||1|55.74|||1|35.10|||1|47.48|||N|N
H2002|009|000|1|2|4|1|27.53|||1|37.16|||1|23.40|||1|31.66|||N|N
H2002|009|000|1|3|1|1|51.61|||1|69.68|||1|43.87|||1|59.36|||N|Y
H2002|009|000|1|3|2|1|154.84|||1|209.03|||1|131.61|||1|178.07|||N|Y
H2002|009|000|1|3|4|1|103.23|||1|139.36|||1|87.74|||1|118.71|||N|Y
H2002|009|000|1|4|1|1|108.96|||1|147.10|||1|92.62|||1|125.31|||N|Y
H2002|009|000|1|4|2|1|326.88|||1|441.29|||1|277.85|||1|375.92|||N|Y
H2002|009|000|1|4|4|1|217.92|||1|294.20|||1|185.23|||1|250.61|||N|Y
H2002|009|000|1|5|1|2|33.0|137.64|894.63|2|33.0|185.81|1207.75|2|33.0|116.99|760.43|2|33.0|158.28|1028.82|Y|Y
H2002|009|000|1|5|2|2|33.0|412.91|2683.89|2|33.0|557.42|3623.25|2|33.0|350.97|2281.30|2|33.0|474.84|3086.47|Y|Y
H2002|009|000|1|5|4|2|33.0|275.27|1789.26|2|33.0|371.62|2415.50|2|33.0|233.98|1520.87|2|33.0|316.56|2057.65|Y|Y
H2002|009|000|3|1|1|1|2.29|||1|3.10|||1|1.95|||1|2.64|||N|N
H2002|009|000|3|1|2|1|6.88|||1|9.29|||1|5.85|||1|7.91|||N|N
H2002|009|000|3|1|4|1|4.59|||1|6.19|||1|3.90|||1|5.28|||N|N
H2002|009|000|3|2|1|1|13.76|||1|18.58|||1|11.70|||1|15.83|||N|N
H2002|009|000|3|2|2|1|41.29|||1|55.74|||1|35.10|||1|47.48|||N|N
H2002|009|000|3|2|4|1|27.53|||1|37.16|||1|23.40|||1|31.66|||N|N
H2002|009|000|3|3|1|1|51.61|||1|69.68|||1|43.87|||1|59.36|||N|Y
H2002|009|000|3|3|2|1|154.84|||1|209.03|||1|131.61|||1|178.07|||N|Y
H2002|009|000|3|3|4|1|103.23|||1|139.36|||1|87.74|||1|118.71|||N|Y
H2002|009|000|3|4|1|1|108.96|||1|147.10|||1|92.62|||1|125.31|||N|Y
H2002|009|000|3|4|2|1|326.88|||1|441.29|||1|277.85|||1|375.92|||N|Y
H2002|009|000|3|4|4|1|217.92|||1|294.20|||1|185.23|||1|250.61|||N|Y
H2002|009|000|3|5|1|2|33.0|137.64|894.63|2|33.0|185.81|1207.75|2|33.0|116.99|760.43|2|33.0|158.28|1028.82|Y|Y
H2002|009|000|3|5|2|2|33.0|412.91|2683.89|2|33.0|557.42|3623.25|2|33.0|350.97|2281.30|2|33.0|474.84|3086.47|Y|Y
H2002|009|000|3|5|4|2|33.0|275.27|1789.26|2|33.0|371.62|2415.50|2|33.0|233.98|1520.87|2|33.0|316.56|2057.65|Y|Y
H3003|009|001|0|1|1|1|2.70|||1|3.65|||1|2.30|||1|3.11|||N|N
H3003|009|001|0|1|2|1|8.11|||1|10.95|||1|6.90|||1|9.33|||N|N
H3003|009|001|0|1|4|1|5.41|||1|7.30|||1|4.60|||1|6.22|||N|N
H3003|009|001|0|2|1|1|16.23|||1|21.90|||1|13.79|||1|18.66|||N|N
H3003|009|001|0|2|2|1|48.68|||1|65.71|||1|41.38|||1|55.98|||N|N
H3003|009|001|0|2|4|1|32.45|||1|43.81|||1|27.58|||1|37.32|||N|N
H3003|009|001|0|3|1|1|60.85|||1|82.14|||1|51.72|||1|69.97|||N|Y
H3003|009|001|0|3|2|1|182.54|||1|246.43|||1|155.16|||1|209.92|||N|Y
H3003|009|001|0|3|4|1|121.69|||1|164.29|||1|103.44|||1|139.95|||N|Y
H3003|009|001|0|4|1|1|128.46|||1|173.41|||1|109.19|||1|147.72|||N|Y
H3003|009|001|0|4|2|1|385.37|||1|520.24|||1|327.56|||1|443.17|||N|Y
H3003|009|001|0|4|4|1|256.91|||1|346.83|||1|218.37|||1|295.45|||N|Y
H3003|009|001|0|5|1|2|33.0|162.26|1054.68|2|33.0|219.05|1423.82|2|33.0|137.92|896.48|2|33.0|186.60|1212.89|Y|Y
H3003|009|001|0|5|2|2|33.0|486.78|3164.05|2|33.0|657.15|4271.47|2|33.0|413.76|2689.45|2|33.0|559.79|3638.66|Y|Y
H3003|009|001|0|5|4|2|33.0|324.52|2109.37|2|33.0|438.10|2847.65|2|33.0|275.84|1792.96|2|33.0|373.20|2425.78|Y|Y
H3003|009|001|1|1|1|1|2.70|||1|3.65|||1|2.30|||1|3.11|||N|N
H3003|009|001|1|1|2|1|8.11|||1|10.95|||1|6.90|||1|9.33|||N|N
H3003|009|001|1|1|4|1|5.41|||1|7.30|||1|4.60|||1|6.22|||N|N
H3003|009|001|1|2|1|1|16.23|||1|21.90|||1|13.79|||1|18.66|||N|N
H3003|009|001|1|2|2|1|48.68|||1|65.71|||1|41.38|||1|55.98|||N|N
H3003|009|001|1|2|4|1|32.45|||1|43.81|||1|27.58|||1|37.32|||N|N
H3003|009|001|1|3|1|1|60.85|||1|82.14|||1|51.72|||1|69.97|||N|Y
H3003|009|001|1|3|2|1|182.54|||1|246.43|||1|155.16|||1|209.92|||N|Y
H3003|009|001|1|3|4|1|121.69|||1|164.29|||1|103.44|||1|139.95|||N|Y
H3003|009|001|1|4|1|1|128.46|||1|173.41|||1|109.19|||1|147.72|||N|Y
H3003|009|001|1|4|2|1|385.37|||1|520.24|||1|327.56|||1|443.17|||N|Y
H3003|009|001|1|4|4|1|256.91|||1|346.83|||1|218.37|||1|295.45|||N|Y
H3003|009|001|1|5|1|2|33.0|162.26|1054.68|2|33.0|219.05|1423.82|2|33.0|137.92|896.48|2|33.0|186.60|1212.89|Y|Y
H3003|009|001|1|5|2|2|33.0|486.78|3164.05|2|33.0|657.15|4271.47|2|33.0|413.76|2689.45|2|33.0|559.79|3638.66|Y|Y
H3003|009|001|1|5|4|2|33.0|324.52|2109.37|2|33.0|438.10|2847.65|2|33.0|275.84|1792.96|2|33.0|373.20|2425.78|Y|Y
H3003|009|001|3|1|1|1|2.70|||1|3.65|||1|2.30|||1|3.11|||N|N
H3003|009|001|3|1|2|1|8.11|||1|10.95|||1|6.90|||1|9.33|||N|N
H3003|009|001|3|1|4|1|5.41|||1|7.30|||1|4.60|||1|6.22|||N|N
H3003|009|001|3|2|1|1|16.23|||1|21.90|||1|13.79|||1|18.66|||N|N
H3003|009|001|3|2|2|1|48.68|||1|65.71|||1|41.38|||1|55.98|||N|N
H3003|009|001|3|2|4|1|32.45|||1|43.81|||1|27.58|||1|37.32|||N|N
H3003|009|001|3|3|1|1|60.85|||1|82.14|||1|51.72|||1|69.97|||N|Y
H3003|009|001|3|3|2|1|182.54|||1|246.43|||1|155.16|||1|209.92|||N|Y
H3003|009|001|3|3|4|1|121.69|||1|164.29|||1|103.44|||1|139.95|||N|Y
H3003|009|001|3|4|1|1|128.46|||1|173.41|||1|109.19|||1|147.72|||N|Y
H3003|009|001|3|4|2|1|385.37|||1|520.24|||1|327.56|||1|443.17|||N|Y
H3003|009|001|3|4|4|1|256.91|||1|346.83|||1|218.37|||1|295.45|||N|Y
H3003|009|001|3|5|1|2|33.0|162.26|1054.68|2|33.0|219.05|1423.82|2|33.0|137.92|896.48|2|33.0|186.60|1212.89|Y|Y
H3003|009|001|3|5|2|2|33.0|486.78|3164.05|2|33.0|657.15|4271.47|2|33.0|413.76|2689.45|2|33.0|559.79|3638.66|Y|Y
H3003|009|001|3|5|4|2|33.0|324.52|2109.37|2|33.0|438.10|2847.65|2|33.0|275.84|1792.96|2|33.0|373.20|2425.78|Y|Y
S4004|009|002|0|1|1|1|2.13|||1|2.88|||1|1.81|||1|2.45|||N|N
S4004|009|002|0|1|2|1|6.39|||1|8.63|||1|5.43|||1|7.35|||N|N
S4004|009|002|0|1|4|1|4.26|||1|5.75|||1|3.62|||1|4.90|||N|N
S4004|009|002|0|2|1|1|12.78|||1|17.25|||1|10.86|||1|14.70|||N|N
S4004|009|002|0|2|2|1|38.34|||1|51.75|||1|32.59|||1|44.09|||N|N
S4004|009|002|0|2|4|1|25.56|||1|34.50|||1|21.72|||1|29.39|||N|N
S4004|009|002|0|3|1|1|47.92|||1|64.69|||1|40.73|||1|55.11|||N|Y
S4004|009|002|0|3|2|1|143.76|||1|194.07|||1|122.19|||1|165.32|||N|Y
S4004|009|002|0|3|4|1|95.84|||1|129.38|||1|81.46|||1|110.22|||N|Y
S4004|009|002|0|4|1|1|101.16|||1|136.57|||1|85.99|||1|116.34|||N|Y
S4004|009|002|0|4|2|1|303.49|||1|409.71|||1|257.97|||1|349.01|||N|Y
S4004|009|002|0|4|4|1|202.33|||1|273.14|||1|171.98|||1|232.68|||N|Y
S4004|009|002|0|5|1|2|33.0|127.79|830.61|2|33.0|172.51|1121.32|2|33.0|108.62|706.02|2|33.0|146.95|955.20|Y|Y
S4004|009|002|0|5|2|2|33.0|383.36|2491.82|2|33.0|517.53|3363.96|2|33.0|325.85|2118.05|2|33.0|440.86|2865.59|Y|Y
S4004|009|002|0|5|4|2|33.0|255.57|1661.21|2|33.0|345.02|2242.64|2|33.0|217.24|1412.03|2|33.0|293.91|1910.39|Y|Y
S4004|009|002|1|1|1|1|2.13|||1|2.88|||1|1.81|||1|2.45|||N|N
S4004|009|002|1|1|2|1|6.39|||1|8.63|||1|5.43|||1|7.35|||N|N
S4004|009|002|1|1|4|1|4.26|||1|5.75|||1|3.62|||1|4.90|||N|N
S4004|009|002|1|2|1|1|12.78|||1|17.25|||1|10.86|||1|14.70|||N|N
S4004|009|002|1|2|2|1|38.34|||1|51.75|||1|32.59|||1|44.09|||N|N
S4004|009|002|1|2|4|1|25.56|||1|34.50|||1|21.72|||1|29.39|||N|N
S4004|009|002|1|3|1|1|47.92|||1|64.69|||1|40.73|||1|55.11|||N|Y
S4004|009|002|1|3|2|1|143.76|||1|194.07|||1|122.19|||1|165.32|||N|Y
S4004|009|002|1|3|4|1|95.84|||1|129.38|||1|81.46|||1|110.22|||N|Y
S4004|009|002|1|4|1|1|101.16|||1|136.57|||1|85.99|||1|116.34|||N|Y
S4004|009|002|1|4|2|1|303.49|||1|409.71|||1|257.97|||1|349.01|||N|Y
S4004|009|002|1|4|4|1|202.33|||1|273.14|||1|171.98|||1|232.68|||N|Y
S4004|009|002|1|5|1|2|33.0|127.79|830.61|2|33.0|172.51|1121.32|2|33.0|108.62|706.02|2|33.0|146.95|955.20|Y|Y
S4004|009|002|1|5|2|2|33.0|383.36|2491.82|2|33.0|517.53|3363.96|2|33.0|325.85|2118.05|2|33.0|440.86|2865.59|Y|Y
S4004|009|002|1|5|4|2|33.0|255.57|1661.21|2|33.0|345.02|2242.64|2|33.0|217.24|1412.03|2|33.0|293.91|1910.39|Y|Y
S4004|009|002|3|1|1|1|2.13|||1|2.88|||1|1.81|||1|2.45|||N|N
S4004|009|002|3|1|2|1|6.39|||1|8.63|||1|5.43|||1|7.35|||N|N
S4004|009|002|3|1|4|1|4.26|||1|5.75|||1|3.62|||1|4.90|||N|N
S4004|009|002|3|2|1|1|12.78|||1|17.25|||1|10.86|||1|14.70|||N|N
S4004|009|002|3|2|2|1|38.34|||1|51.75|||1|32.59|||1|44.09|||N|N
S4004|009|002|3|2|4|1|25.56|||1|34.50|||1|21.72|||1|29.39|||N|N
S4004|009|002|3|3|1|1|47.92|||1|64.69|||1|40.73|||1|55.11|||N|Y
S4004|009|002|3|3|2|1|143.76|||1|194.07|||1|122.19|||1|165.32|||N|Y
S4004|009|002|3|3|4|1|95.84|||1|129.38|||1|81.46|||1|110.22|||N|Y
S4004|009|002|3|4|1|1|101.16|||1|136.57|||1|85.99|||1|116.34|||N|Y
S4004|009|002|3|4|2|1|303.49|||1|409.71|||1|257.97|||1|349.01|||N|Y
S4004|009|002|3|4|4|1|202.33|||1|273.14|||1|171.98|||1|232.68|||N|Y
S4004|009|002|3|5|1|2|33.0|127.79|830.61|2|33.0|172.51|1121.32|2|33.0|108.62|706.02|2|33.0|146.95|955.20|Y|Y
S4004|009|002|3|5|2|2|33.0|383.36|2491.82|2|33.0|517.53|3363.96|2|33.0|325.85|2118.05|2|33.0|440.86|2865.59|Y|Y
S4004|009|002|3|5|4|2|33.0|255.57|1661.21|2|33.0|345.02|2242.64|2|33.0|217.24|1412.03|2|33.0|293.91|1910.39|Y|Y
H1001|010|000|0|1|1|1|2.70|||1|3.65|||1|2.30|||1|3.11|||N|N
H1001|010|000|0|1|2|1|8.11|||1|10.95|||1|6.90|||1|9.33|||N|N
H1001|010|000|0|1|4|1|5.41|||1|7.30|||1|4.60|||1|6.22|||N|N
H1001|010|000|0|2|1|1|16.23|||1|21.90|||1|13.79|||1|18.66|||N|N
H1001|010|000|0|2|2|1|48.68|||1|65.71|||1|41.38|||1|55.98|||N|N
H1001|010|000|0|2|4|1|32.45|||1|43.81|||1|27.58|||1|37.32|||N|N
H1001|010|000|0|3|1|1|60.85|||1|82.14|||1|51.72|||1|69.97|||N|Y
H1001|010|000|0|3|2|1|182.54|||1|246.43|||1|155.16|||1|209.92|||N|Y
H1001|010|000|0|3|4|1|121.69|||1|164.29|||1|103.44|||1|139.95|||N|Y
H1001|010|000|0|4|1|1|128.46|||1|173.41|||1|109.19|||1|147.72|||N|Y
H1001|010|000|0|4|2|1|385.37|||1|520.24|||1|327.56|||1|443.17|||N|Y
H1001|010|000|0|4|4|1|256.91|||1|346.83|||1|218.37|||1|295.45|||N|Y
H1001|010|000|0|5|1|2|33.0|162.26|1054.68|2|33.0|219.05|1423.82|2|33.0|137.92|896.48|2|33.0|186.60|1212.89|Y|Y
H1001|010|000|0|5|2|2|33.0|486.78|3164.05|2|33.0|657.15|4271.47|2|33.0|413.76|2689.45|2|33.0|559.79|3638.66|Y|Y
H1001|010|000|0|5|4|2|33.0|324.52|2109.37|2|33.0|438.10|2847.65|2|33.0|275.84|1792.96|2|33.0|373.20|2425.78|Y|Y
H1001|010|000|1|1|1|1|2.70|||1|3.65|||1|2.30|||1|3.11|||N|N
H1001|010|000|1|1|2|1|8.11|||1|10.95|||1|6.90|||1|9.33|||N|N
H1001|010|000|1|1|4|1|5.41|||1|7.30|||1|4.60|||1|6.22|||N|N
H1001|010|000|1|2|1|1|16.23|||1|21.90|||1|13.79|||1|18.66|||N|N
H1001|010|000|1|2|2|1|48.68|||1|65.71|||1|41.38|||1|55.98|||N|N
H1001|010|000|1|2|4|1|32.45|||1|43.81|||1|27.58|||1|37.32|||N|N
H1001|010|000|1|3|1|1|60.85|||1|82.14|||1|51.72|||1|69.97|||N|Y
H1001|010|000|1|3|2|1|182.54|||1|246.43|||1|155.16|||1|209.92|||N|Y
H1001|010|000|1|3|4|1|121.69|||1|164.29|||1|103.44|||1|139.95|||N|Y
H1001|010|000|1|4|1|1|128.46|||1|173.41|||1|109.19|||1|147.72|||N|Y
H1001|010|000|1|4|2|1|385.37|||1|520.24|||1|327.56|||1|443.17|||N|Y
H1001|010|000|1|4|4|1|256.91|||1|346.83|||1|218.37|||1|295.45|||N|Y
H1001|010|000|1|5|1|2|33.0|162.26|1054.68|2|33.0|219.05|1423.82|2|33.0|137.92|896.48|2|33.0|186.60|1212.89|Y|Y
H1001|010|000|1|5|2|2|33.0|486.78|3164.05|2|33.0|657.15|4271.47|2|33.0|413.76|2689.45|2|33.0|559.79|3638.66|Y|Y
H1001|010|000|1|5|4|2|33.0|324.52|2109.37|2|33.0|438.10|2847.65|2|33.0|275.84|1792.96|2|33.0|373.20|2425.78|Y|Y
H1001|010|000|3|1|1|1|2.70|||1|3.65|||1|2.30|||1|3.11|||N|N
H1001|010|000|3|1|2|1|8.11|||1|10.95|||1|6.90|||1|9.33|||N|N
H1001|010|000|3|1|4|1|5.41|||1|7.30|||1|4.60|||1|6.22|||N|N
H1001|010|000|3|2|1|1|16.23|||1|21.90|||1|13.79|||1|18.66|||N|N
H1001|010|000|3|2|2|1|48.68|||1|65.71|||1|41.38|||1|55.98|||N|N
H1001|010|000|3|2|4|1|32.45|||1|43.81|||1|27.58|||1|37.32|||N|N
H1001|010|000|3|3|1|1|60.85|||1|82.14|||1|51.72|||1|69.97|||N|Y
H1001|010|000|3|3|2|1|182.54|||1|246.43|||1|155.16|||1|209.92|||N|Y
H1001|010|000|3|3|4|1|121.69|||1|164.29|||1|103.44|||1|139.95|||N|Y
H1001|010|000|3|4|1|1|128.46|||1|173.41|||1|109.19|||1|147.72|||N|Y
H1001|010|000|3|4|2|1|385.37|||1|520.24|||1|327.56|||1|443.17|||N|Y
H1001|010|000|3|4|4|1|256.91|||1|346.83|||1|218.37|||1|295.45|||N|Y
H1001|010|000|3|5|1|2|33.0|162.26|1054.68|2|33.0|219.05|1423.82|2|33.0|137.92|896.48|2|33.0|186.60|1212.89|Y|Y
H1001|010|000|3|5|2|2|33.0|486.78|3164.05|2|33.0|657.15|4271.47|2|33.0|413.76|2689.45|2|33.0|559.79|3638.66|Y|Y
H1001|010|000|3|5|4|2|33.0|324.52|2109.37|2|33.0|438.10|2847.65|2|33.0|275.84|1792.96|2|33.0|373.20|2425.78|Y|Y
H2002|010|001|0|1|1|1|3.11|||1|4.20|||1|2.65|||1|3.58|||N|N
H2002|010|001|0|1|2|1|9.34|||1|12.61|||1|7.94|||1|10.75|||N|N
H2002|010|001|0|1|4|1|6.23|||1|8.41|||1|5.30|||1|7.16|||N|N
H2002|010|001|0|2|1|1|18.69|||1|25.23|||1|15.89|||1|21.49|||N|N
H2002|010|001|0|2|2|1|56.06|||1|75.69|||1|47.66|||1|64.47|||N|N
H2002|010|001|0|2|4|1|37.38|||1|50.46|||1|31.77|||1|42.98|||N|N
H2002|010|001|0|3|1|1|70.08|||1|94.61|||1|59.57|||1|80.59|||N|Y
H2002|010|001|0|3|2|1|210.24|||1|283.83|||1|178.71|||1|241.78|||N|Y
H2002|010|001|0|3|4|1|140.16|||1|189.22|||1|119.14|||1|161.19|||N|Y
H2002|010|001|0|4|1|1|147.95|||1|199.73|||1|125.76|||1|170.14|||N|Y
H2002|010|001|0|4|2|1|443.85|||1|599.19|||1|377.27|||1|510.42|||N|Y
H2002|010|001|0|4|4|1|295.90|||1|399.46|||1|251.51|||1|340.28|||N|Y
H2002|010|001|0|5|1|2|33.0|186.88|1214.74|2|33.0|252.29|1639.90|2|33.0|158.85|1032.53|2|33.0|214.92|1396.95|Y|Y
H2002|010|001|0|5|2|2|33.0|560.65|3644.22|2|33.0|756.88|4919.70|2|33.0|476.55|3097.59|2|33.0|644.75|4190.86|Y|Y
H2002|010|001|0|5|4|2|33.0|373.77|2429.48|2|33.0|504.58|3279.80|2|33.0|317.70|2065.06|2|33.0|429.83|2793.90|Y|Y
H2002|010|001|1|1|1|1|3.11|||1|4.20|||1|2.65|||1|3.58|||N|N
H2002|010|001|1|1|2|1|9.34|||1|12.61|||1|7.94|||1|10.75|||N|N
H2002|010|001|1|1|4|1|6.23|||1|8.41|||1|5.30|||1|7.16|||N|N
H2002|010|001|1|2|1|1|18.69|||1|25.23|||1|15.89|||1|21.49|||N|N
H2002|010|001|1|2|2|1|56.06|||1|75.69|||1|47.66|||1|64.47|||N|N
H2002|010|001|1|2|4|1|37.38|||1|50.46|||1|31.77|||1|42.98|||N|N
H2002|010|001|1|3|1|1|70.08|||1|94.61|||1|59.57|||1|80.59|||N|Y
H2002|010|001|1|3|2|1|210.24|||1|283.83|||1|178.71|||1|241.78|||N|Y
H2002|010|001|1|3|4|1|140.16|||1|189.22|||1|119.14|||1|161.19|||N|Y
H2002|010|001|1|4|1|1|147.95|||1|199.73|||1|125.76|||1|170.14|||N|Y
H2002|010|001|1|4|2|1|443.85|||1|599.19|||1|377.27|||1|510.42|||N|Y
H2002|010|001|1|4|4|1|295.90|||1|399.46|||1|251.51|||1|340.28|||N|Y
H2002|010|001|1|5|1|2|33.0|186.88|1214.74|2|33.0|252.29|1639.90|2|33.0|158.85|1032.53|2|33.0|214.92|1396.95|Y|Y
H2002|010|001|1|5|2|2|33.0|560.65|3644.22|2|33.0|756.88|4919.70|2|33.0|476.55|3097.59|2|33.0|644.75|4190.86|Y|Y
H2002|010|001|1|5|4|2|33.0|373.77|2429.48|2|33.0|504.58|3279.80|2|33.0|317.70|2065.06|2|33.0|429.83|2793.90|Y|Y
H2002|010|001|3|1|1|1|3.11|||1|4.20|||1|2.65|||1|3.58|||N|N
H2002|010|001|3|1|2|1|9.34|||1|12.61|||1|7.94|||1|10.75|||N|N
H2002|010|001|3|1|4|1|6.23|||1|8.41|||1|5.30|||1|7.16|||N|N
H2002|010|001|3|2|1|1|18.69|||1|25.23|||1|15.89|||1|21.49|||N|N
H2002|010|001|3|2|2|1|56.06|||1|75.69|||1|47.66|||1|64.47|||N|N
H2002|010|001|3|2|4|1|37.38|||1|50.46|||1|31.77|||1|42.98|||N|N
H2002|010|001|3|3|1|1|70.08|||1|94.61|||1|59.57|||1|80.59|||N|Y
H2002|010|001|3|3|2|1|210.24|||1|283.83|||1|178.71|||1|241.78|||N|Y
H2002|010|001|3|3|4|1|140.16|||1|189.22|||1|119.14|||1|161.19|||N|Y
H2002|010|001|3|4|1|1|147.95|||1|199.73|||1|125.76|||1|170.14|||N|Y
H2002|010|001|3|4|2|1|443.85|||1|599.19|||1|377.27|||1|510.42|||N|Y
H2002|010|001|3|4|4|1|295.90|||1|399.46|||1|251.51|||1|340.28|||N|Y
H2002|010|001|3|5|1|2|33.0|186.88|1214.74|2|33.0|252.29|1639.90|2|33.0|158.85|1032.53|2|33.0|214.92|1396.95|Y|Y
H2002|010|001|3|5|2|2|33.0|560.65|3644.22|2|33.0|756.88|4919.70|2|33.0|476.55|3097.59|2|33.0|644.75|4190.86|Y|Y
H2002|010|001|3|5|4|2|33.0|373.77|2429.48|2|33.0|504.58|3279.80|2|33.0|317.70|2065.06|2|33.0|429.83|2793.90|Y|Y
H3003|010|002|0|1|1|1|1.64|||1|2.21|||1|1.39|||1|1.88|||N|N
H3003|010|002|0|1|2|1|4.91|||1|6.63|||1|4.18|||1|5.65|||N|N
H3003|010|002|0|1|4|1|3.27|||1|4.42|||1|2.78|||1|3.77|||N|N
H3003|010|002|0|2|1|1|9.82|||1|13.26|||1|8.35|||1|11.30|||N|N
H3003|010|002|0|2|2|1|29.47|||1|39.79|||1|25.05|||1|33.89|||N|N
H3003|010|002|0|2|4|1|19.65|||1|26.52|||1|16.70|||1|22.59|||N|N
H3003|010|002|0|3|1|1|36.84|||1|49.73|||1|31.31|||1|42.36|||N|Y
H3003|010|002|0|3|2|1|110.52|||1|149.20|||1|93.94|||1|127.09|||N|Y
H3003|010|002|0|3|4|1|73.68|||1|99.46|||1|62.63|||1|84.73|||N|Y
H3003|010|002|0|4|1|1|77.77|||1|104.99|||1|66.11|||1|89.44|||N|Y
H3003|010|002|0|4|2|1|233.31|||1|314.97|||1|198.32|||1|268.31|||N|Y
H3003|010|002|0|4|4|1|155.54|||1|209.98|||1|132.21|||1|178.87|||N|Y
H3003|010|002|0|5|1|2|33.0|98.24|638.54|2|33.0|132.62|862.03|2|33.0|83.50|542.76|2|33.0|112.97|734.32|Y|Y
H3003|010|002|0|5|2|2|33.0|294.71|1915.62|2|33.0|397.86|2586.08|2|33.0|250.50|1628.27|2|33.0|338.92|2202.96|Y|Y
H3003|010|002|0|5|4|2|33.0|196.47|1277.08|2|33.0|265.24|1724.06|2|33.0|167.00|1085.52|2|33.0|225.94|1468.64|Y|Y
H3003|010|002|1|1|1|1|1.64|||1|2.21|||1|1.39|||1|1.88|||N|N
H3003|010|002|1|1|2|1|4.91|||1|6.63|||1|4.18|||1|5.65|||N|N
H3003|010|002|1|1|4|1|3.27|||1|4.42|||1|2.78|||1|3.77|||N|N
H3003|010|002|1|2|1|1|9.82|||1|13.26|||1|8.35|||1|11.30|||N|N
H3003|010|002|1|2|2|1|29.47|||1|39.79|||1|25.05|||1|33.89|||N|N
H3003|010|002|1|2|4|1|19.65|||1|26.52|||1|16.70|||1|22.59|||N|N
H3003|010|002|1|3|1|1|36.84|||1|49.73|||1|31.31|||1|42.36|||N|Y
H3003|010|002|1|3|2|1|110.52|||1|149.20|||1|93.94|||1|127.09|||N|Y
H3003|010|002|1|3|4|1|73.68|||1|99.46|||1|62.63|||1|84.73|||N|Y
H3003|010|002|1|4|1|1|77.77|||1|104.99|||1|66.11|||1|89.44|||N|Y
H3003|010|002|1|4|2|1|233.31|||1|314.97|||1|198.32|||1|268.31|||N|Y
H3003|010|002|1|4|4|1|155.54|||1|209.98|||1|132.21|||1|178.87|||N|Y
H3003|010|002|1|5|1|2|33.0|98.24|638.54|2|33.0|132.62|862.03|2|33.0|83.50|542.76|2|33.0|112.97|734.32|Y|Y
H3003|010|002|1|5|2|2|33.0|294.71|1915.62|2|33.0|397.86|2586.08|2|33.0|250.50|1628.27|2|33.0|338.92|2202.96|Y|Y
H3003|010|002|1|5|4|2|33.0|196.47|1277.08|2|33.0|265.24|1724.06|2|33.0|167.00|1085.52|2|33.0|225.94|1468.64|Y|Y
H3003|010|002|3|1|1|1|1.64|||1|2.21|||1|1.39|||1|1.88|||N|N
H3003|010|002|3|1|2|1|4.91|||1|6.63|||1|4.18|||1|5.65|||N|N
H3003|010|002|3|1|4|1|3.27|||1|4.42|||1|2.78|||1|3.77|||N|N
H3003|010|002|3|2|1|1|9.82|||1|13.26|||1|8.35|||1|11.30|||N|N
H3003|010|002|3|2|2|1|29.47|||1|39.79|||1|25.05|||1|33.89|||N|N
H3003|010|002|3|2|4|1|19.65|||1|26.52|||1|16.70|||1|22.59|||N|N
H3003|010|002|3|3|1|1|36.84|||1|49.73|||1|31.31|||1|42.36|||N|Y
H3003|010|002|3|3|2|1|110.52|||1|149.20|||1|93.94|||1|127.09|||N|Y
H3003|010|002|3|3|4|1|73.68|||1|99.46|||1|62.63|||1|84.73|||N|Y
H3003|010|002|3|4|1|1|77.77|||1|104.99|||1|66.11|||1|89.44|||N|Y
H3003|010|002|3|4|2|1|233.31|||1|314.97|||1|198.32|||1|268.31|||N|Y
H3003|010|002|3|4|4|1|155.54|||1|209.98|||1|132.21|||1|178.87|||N|Y
H3003|010|002|3|5|1|2|33.0|98.24|638.54|2|33.0|132.62|862.03|2|33.0|83.50|542.76|2|33.0|112.97|734.32|Y|Y
H3003|010|002|3|5|2|2|33.0|294.71|1915.62|2|33.0|397.86|2586.08|2|33.0|250.50|1628.27|2|33.0|338.92|2202.96|Y|Y
H3003|010|002|3|5|4|2|33.0|196.47|1277.08|2|33.0|265.24|1724.06|2|33.0|167.00|1085.52|2|33.0|225.94|1468.64|Y|Y
S4004|010|000|0|1|1|1|2.21|||1|2.99|||1|1.88|||1|2.54|||N|N
S4004|010|000|0|1|2|1|6.64|||1|8.96|||1|5.64|||1|7.63|||N|N
S4004|010|000|0|1|4|1|4.42|||1|5.97|||1|3.76|||1|5.09|||N|N
S4004|010|000|0|2|1|1|13.27|||1|17.92|||1|11.28|||1|15.26|||N|N
S4004|010|000|0|2|2|1|39.81|||1|53.75|||1|33.84|||1|45.79|||N|N
S4004|010|000|0|2|4|1|26.54|||1|35.83|||1|22.56|||1|30.52|||N|N
S4004|010|000|0|3|1|1|49.77|||1|67.18|||1|42.30|||1|57.23|||N|Y
S4004|010|000|0|3|2|1|149.30|||1|201.55|||1|126.90|||1|171.69|||N|Y
S4004|010|000|0|3|4|1|99.53|||1|134.37|||1|84.60|||1|114.46|||N|Y
S4004|010|000|0|4|1|1|105.06|||1|141.83|||1|89.30|||1|120.82|||N|Y
S4004|010|000|0|4|2|1|315.19|||1|425.50|||1|267.91|||1|362.47|||N|Y
S4004|010|000|0|4|4|1|210.12|||1|283.67|||1|178.61|||1|241.64|||N|Y
S4004|010|000|0|5|1|2|33.0|132.71|862.62|2|33.0|179.16|1164.53|2|33.0|112.80|733.22|2|33.0|152.62|992.01|Y|Y
S4004|010|000|0|5|2|2|33.0|398.13|2587.85|2|33.0|537.48|3493.60|2|33.0|338.41|2199.67|2|33.0|457.85|2976.03|Y|Y
S4004|010|000|0|5|4|2|33.0|265.42|1725.24|2|33.0|358.32|2329.07|2|33.0|225.61|1466.45|2|33.0|305.23|1984.02|Y|Y
S4004|010|000|1|1|1|1|2.21|||1|2.99|||1|1.88|||1|2.54|||N|N
S4004|010|000|1|1|2|1|6.64|||1|8.96|||1|5.64|||1|7.63|||N|N
S4004|010|000|1|1|4|1|4.42|||1|5.97|||1|3.76|||1|5.09|||N|N
S4004|010|000|1|2|1|1|13.27|||1|17.92|||1|11.28|||1|15.26|||N|N
S4004|010|000|1|2|2|1|39.81|||1|53.75|||1|33.84|||1|45.79|||N|N
S4004|010|000|1|2|4|1|26.54|||1|35.83|||1|22.56|||1|30.52|||N|N
S4004|010|000|1|3|1|1|49.77|||1|67.18|||1|42.30|||1|57.23|||N|Y
S4004|010|000|1|3|2|1|149.30|||1|201.55|||1|126.90|||1|171.69|||N|Y
S4004|010|000|1|3|4|1|99.53|||1|134.37|||1|84.60|||1|114.46|||N|Y
S4004|010|000|1|4|1|1|105.06|||1|141.83|||1|89.30|||1|120.82|||N|Y
S4004|010|000|1|4|2|1|315.19|||1|425.50|||1|267.91|||1|362.47|||N|Y
S4004|010|000|1|4|4|1|210.12|||1|283.67|||1|178.61|||1|241.64|||N|Y
S4004|010|000|1|5|1|2|33.0|132.71|862.62|2|33.0|179.16|1164.53|2|33.0|112.80|733.22|2|33.0|152.62|992.01|Y|Y
S4004|010|000|1|5|2|2|33.0|398.13|2587.85|2|33.0|537.48|3493.60|2|33.0|338.41|2199.67|2|33.0|457.85|2976.03|Y|Y
S4004|010|000|1|5|4|2|33.0|265.42|1725.24|2|33.0|358.32|2329.07|2|33.0|225.61|1466.45|2|33.0|305.23|1984.02|Y|Y
S4004|010|000|3|1|1|1|2.21|||1|2.99|||1|1.88|||1|2.54|||N|N
S4004|010|000|3|1|2|1|6.64|||1|8.96|||1|5.64|||1|7.63|||N|N
S4004|010|000|3|1|4|1|4.42|||1|5.97|||1|3.76|||1|5.09|||N|N
S4004|010|000|3|2|1|1|13.27|||1|17.92|||1|11.28|||1|15.26|||N|N
S4004|010|000|3|2|2|1|39.81|||1|53.75|||1|33.84|||1|45.79|||N|N
S4004|010|000|3|2|4|1|26.54|||1|35.83|||1|22.56|||1|30.52|||N|N
S4004|010|000|3|3|1|1|49.77|||1|67.18|||1|42.30|||1|57.23|||N|Y
S4004|010|000|3|3|2|1|149.30|||1|201.55|||1|126.90|||1|171.69|||N|Y
S4004|010|000|3|3|4|1|99.53|||1|134.37|||1|84.60|||1|114.46|||N|Y
S4004|010|000|3|4|1|1|105.06|||1|141.83|||1|89.30|||1|120.82|||N|Y
S4004|010|000|3|4|2|1|315.19|||1|425.50|||1|267.91|||1|362.47|||N|Y
S4004|010|000|3|4|4|1|210.12|||1|283.67|||1|178.61|||1|241.64|||N|Y
S4004|010|000|3|5|1|2|33.0|132.71|862.62|2|33.0|179.16|1164.53|2|33.0|112.80|733.22|2|33.0|152.62|992.01|Y|Y
S4004|010|000|3|5|2|2|33.0|398.13|2587.85|2|33.0|537.48|3493.60|2|33.0|338.41|2199.67|2|33.0|457.85|2976.03|Y|Y
S4004|010|000|3|5|4|2|33.0|265.42|1725.24|2|33.0|358.32|2329.07|2|33.0|225.61|1466.45|2|33.0|305.23|1984.02|Y|Y
