CONTRACT_ID|PLAN_ID|SEGMENT_ID|COVERAGE_LEVEL|TIER|DAYS_SUPPLY|COST_TYPE_PREF|COST_AMT_PREF|COST_MIN_AMT_PREF|COST_MAX_AMT_PREF|COST_TYPE_NONPREF|COST_AMT_NONPREF|COST_MIN_AMT_NONPREF|COST_MAX_AMT_NONPREF|COST_TYPE_MAIL_PREF|COST_AMT_MAIL_PREF|COST_MIN_AMT_MAIL_PREF|COST_MAX_AMT_MAIL_PREF|COST_TYPE_MAIL_NONPREF|COST_AMT_MAIL_NONPREF|COST_MIN_AMT_MAIL_NONPREF|COST_MAX_AMT_MAIL_NONPREF|TIER_SPECIALTY_YN|DED_APPLIES_YN
H1001|001|000|0|1|1|1|2.96|||1|4.00|||1|2.52|||1|3.40|||N|N
H1001|001|000|0|1|2|1|8.88|||1|11.99|||1|7.55|||1|10.21|||N|N
H1001|001|000|0|1|4|1|5.92|||1|7.99|||1|5.03|||1|6.81|||N|N
H1001|001|000|0|2|1|1|17.76|||1|23.98|||1|15.10|||1|20.42|||N|N
H1001|001|000|0|2|2|1|53.28|||1|71.93|||1|45.29|||1|61.27|||N|N
H1001|001|000|0|2|4|1|35.52|||1|47.95|||1|30.19|||1|40.85|||N|N
H1001|001|000|0|3|1|1|66.60|||1|89.91|||1|56.61|||1|76.59|||N|Y
H1001|001|000|0|3|2|1|199.80|||1|269.73|||1|169.83|||1|229.77|||N|Y
H1001|001|000|0|3|4|1|133.20|||1|179.82|||1|113.22|||1|153.18|||N|Y
H1001|001|000|0|4|1|1|140.60|||1|189.81|||1|119.51|||1|161.69|||N|Y
H1001|001|000|0|4|2|1|421.80|||1|569.43|||1|358.53|||1|485.07|||N|Y
H1001|001|000|0|4|4|1|281.20|||1|379.62|||1|239.02|||1|323.38|||N|Y
H1001|001|000|0|5|1|2|33.0|177.60|1154.40|2|33.0|239.76|1558.44|2|33.0|150.96|981.24|2|33.0|204.24|1327.56|Y|Y
H1001|001|000|0|5|2|2|33.0|532.80|3463.20|2|33.0|719.28|4675.32|2|33.0|452.88|2943.72|2|33.0|612.72|3982.68|Y|Y
H1001|001|000|0|5|4|2|33.0|355.20|2308.80|2|33.0|479.52|3116.88|2|33.0|301.92|1962.48|2|33.0|408.48|2655.12|Y|Y
H1001|001|000|1|1|1|1|2.96|||1|4.00|||1|2.52|||1|3.40|||N|N
H1001|001|000|1|1|2|1|8.88|||1|11.99|||1|7.55|||1|10.21|||N|N
H1001|001|000|1|1|4|1|5.92|||1|7.99|||1|5.03|||1|6.81|||N|N
H1001|001|000|1|2|1|1|17.76|||1|23.98|||1|15.10|||1|20.42|||N|N
H1001|001|000|1|2|2|1|53.28|||1|71.93|||1|45.29|||1|61.27|||N|N
H1001|001|000|1|2|4|1|35.52|||1|47.95|||1|30.19|||1|40.85|||N|N
H1001|001|000|1|3|1|1|66.60|||1|89.91|||1|56.61|||1|76.59|||N|Y
H1001|001|000|1|3|2|1|199.80|||1|269.73|||1|169.83|||1|229.77|||N|Y
H1001|001|000|1|3|4|1|133.20|||1|179.82|||1|113.22|||1|153.18|||N|Y
H1001|001|000|1|4|1|1|140.60|||1|189.81|||1|119.51|||1|161.69|||N|Y
H1001|001|000|1|4|2|1|421.80|||1|569.43|||1|358.53|||1|485.07|||N|Y
H1001|001|000|1|4|4|1|281.20|||1|379.62|||1|239.02|||1|323.38|||N|Y
H1001|001|000|1|5|1|2|33.0|177.60|1154.40|2|33.0|239.76|1558.44|2|33.0|150.96|981.24|2|33.0|204.24|1327.56|Y|Y
H1001|001|000|1|5|2|2|33.0|532.80|3463.20|2|33.0|719.28|4675.32|2|33.0|452.88|2943.72|2|33.0|612.72|3982.68|Y|Y
H1001|001|000|1|5|4|2|33.0|355.20|2308.80|2|33.0|479.52|3116.88|2|33.0|301.92|1962.48|2|33.0|408.48|2655.12|Y|Y
H1001|001|000|3|1|1|1|2.96|||1|4.00|||1|2.52|||1|3.40|||N|N
H1001|001|000|3|1|2|1|8.88|||1|11.99|||1|7.55|||1|10.21|||N|N
H1001|001|000|3|1|4|1|5.92|||1|7.99|||1|5.03|||1|6.81|||N|N
H1001|001|000|3|2|1|1|17.76|||1|23.98|||1|15.10|||1|20.42|||N|N
H1001|001|000|3|2|2|1|53.28|||1|71.93|||1|45.29|||1|61.27|||N|N
H1001|001|000|3|2|4|1|35.52|||1|47.95|||1|30.19|||1|40.85|||N|N
H1001|001|000|3|3|1|1|66.60|||1|89.91|||1|56.61|||1|76.59|||N|Y
H1001|001|000|3|3|2|1|199.80|||1|269.73|||1|169.83|||1|229.77|||N|Y
H1001|001|000|3|3|4|1|133.20|||1|179.82|||1|113.22|||1|153.18|||N|Y
H1001|001|000|3|4|1|1|140.60|||1|189.81|||1|119.51|||1|161.69|||N|Y
H1001|001|000|3|4|2|1|421.80|||1|569.43|||1|358.53|||1|485.07|||N|Y
H1001|001|000|3|4|4|1|281.20|||1|379.62|||1|239.02|||1|323.38|||N|Y
H1001|001|000|3|5|1|2|33.0|177.60|1154.40|2|33.0|239.76|1558.44|2|33.0|150.96|981.24|2|33.0|204.24|1327.56|Y|Y
H1001|001|000|3|5|2|2|33.0|532.80|3463.20|2|33.0|719.28|4675.32|2|33.0|452.88|2943.72|2|33.0|612.72|3982.68|Y|Y
H1001|001|000|3|5|4|2|33.0|355.20|2308.80|2|33.0|479.52|3116.88|2|33.0|301.92|1962.48|2|33.0|408.48|2655.12|Y|Y
H2002|001|001|0|1|1|1|1.59|||1|2.15|||1|1.35|||1|1.83|||N|N
H2002|001|001|0|1|2|1|4.78|||1|6.45|||1|4.06|||1|5.49|||N|N
H2002|001|001|0|1|4|1|3.18|||1|4.30|||1|2.71|||1|3.66|||N|N
H2002|001|001|0|2|1|1|9.55|||1|12.90|||1|8.12|||1|10.98|||N|N
H2002|001|001|0|2|2|1|28.66|||1|38.69|||1|24.36|||1|32.95|||N|N
H2002|001|001|0|2|4|1|19.10|||1|25.79|||1|16.24|||1|21.97|||N|N
H2002|001|001|0|3|1|1|35.82|||1|48.36|||1|30.45|||1|41.19|||N|Y
H2002|001|001|0|3|2|1|107.46|||1|145.07|||1|91.34|||1|123.58|||N|Y
H2002|001|001|0|3|4|1|71.64|||1|96.71|||1|60.89|||1|82.39|||N|Y
H2002|001|001|0|4|1|1|75.62|||1|102.09|||1|64.28|||1|86.96|||N|Y
H2002|001|001|0|4|2|1|226.86|||1|306.26|||1|192.83|||1|260.89|||N|Y
H2002|001|001|0|4|4|1|151.24|||1|204.17|||1|128.55|||1|173.93|||N|Y
H2002|001|001|0|5|1|2|33.0|95.52|620.88|2|33.0|128.95|838.19|2|33.0|81.19|527.75|2|33.0|109.85|714.01|Y|Y
H2002|001|001|0|5|2|2|33.0|286.56|1862.64|2|33.0|386.86|2514.56|2|33.0|243.58|1583.24|2|33.0|329.54|2142.04|Y|Y
H2002|001|001|0|5|4|2|33.0|191.04|1241.76|2|33.0|257.90|1676.38|2|33.0|162.38|1055.50|2|33.0|219.70|1428.02|Y|Y
H2002|001|001|1|1|1|1|1.59|||1|2.15|||1|1.35|||1|1.83|||N|N
H2002|001|001|1|1|2|1|4.78|||1|6.45|||1|4.06|||1|5.49|||N|N
H2002|001|001|1|1|4|1|3.18|||1|4.30|||1|2.71|||1|3.66|||N|N
H2002|001|001|1|2|1|1|9.55|||1|12.90|||1|8.12|||1|10.98|||N|N
H2002|001|001|1|2|2|1|28.66|||1|38.69|||1|24.36|||1|32.95|||N|N
H2002|001|001|1|2|4|1|19.10|||1|25.79|||1|16.24|||1|21.97|||N|N
H2002|001|001|1|3|1|1|35.82|||1|48.36|||1|30.45|||1|41.19|||N|Y
H2002|001|001|1|3|2|1|107.46|||1|145.07|||1|91.34|||1|123.58|||N|Y
H2002|001|001|1|3|4|1|71.64|||1|96.71|||1|60.89|||1|82.39|||N|Y
H2002|001|001|1|4|1|1|75.62|||1|102.09|||1|64.28|||1|86.96|||N|Y
H2002|001|001|1|4|2|1|226.86|||1|306.26|||1|192.83|||1|260.89|||N|Y
H2002|001|001|1|4|4|1|151.24|||1|204.17|||1|128.55|||1|173.93|||N|Y
H2002|001|001|1|5|1|2|33.0|95.52|620.88|2|33.0|128.95|838.19|2|33.0|81.19|527.75|2|33.0|109.85|714.01|Y|Y
H2002|001|001|1|5|2|2|33.0|286.56|1862.64|2|33.0|386.86|2514.56|2|33.0|243.58|1583.24|2|33.0|329.54|2142.04|Y|Y
H2002|001|001|1|5|4|2|33.0|191.04|1241.76|2|33.0|257.90|1676.38|2|33.0|162.38|1055.50|2|33.0|219.70|1428.02|Y|Y
H2002|001|001|3|1|1|1|1.59|||1|2.15|||1|1.35|||1|1.83|||N|N
H2002|001|001|3|1|2|1|4.78|||1|6.45|||1|4.06|||1|5.49|||N|N
H2002|001|001|3|1|4|1|3.18|||1|4.30|||1|2.71|||1|3.66|||N|N
H2002|001|001|3|2|1|1|9.55|||1|12.90|||1|8.12|||1|10.98|||N|N
H2002|001|001|3|2|2|1|28.66|||1|38.69|||1|24.36|||1|32.95|||N|N
H2002|001|001|3|2|4|1|19.10|||1|25.79|||1|16.24|||1|21.97|||N|N
H2002|001|001|3|3|1|1|35.82|||1|48.36|||1|30.45|||1|41.19|||N|Y
H2002|001|001|3|3|2|1|107.46|||1|145.07|||1|91.34|||1|123.58|||N|Y
H2002|001|001|3|3|4|1|71.64|||1|96.71|||1|60.89|||1|82.39|||N|Y
H2002|001|001|3|4|1|1|75.62|||1|102.09|||1|64.28|||1|86.96|||N|Y
H2002|001|001|3|4|2|1|226.86|||1|306.26|||1|192.83|||1|260.89|||N|Y
H2002|001|001|3|4|4|1|151.24|||1|204.17|||1|128.55|||1|173.93|||N|Y
H2002|001|001|3|5|1|2|33.0|95.52|620.88|2|33.0|128.95|838.19|2|33.0|81.19|527.75|2|33.0|109.85|714.01|Y|Y
H2002|001|001|3|5|2|2|33.0|286.56|1862.64|2|33.0|386.86|2514.56|2|33.0|243.58|1583.24|2|33.0|329.54|2142.04|Y|Y
H2002|001|001|3|5|4|2|33.0|191.04|1241.76|2|33.0|257.90|1676.38|2|33.0|162.38|1055.50|2|33.0|219.70|1428.02|Y|Y
H3003|001|002|0|1|1|1|1.97|||1|2.66|||1|1.68|||1|2.27|||N|N
H3003|001|002|0|1|2|1|5.92|||1|7.99|||1|5.03|||1|6.80|||N|N
H3003|001|002|0|1|4|1|3.94|||1|5.32|||1|3.35|||1|4.54|||N|N
H3003|001|002|0|2|1|1|11.83|||1|15.97|||1|10.06|||1|13.61|||N|N
H3003|001|002|0|2|2|1|35.50|||1|47.92|||1|30.17|||1|40.82|||N|N
H3003|001|002|0|2|4|1|23.66|||1|31.95|||1|20.11|||1|27.21|||N|N
H3003|001|002|0|3|1|1|44.37|||1|59.90|||1|37.71|||1|51.03|||N|Y
H3003|001|002|0|3|2|1|133.11|||1|179.70|||1|113.14|||1|153.08|||N|Y
H3003|001|002|0|3|4|1|88.74|||1|119.80|||1|75.43|||1|102.05|||N|Y
H3003|001|002|0|4|1|1|93.67|||1|126.45|||1|79.62|||1|107.72|||N|Y
H3003|001|002|0|4|2|1|281.01|||1|379.36|||1|238.86|||1|323.16|||N|Y
H3003|001|002|0|4|4|1|187.34|||1|252.91|||1|159.24|||1|215.44|||N|Y
H3003|001|002|0|5|1|2|33.0|118.32|769.08|2|33.0|159.73|1038.26|2|33.0|100.57|653.72|2|33.0|136.07|884.44|Y|Y
H3003|001|002|0|5|2|2|33.0|354.96|2307.24|2|33.0|479.20|3114.77|2|33.0|301.72|1961.15|2|33.0|408.20|2653.33|Y|Y
H3003|001|002|0|5|4|2|33.0|236.64|1538.16|2|33.0|319.46|2076.52|2|33.0|201.14|1307.44|2|33.0|272.14|1768.88|Y|Y
H3003|001|002|1|1|1|1|1.97|||1|2.66|||1|1.68|||1|2.27|||N|N
H3003|001|002|1|1|2|1|5.92|||1|7.99|||1|5.03|||1|6.80|||N|N
H3003|001|002|1|1|4|1|3.94|||1|5.32|||1|3.35|||1|4.54|||N|N
H3003|001|002|1|2|1|1|11.83|||1|15.97|||1|10.06|||1|13.61|||N|N
H3003|001|002|1|2|2|1|35.50|||1|47.92|||1|30.17|||1|40.82|||N|N
H3003|001|002|1|2|4|1|23.66|||1|31.95|||1|20.11|||1|27.21|||N|N
H3003|001|002|1|3|1|1|44.37|||1|59.90|||1|37.71|||1|51.03|||N|Y
H3003|001|002|1|3|2|1|133.11|||1|179.70|||1|113.14|||1|153.08|||N|Y
H3003|001|002|1|3|4|1|88.74|||1|119.80|||1|75.43|||1|102.05|||N|Y
H3003|001|002|1|4|1|1|93.67|||1|126.45|||1|79.62|||1|107.72|||N|Y
H3003|001|002|1|4|2|1|281.01|||1|379.36|||1|238.86|||1|323.16|||N|Y
H3003|001|002|1|4|4|1|187.34|||1|252.91|||1|159.24|||1|215.44|||N|Y
H3003|001|002|1|5|1|2|33.0|118.32|769.08|2|33.0|159.73|1038.26|2|33.0|100.57|653.72|2|33.0|136.07|884.44|Y|Y
H3003|001|002|1|5|2|2|33.0|354.96|2307.24|2|33.0|479.20|3114.77|2|33.0|301.72|1961.15|2|33.0|408.20|2653.33|Y|Y
H3003|001|002|1|5|4|2|33.0|236.64|1538.16|2|33.0|319.46|2076.52|2|33.0|201.14|1307.44|2|33.0|272.14|1768.88|Y|Y
H3003|001|002|3|1|1|1|1.97|||1|2.66|||1|1.68|||1|2.27|||N|N
H3003|001|002|3|1|2|1|5.92|||1|7.99|||1|5.03|||1|6.80|||N|N
H3003|001|002|3|1|4|1|3.94|||1|5.32|||1|3.35|||1|4.54|||N|N
H3003|001|002|3|2|1|1|11.83|||1|15.97|||1|10.06|||1|13.61|||N|N
H3003|001|002|3|2|2|1|35.50|||1|47.92|||1|30.17|||1|40.82|||N|N
H3003|001|002|3|2|4|1|23.66|||1|31.95|||1|20.11|||1|27.21|||N|N
H3003|001|002|3|3|1|1|44.37|||1|59.90|||1|37.71|||1|51.03|||N|Y
H3003|001|002|3|3|2|1|133.11|||1|179.70|||1|113.14|||1|153.08|||N|Y
H3003|001|002|3|3|4|1|88.74|||1|119.80|||1|75.43|||1|102.05|||N|Y
H3003|001|002|3|4|1|1|93.67|||1|126.45|||1|79.62|||1|107.72|||N|Y
H3003|001|002|3|4|2|1|281.01|||1|379.36|||1|238.86|||1|323.16|||N|Y
H3003|001|002|3|4|4|1|187.34|||1|252.91|||1|159.24|||1|215.44|||N|Y
H3003|001|002|3|5|1|2|33.0|118.32|769.08|2|33.0|159.73|1038.26|2|33.0|100.57|653.72|2|33.0|136.07|884.44|Y|Y
H3003|001|002|3|5|2|2|33.0|354.96|2307.24|2|33.0|479.20|3114.77|2|33.0|301.72|1961.15|2|33.0|408.20|2653.33|Y|Y
H3003|001|002|3|5|4|2|33.0|236.64|1538.16|2|33.0|319.46|2076.52|2|33.0|201.14|1307.44|2|33.0|272.14|1768.88|Y|Y
S4004|001|000|0|1|1|1|2.50|||1|3.38|||1|2.13|||1|2.88|||N|N
S4004|001|000|0|1|2|1|7.51|||1|10.14|||1|6.39|||1|8.64|||N|N
S4004|001|000|0|1|4|1|5.01|||1|6.76|||1|4.26|||1|5.76|||N|N
S4004|001|000|0|2|1|1|15.02|||1|20.28|||1|12.77|||1|17.28|||N|N
S4004|001|000|0|2|2|1|45.07|||1|60.85|||1|38.31|||1|51.83|||N|N
S4004|001|000|0|2|4|1|30.05|||1|40.56|||1|25.54|||1|34.56|||N|N
S4004|001|000|0|3|1|1|56.34|||1|76.06|||1|47.89|||1|64.79|||N|Y
S4004|001|000|0|3|2|1|169.02|||1|228.18|||1|143.67|||1|194.37|||N|Y
S4004|001|000|0|3|4|1|112.68|||1|152.12|||1|95.78|||1|129.58|||N|Y
S4004|001|000|0|4|1|1|118.94|||1|160.57|||1|101.10|||1|136.78|||N|Y
S4004|001|000|0|4|2|1|356.82|||1|481.71|||1|303.30|||1|410.34|||N|Y
S4004|001|000|0|4|4|1|237.88|||1|321.14|||1|202.20|||1|273.56|||N|Y
S4004|001|000|0|5|1|2|33.0|150.24|976.56|2|33.0|202.82|1318.36|2|33.0|127.70|830.08|2|33.0|172.78|1123.04|Y|Y
S4004|001|000|0|5|2|2|33.0|450.72|2929.68|2|33.0|608.47|3955.07|2|33.0|383.11|2490.23|2|33.0|518.33|3369.13|Y|Y
S4004|001|000|0|5|4|2|33.0|300.48|1953.12|2|33.0|405.65|2636.71|2|33.0|255.41|1660.15|2|33.0|345.55|2246.09|Y|Y
S4004|001|000|1|1|1|1|2.50|||1|3.38|||1|2.13|||1|2.88|||N|N
S4004|001|000|1|1|2|1|7.51|||1|10.14|||1|6.39|||1|8.64|||N|N
S4004|001|000|1|1|4|1|5.01|||1|6.76|||1|4.26|||1|5.76|||N|N
S4004|001|000|1|2|1|1|15.02|||1|20.28|||1|12.77|||1|17.28|||N|N
S4004|001|000|1|2|2|1|45.07|||1|60.85|||1|38.31|||1|51.83|||N|N
S4004|001|000|1|2|4|1|30.05|||1|40.56|||1|25.54|||1|34.56|||N|N
S4004|001|000|1|3|1|1|56.34|||1|76.06|||1|47.89|||1|64.79|||N|Y
S4004|001|000|1|3|2|1|169.02|||1|228.18|||1|143.67|||1|194.37|||N|Y
S4004|001|000|1|3|4|1|112.68|||1|152.12|||1|95.78|||1|129.58|||N|Y
S4004|001|000|1|4|1|1|118.94|||1|160.57|||1|101.10|||1|136.78|||N|Y
S4004|001|000|1|4|2|1|356.82|||1|481.71|||1|303.30|||1|410.34|||N|Y
S4004|001|000|1|4|4|1|237.88|||1|321.14|||1|202.20|||1|273.56|||N|Y
S4004|001|000|1|5|1|2|33.0|150.24|976.56|2|33.0|202.82|1318.36|2|33.0|127.70|830.08|2|33.0|172.78|1123.04|Y|Y
S4004|001|000|1|5|2|2|33.0|450.72|2929.68|2|33.0|608.47|3955.07|2|33.0|383.11|2490.23|2|33.0|518.33|3369.13|Y|Y
S4004|001|000|1|5|4|2|33.0|300.48|1953.12|2|33.0|405.65|2636.71|2|33.0|255.41|1660.15|2|33.0|345.55|2246.09|Y|Y
S4004|001|000|3|1|1|1|2.50|||1|3.38|||1|2.13|||1|2.88|||N|N
S4004|001|000|3|1|2|1|7.51|||1|10.14|||1|6.39|||1|8.64|||N|N
S4004|001|000|3|1|4|1|5.01|||1|6.76|||1|4.26|||1|5.76|||N|N
S4004|001|000|3|2|1|1|15.02|||1|20.28|||1|12.77|||1|17.28|||N|N
S4004|001|000|3|2|2|1|45.07|||1|60.85|||1|38.31|||1|51.83|||N|N
S4004|001|000|3|2|4|1|30.05|||1|40.56|||1|25.54|||1|34.56|||N|N
S4004|001|000|3|3|1|1|56.34|||1|76.06|||1|47.89|||1|64.79|||N|Y
S4004|001|000|3|3|2|1|169.02|||1|228.18|||1|143.67|||1|194.37|||N|Y
S4004|001|000|3|3|4|1|112.68|||1|152.12|||1|95.78|||1|129.58|||N|Y
S4004|001|000|3|4|1|1|118.94|||1|160.57|||1|101.10|||1|136.78|||N|Y
S4004|001|000|3|4|2|1|356.82|||1|481.71|||1|303.30|||1|410.34|||N|Y
S4004|001|000|3|4|4|1|237.88|||1|321.14|||1|202.20|||1|273.56|||N|Y
S4004|001|000|3|5|1|2|33.0|150.24|976.56|2|33.0|202.82|1318.36|2|33.0|127.70|830.08|2|33.0|172.78|1123.04|Y|Y
S4004|001|000|3|5|2|2|33.0|450.72|2929.68|2|33.0|608.47|3955.07|2|33.0|383.11|2490.23|2|33.0|518.33|3369.13|Y|Y
S4004|001|000|3|5|4|2|33.0|300.48|1953.12|2|33.0|405.65|2636.71|2|33.0|255.41|1660.15|2|33.0|345.55|2246.09|Y|Y
H1001|002|001|0|1|1|1|1.97|||1|2.66|||1|1.68|||1|2.27|||N|N
H1001|002|001|0|1|2|1|5.92|||1|7.99|||1|5.03|||1|6.80|||N|N
H1001|002|001|0|1|4|1|3.94|||1|5.32|||1|3.35|||1|4.54|||N|N
H1001|002|001|0|2|1|1|11.83|||1|15.97|||1|10.06|||1|13.61|||N|N
H1001|002|001|0|2|2|1|35.50|||1|47.92|||1|30.17|||1|40.82|||N|N
H1001|002|001|0|2|4|1|23.66|||1|31.95|||1|20.11|||1|27.21|||N|N
H1001|002|001|0|3|1|1|44.37|||1|59.90|||1|37.71|||1|51.03|||N|Y
H1001|002|001|0|3|2|1|133.11|||1|179.70|||1|113.14|||1|153.08|||N|Y
H1001|002|001|0|3|4|1|88.74|||1|119.80|||1|75.43|||1|102.05|||N|Y
H1001|002|001|0|4|1|1|93.67|||1|126.45|||1|79.62|||1|107.72|||N|Y
H1001|002|001|0|4|2|1|281.01|||1|379.36|||1|238.86|||1|323.16|||N|Y
H1001|002|001|0|4|4|1|187.34|||1|252.91|||1|159.24|||1|215.44|||N|Y
H1001|002|001|0|5|1|2|33.0|118.32|769.08|2|33.0|159.73|1038.26|2|33.0|100.57|653.72|2|33.0|136.07|884.44|Y|Y
H1001|002|001|0|5|2|2|33.0|354.96|2307.24|2|33.0|479.20|3114.77|2|33.0|301.72|1961.15|2|33.0|408.20|2653.33|Y|Y
H1001|002|001|0|5|4|2|33.0|236.64|1538.16|2|33.0|319.46|2076.52|2|33.0|201.14|1307.44|2|33.0|272.14|1768.88|Y|Y
H1001|002|001|1|1|1|1|1.97|||1|2.66|||1|1.68|||1|2.27|||N|N
H1001|002|001|1|1|2|1|5.92|||1|7.99|||1|5.03|||1|6.80|||N|N
H1001|002|001|1|1|4|1|3.94|||1|5.32|||1|3.35|||1|4.54|||N|N
H1001|002|001|1|2|1|1|11.83|||1|15.97|||1|10.06|||1|13.61|||N|N
H1001|002|001|1|2|2|1|35.50|||1|47.92|||1|30.17|||1|40.82|||N|N
H1001|002|001|1|2|4|1|23.66|||1|31.95|||1|20.11|||1|27.21|||N|N
H1001|002|001|1|3|1|1|44.37|||1|59.90|||1|37.71|||1|51.03|||N|Y
H1001|002|001|1|3|2|1|133.11|||1|179.70|||1|113.14|||1|153.08|||N|Y
H1001|002|001|1|3|4|1|88.74|||1|119.80|||1|75.43|||1|102.05|||N|Y
H1001|002|001|1|4|1|1|93.67|||1|126.45|||1|79.62|||1|107.72|||N|Y
H1001|002|001|1|4|2|1|281.01|||1|379.36|||1|238.86|||1|323.16|||N|Y
H1001|002|001|1|4|4|1|187.34|||1|252.91|||1|159.24|||1|215.44|||N|Y
H1001|002|001|1|5|1|2|33.0|118.32|769.08|2|33.0|159.73|1038.26|2|33.0|100.57|653.72|2|33.0|136.07|884.44|Y|Y
H1001|002|001|1|5|2|2|33.0|354.96|2307.24|2|33.0|479.20|3114.77|2|33.0|301.72|1961.15|2|33.0|408.20|2653.33|Y|Y
H1001|002|001|1|5|4|2|33.0|236.64|1538.16|2|33.0|319.46|2076.52|2|33.0|201.14|1307.44|2|33.0|272.14|1768.88|Y|Y
H1001|002|001|3|1|1|1|1.97|||1|2.66|||1|1.68|||1|2.27|||N|N
H1001|002|001|3|1|2|1|5.92|||1|7.99|||1|5.03|||1|6.80|||N|N
H1001|002|001|3|1|4|1|3.94|||1|5.32|||1|3.35|||1|4.54|||N|N
H1001|002|001|3|2|1|1|11.83|||1|15.97|||1|10.06|||1|13.61|||N|N
H1001|002|001|3|2|2|1|35.50|||1|47.92|||1|30.17|||1|40.82|||N|N
H1001|002|001|3|2|4|1|23.66|||1|31.95|||1|20.11|||1|27.21|||N|N
H1001|002|001|3|3|1|1|44.37|||1|59.90|||1|37.71|||1|51.03|||N|Y
H1001|002|001|3|3|2|1|133.11|||1|179.70|||1|113.14|||1|153.08|||N|Y
H1001|002|001|3|3|4|1|88.74|||1|119.80|||1|75.43|||1|102.05|||N|Y
H1001|002|001|3|4|1|1|93.67|||1|126.45|||1|79.62|||1|107.72|||N|Y
H1001|002|001|3|4|2|1|281.01|||1|379.36|||1|238.86|||1|323.16|||N|Y
H1001|002|001|3|4|4|1|187.34|||1|252.91|||1|159.24|||1|215.44|||N|Y
H1001|002|001|3|5|1|2|33.0|118.32|769.08|2|33.0|159.73|1038.26|2|33.0|100.57|653.72|2|33.0|136.07|884.44|Y|Y
H1001|002|001|3|5|2|2|33.0|354.96|2307.24|2|33.0|479.20|3114.77|2|33.0|301.72|1961.15|2|33.0|408.20|2653.33|Y|Y
H1001|002|001|3|5|4|2|33.0|236.64|1538.16|2|33.0|319.46|2076.52|2|33.0|201.14|1307.44|2|33.0|272.14|1768.88|Y|Y
H2002|002|002|0|1|1|1|2.35|||1|3.18|||1|2.00|||1|2.70|||N|N
H2002|002|002|0|1|2|1|7.06|||1|9.53|||1|6.00|||1|8.11|||N|N
H2002|002|002|0|1|4|1|4.70|||1|6.35|||1|4.00|||1|5.41|||N|N
H2002|002|002|0|2|1|1|14.11|||1|19.05|||1|12.00|||1|16.23|||N|N
H2002|002|002|0|2|2|1|42.34|||1|57.15|||1|35.99|||1|48.69|||N|N
H2002|002|002|0|2|4|1|28.22|||1|38.10|||1|23.99|||1|32.46|||N|N
H2002|002|002|0|3|1|1|52.92|||1|71.44|||1|44.98|||1|60.86|||N|Y
H2002|002|002|0|3|2|1|158.76|||1|214.33|||1|134.95|||1|182.57|||N|Y
H2002|002|002|0|3|4|1|105.84|||1|142.88|||1|89.96|||1|121.72|||N|Y
H2002|002|002|0|4|1|1|111.72|||1|150.82|||1|94.96|||1|128.48|||N|Y
H2002|002|002|0|4|2|1|335.16|||1|452.47|||1|284.89|||1|385.43|||N|Y
H2002|002|002|0|4|4|1|223.44|||1|301.64|||1|189.92|||1|256.96|||N|Y
H2002|002|002|0|5|1|2|33.0|141.12|917.28|2|33.0|190.51|1238.33|2|33.0|119.95|779.69|2|33.0|162.29|1054.87|Y|Y
H2002|002|002|0|5|2|2|33.0|423.36|2751.84|2|33.0|571.54|3714.98|2|33.0|359.86|2339.06|2|33.0|486.86|3164.62|Y|Y
H2002|002|002|0|5|4|2|33.0|282.24|1834.56|2|33.0|381.02|2476.66|2|33.0|239.90|1559.38|2|33.0|324.58|2109.74|Y|Y
H2002|002|002|1|1|1|1|2.35|||1|3.18|||1|2.00|||1|2.70|||N|N
H2002|002|002|1|1|2|1|7.06|||1|9.53|||1|6.00|||1|8.11|||N|N
H2002|002|002|1|1|4|1|4.70|||1|6.35|||1|4.00|||1|5.41|||N|N
H2002|002|002|1|2|1|1|14.11|||1|19.05|||1|12.00|||1|16.23|||N|N
H2002|002|002|1|2|2|1|42.34|||1|57.15|||1|35.99|||1|48.69|||N|N
H2002|002|002|1|2|4|1|28.22|||1|38.10|||1|23.99|||1|32.46|||N|N
H2002|002|002|1|3|1|1|52.92|||1|71.44|||1|44.98|||1|60.86|||N|Y
H2002|002|002|1|3|2|1|158.76|||1|214.33|||1|134.95|||1|182.57|||N|Y
H2002|002|002|1|3|4|1|105.84|||1|142.88|||1|89.96|||1|121.72|||N|Y
H2002|002|002|1|4|1|1|111.72|||1|150.82|||1|94.96|||1|128.48|||N|Y
H2002|002|002|1|4|2|1|335.16|||1|452.47|||1|284.89|||1|385.43|||N|Y
H2002|002|002|1|4|4|1|223.44|||1|301.64|||1|189.92|||1|256.96|||N|Y
H2002|002|002|1|5|1|2|33.0|141.12|917.28|2|33.0|190.51|1238.33|2|33.0|119.95|779.69|2|33.0|162.29|1054.87|Y|Y
H2002|002|002|1|5|2|2|33.0|423.36|2751.84|2|33.0|571.54|3714.98|2|33.0|359.86|2339.06|2|33.0|486.86|3164.62|Y|Y
H2002|002|002|1|5|4|2|33.0|282.24|1834.56|2|33.0|381.02|2476.66|2|33.0|239.90|1559.38|2|33.0|324.58|2109.74|Y|Y
H2002|002|002|3|1|1|1|2.35|||1|3.18|||1|2.00|||1|2.70|||N|N
H2002|002|002|3|1|2|1|7.06|||1|9.53|||1|6.00|||1|8.11|||N|N
H2002|002|002|3|1|4|1|4.70|||1|6.35|||1|4.00|||1|5.41|||N|N
H2002|002|002|3|2|1|1|14.11|||1|19.05|||1|12.00|||1|16.23|||N|N
H2002|002|002|3|2|2|1|42.34|||1|57.15|||1|35.99|||1|48.69|||N|N
H2002|002|002|3|2|4|1|28.22|||1|38.10|||1|23.99|||1|32.46|||N|N
H2002|002|002|3|3|1|1|52.92|||1|71.44|||1|44.98|||1|60.86|||N|Y
H2002|002|002|3|3|2|1|158.76|||1|214.33|||1|134.95|||1|182.57|||N|Y
H2002|002|002|3|3|4|1|105.84|||1|142.88|||1|89.96|||1|121.72|||N|Y
H2002|002|002|3|4|1|1|111.72|||1|150.82|||1|94.96|||1|128.48|||N|Y
H2002|002|002|3|4|2|1|335.16|||1|452.47|||1|284.89|||1|385.43|||N|Y
H2002|002|002|3|4|4|1|223.44|||1|301.64|||1|189.92|||1|256.96|||N|Y
H2002|002|002|3|5|1|2|33.0|141.12|917.28|2|33.0|190.51|1238.33|2|33.0|119.95|779.69|2|33.0|162.29|1054.87|Y|Y
H2002|002|002|3|5|2|2|33.0|423.36|2751.84|2|33.0|571.54|3714.98|2|33.0|359.86|2339.06|2|33.0|486.86|3164.62|Y|Y
H2002|002|002|3|5|4|2|33.0|282.24|1834.56|2|33.0|381.02|2476.66|2|33.0|239.90|1559.38|2|33.0|324.58|2109.74|Y|Y
H3003|002|000|0|1|1|1|2.05|||1|2.76|||1|1.74|||1|2.36|||N|N
H3003|002|000|0|1|2|1|6.14|||1|8.29|||1|5.22|||1|7.07|||N|N
H3003|002|000|0|1|4|1|4.10|||1|5.53|||1|3.48|||1|4.71|||N|N
H3003|002|000|0|2|1|1|12.29|||1|16.59|||1|10.44|||1|14.13|||N|N
H3003|002|000|0|2|2|1|36.86|||1|49.77|||1|31.33|||1|42.39|||N|N
H3003|002|000|0|2|4|1|24.58|||1|33.18|||1|20.89|||1|28.26|||N|N
H3003|002|000|0|3|1|1|46.08|||1|62.21|||1|39.17|||1|52.99|||N|Y
H3003|002|000|0|3|2|1|138.24|||1|186.62|||1|117.50|||1|158.98|||N|Y
H3003|002|000|0|3|4|1|92.16|||1|124.42|||1|78.34|||1|105.98|||N|Y
H3003|002|000|0|4|1|1|97.28|||1|131.33|||1|82.69|||1|111.87|||N|Y
H3003|002|000|0|4|2|1|291.84|||1|393.98|||1|248.06|||1|335.62|||N|Y
H3003|002|000|0|4|4|1|194.56|||1|262.66|||1|165.38|||1|223.74|||N|Y
H3003|002|000|0|5|1|2|33.0|122.88|798.72|2|33.0|165.89|1078.27|2|33.0|104.45|678.91|2|33.0|141.31|918.53|Y|Y
H3003|002|000|0|5|2|2|33.0|368.64|2396.16|2|33.0|497.66|3234.82|2|33.0|313.34|2036.74|2|33.0|423.94|2755.58|Y|Y
H3003|002|000|0|5|4|2|33.0|245.76|1597.44|2|33.0|331.78|2156.54|2|33.0|208.90|1357.82|2|33.0|282.62|1837.06|Y|Y
H3003|002|000|1|1|1|1|2.05|||1|2.76|||1|1.74|||1|2.36|||N|N
H3003|002|000|1|1|2|1|6.14|||1|8.29|||1|5.22|||1|7.07|||N|N
H3003|002|000|1|1|4|1|4.10|||1|5.53|||1|3.48|||1|4.71|||N|N
H3003|002|000|1|2|1|1|12.29|||1|16.59|||1|10.44|||1|14.13|||N|N
H3003|002|000|1|2|2|1|36.86|||1|49.77|||1|31.33|||1|42.39|||N|N
H3003|002|000|1|2|4|1|24.58|||1|33.18|||1|20.89|||1|28.26|||N|N
H3003|002|000|1|3|1|1|46.08|||1|62.21|||1|39.17|||1|52.99|||N|Y
H3003|002|000|1|3|2|1|138.24|||1|186.62|||1|117.50|||1|158.98|||N|Y
H3003|002|000|1|3|4|1|92.16|||1|124.42|||1|78.34|||1|105.98|||N|Y
H3003|002|000|1|4|1|1|97.28|||1|131.33|||1|82.69|||1|111.87|||N|Y
H3003|002|000|1|4|2|1|291.84|||1|393.98|||1|248.06|||1|335.62|||N|Y
H3003|002|000|1|4|4|1|194.56|||1|262.66|||1|165.38|||1|223.74|||N|Y
H3003|002|000|1|5|1|2|33.0|122.88|798.72|2|33.0|165.89|1078.27|2|33.0|104.45|678.91|2|33.0|141.31|918.53|Y|Y
H3003|002|000|1|5|2|2|33.0|368.64|2396.16|2|33.0|497.66|3234.82|2|33.0|313.34|2036.74|2|33.0|423.94|2755.58|Y|Y
H3003|002|000|1|5|4|2|33.0|245.76|1597.44|2|33.0|331.78|2156.54|2|33.0|208.90|1357.82|2|33.0|282.62|1837.06|Y|Y
H3003|002|000|3|1|1|1|2.05|||1|2.76|||1|1.74|||1|2.36|||N|N
H3003|002|000|3|1|2|1|6.14|||1|8.29|||1|5.22|||1|7.07|||N|N
H3003|002|000|3|1|4|1|4.10|||1|5.53|||1|3.48|||1|4.71|||N|N
H3003|002|000|3|2|1|1|12.29|||1|16.59|||1|10.44|||1|14.13|||N|N
H3003|002|000|3|2|2|1|36.86|||1|49.77|||1|31.33|||1|42.39|||N|N
H3003|002|000|3|2|4|1|24.58|||1|33.18|||1|20.89|||1|28.26|||N|N
H3003|002|000|3|3|1|1|46.08|||1|62.21|||1|39.17|||1|52.99|||N|Y
H3003|002|000|3|3|2|1|138.24|||1|186.62|||1|117.50|||1|158.98|||N|Y
H3003|002|000|3|3|4|1|92.16|||1|124.42|||1|78.34|||1|105.98|||N|Y
H3003|002|000|3|4|1|1|97.28|||1|131.33|||1|82.69|||1|111.87|||N|Y
H3003|002|000|3|4|2|1|291.84|||1|393.98|||1|248.06|||1|335.62|||N|Y
H3003|002|000|3|4|4|1|194.56|||1|262.66|||1|165.38|||1|223.74|||N|Y
H3003|002|000|3|5|1|2|33.0|122.88|798.72|2|33.0|165.89|1078.27|2|33.0|104.45|678.91|2|33.0|141.31|918.53|Y|Y
H3003|002|000|3|5|2|2|33.0|368.64|2396.16|2|33.0|497.66|3234.82|2|33.0|313.34|2036.74|2|33.0|423.94|2755.58|Y|Y
H3003|002|000|3|5|4|2|33.0|245.76|1597.44|2|33.0|331.78|2156.54|2|33.0|208.90|1357.82|2|33.0|282.62|1837.06|Y|Y
S4004|002|001|0|1|1|1|1.52|||1|2.05|||1|1.29|||1|1.74|||N|N
S4004|002|001|0|1|2|1|4.55|||1|6.14|||1|3.87|||1|5.23|||N|N
S4004|002|001|0|1|4|1|3.03|||1|4.09|||1|2.58|||1|3.49|||N|N
S4004|002|001|0|2|1|1|9.10|||1|12.28|||1|7.73|||1|10.46|||N|N
S4004|002|001|0|2|2|1|27.29|||1|36.84|||1|23.19|||1|31.38|||N|N
S4004|002|001|0|2|4|1|18.19|||1|24.56|||1|15.46|||1|20.92|||N|N
S4004|002|001|0|3|1|1|34.11|||1|46.05|||1|28.99|||1|39.23|||N|Y
S4004|002|001|0|3|2|1|102.33|||1|138.15|||1|86.98|||1|117.68|||N|Y
S4004|002|001|0|3|4|1|68.22|||1|92.10|||1|57.99|||1|78.45|||N|Y
S4004|002|001|0|4|1|1|72.01|||1|97.21|||1|61.21|||1|82.81|||N|Y
S4004|002|001|0|4|2|1|216.03|||1|291.64|||1|183.63|||1|248.43|||N|Y
S4004|002|001|0|4|4|1|144.02|||1|194.43|||1|122.42|||1|165.62|||N|Y
S4004|002|001|0|5|1|2|33.0|90.96|591.24|2|33.0|122.80|798.17|2|33.0|77.32|502.55|2|33.0|104.60|679.93|Y|Y
S4004|002|001|0|5|2|2|33.0|272.88|1773.72|2|33.0|368.39|2394.52|2|33.0|231.95|1507.66|2|33.0|313.81|2039.78|Y|Y
S4004|002|001|0|5|4|2|33.0|181.92|1182.48|2|33.0|245.59|1596.35|2|33.0|154.63|1005.11|2|33.0|209.21|1359.85|Y|Y
S4004|002|001|1|1|1|1|1.52|||1|2.05|||1|1.29|||1|1.74|||N|N
S4004|002|001|1|1|2|1|4.55|||1|6.14|||1|3.87|||1|5.23|||N|N
S4004|002|001|1|1|4|1|3.03|||1|4.09|||1|2.58|||1|3.49|||N|N
S4004|002|001|1|2|1|1|9.10|||1|12.28|||1|7.73|||1|10.46|||N|N
S4004|002|001|1|2|2|1|27.29|||1|36.84|||1|23.19|||1|31.38|||N|N
S4004|002|001|1|2|4|1|18.19|||1|24.56|||1|15.46|||1|20.92|||N|N
S4004|002|001|1|3|1|1|34.11|||1|46.05|||1|28.99|||1|39.23|||N|Y
S4004|002|001|1|3|2|1|102.33|||1|138.15|||1|86.98|||1|117.68|||N|Y
S4004|002|001|1|3|4|1|68.22|||1|92.10|||1|57.99|||1|78.45|||N|Y
S4004|002|001|1|4|1|1|72.01|||1|97.21|||1|61.21|||1|82.81|||N|Y
S4004|002|001|1|4|2|1|216.03|||1|291.64|||1|183.63|||1|248.43|||N|Y
S4004|002|001|1|4|4|1|144.02|||1|194.43|||1|122.42|||1|165.62|||N|Y
S4004|002|001|1|5|1|2|33.0|90.96|591.24|2|33.0|122.80|798.17|2|33.0|77.32|502.55|2|33.0|104.60|679.93|Y|Y
S4004|002|001|1|5|2|2|33.0|272.88|1773.72|2|33.0|368.39|2394.52|2|33.0|231.95|1507.66|2|33.0|313.81|2039.78|Y|Y
S4004|002|001|1|5|4|2|33.0|181.92|1182.48|2|33.0|245.59|1596.35|2|33.0|154.63|1005.11|2|33.0|209.21|1359.85|Y|Y
S4004|002|001|3|1|1|1|1.52|||1|2.05|||1|1.29|||1|1.74|||N|N
S4004|002|001|3|1|2|1|4.55|||1|6.14|||1|3.87|||1|5.23|||N|N
S4004|002|001|3|1|4|1|3.03|||1|4.09|||1|2.58|||1|3.49|||N|N
S4004|002|001|3|2|1|1|9.10|||1|12.28|||1|7.73|||1|10.46|||N|N
S4004|002|001|3|2|2|1|27.29|||1|36.84|||1|23.19|||1|31.38|||N|N
S4004|002|001|3|2|4|1|18.19|||1|24.56|||1|15.46|||1|20.92|||N|N
S4004|002|001|3|3|1|1|34.11|||1|46.05|||1|28.99|||1|39.23|||N|Y
S4004|002|001|3|3|2|1|102.33|||1|138.15|||1|86.98|||1|117.68|||N|Y
S4004|002|001|3|3|4|1|68.22|||1|92.10|||1|57.99|||1|78.45|||N|Y
S4004|002|001|3|4|1|1|72.01|||1|97.21|||1|61.21|||1|82.81|||N|Y
S4004|002|001|3|4|2|1|216.03|||1|291.64|||1|183.63|||1|248.43|||N|Y
S4004|002|001|3|4|4|1|144.02|||1|194.43|||1|122.42|||1|165.62|||N|Y
S4004|002|001|3|5|1|2|33.0|90.96|591.24|2|33.0|122.80|798.17|2|33.0|77.32|502.55|2|33.0|104.60|679.93|Y|Y
S4004|002|001|3|5|2|2|33.0|272.88|1773.72|2|33.0|368.39|2394.52|2|33.0|231.95|1507.66|2|33.0|313.81|2039.78|Y|Y
S4004|002|001|3|5|4|2|33.0|181.92|1182.48|2|33.0|245.59|1596.35|2|33.0|154.63|1005.11|2|33.0|209.21|1359.85|Y|Y
H1001|003|002|0|1|1|1|2.73|||1|3.69|||1|2.32|||1|3.14|||N|N
H1001|003|002|0|1|2|1|8.20|||1|11.06|||1|6.97|||1|9.43|||N|N
H1001|003|002|0|1|4|1|5.46|||1|7.38|||1|4.64|||1|6.28|||N|N
H1001|003|002|0|2|1|1|16.39|||1|22.13|||1|13.93|||1|18.85|||N|N
H1001|003|002|0|2|2|1|49.18|||1|66.39|||1|41.80|||1|56.55|||N|N
H1001|003|002|0|2|4|1|32.78|||1|44.26|||1|27.87|||1|37.70|||N|N
H1001|003|002|0|3|1|1|61.47|||1|82.98|||1|52.25|||1|70.69|||N|Y
H1001|003|002|0|3|2|1|184.41|||1|248.95|||1|156.75|||1|212.07|||N|Y
H1001|003|002|0|3|4|1|122.94|||1|165.97|||1|104.50|||1|141.38|||N|Y
H1001|003|002|0|4|1|1|129.77|||1|175.19|||1|110.30|||1|149.24|||N|Y
H1001|003|002|0|4|2|1|389.31|||1|525.57|||1|330.91|||1|447.71|||N|Y
H1001|003|002|0|4|4|1|259.54|||1|350.38|||1|220.61|||1|298.47|||N|Y
H1001|003|002|0|5|1|2|33.0|163.92|1065.48|2|33.0|221.29|1438.40|2|33.0|139.33|905.66|2|33.0|188.51|1225.30|Y|Y
H1001|003|002|0|5|2|2|33.0|491.76|3196.44|2|33.0|663.88|4315.19|2|33.0|418.00|2716.97|2|33.0|565.52|3675.91|Y|Y
H1001|003|002|0|5|4|2|33.0|327.84|2130.96|2|33.0|442.58|2876.80|2|33.0|278.66|1811.32|2|33.0|377.02|2450.60|Y|Y
H1001|003|002|1|1|1|1|2.73|||1|3.69|||1|2.32|||1|3.14|||N|N
H1001|003|002|1|1|2|1|8.20|||1|11.06|||1|6.97|||1|9.43|||N|N
H1001|003|002|1|1|4|1|5.46|||1|7.38|||1|4.64|||1|6.28|||N|N
H1001|003|002|1|2|1|1|16.39|||1|22.13|||1|13.93|||1|18.85|||N|N
H1001|003|002|1|2|2|1|49.18|||1|66.39|||1|41.80|||1|56.55|||N|N
H1001|003|002|1|2|4|1|32.78|||1|44.26|||1|27.87|||1|37.70|||N|N
H1001|003|002|1|3|1|1|61.47|||1|82.98|||1|52.25|||1|70.69|||N|Y
H1001|003|002|1|3|2|1|184.41|||1|248.95|||1|156.75|||1|212.07|||N|Y
H1001|003|002|1|3|4|1|122.94|||1|165.97|||1|104.50|||1|141.38|||N|Y
H1001|003|002|1|4|1|1|129.77|||1|175.19|||1|110.30|||1|149.24|||N|Y
H1001|003|002|1|4|2|1|389.31|||1|525.57|||1|330.91|||1|447.71|||N|Y
H1001|003|002|1|4|4|1|259.54|||1|350.38|||1|220.61|||1|298.47|||N|Y
H1001|003|002|1|5|1|2|33.0|163.92|1065.48|2|33.0|221.29|1438.40|2|33.0|139.33|905.66|2|33.0|188.51|1225.30|Y|Y
H1001|003|002|1|5|2|2|33.0|491.76|3196.44|2|33.0|663.88|4315.19|2|33.0|418.00|2716.97|2|33.0|565.52|3675.91|Y|Y
H1001|003|002|1|5|4|2|33.0|327.84|2130.96|2|33.0|442.58|2876.80|2|33.0|278.66|1811.32|2|33.0|377.02|2450.60|Y|Y
H1001|003|002|3|1|1|1|2.73|||1|3.69|||1|2.32|||1|3.14|||N|N
H1001|003|002|3|1|2|1|8.20|||1|11.06|||1|6.97|||1|9.43|||N|N
H1001|003|002|3|1|4|1|5.46|||1|7.38|||1|4.64|||1|6.28|||N|N
H1001|003|002|3|2|1|1|16.39|||1|22.13|||1|13.93|||1|18.85|||N|N
H1001|003|002|3|2|2|1|49.18|||1|66.39|||1|41.80|||1|56.55|||N|N
H1001|003|002|3|2|4|1|32.78|||1|44.26|||1|27.87|||1|37.70|||N|N
H1001|003|002|3|3|1|1|61.47|||1|82.98|||1|52.25|||1|70.69|||N|Y
H1001|003|002|3|3|2|1|184.41|||1|248.95|||1|156.75|||1|212.07|||N|Y
H1001|003|002|3|3|4|1|122.94|||1|165.97|||1|104.50|||1|141.38|||N|Y
H1001|003|002|3|4|1|1|129.77|||1|175.19|||1|110.30|||1|149.24|||N|Y
H1001|003|002|3|4|2|1|389.31|||1|525.57|||1|330.91|||1|447.71|||N|Y
H1001|003|002|3|4|4|1|259.54|||1|350.38|||1|220.61|||1|298.47|||N|Y
H1001|003|002|3|5|1|2|33.0|163.92|1065.48|2|33.0|221.29|1438.40|2|33.0|139.33|905.66|2|33.0|188.51|1225.30|Y|Y
H1001|003|002|3|5|2|2|33.0|491.76|3196.44|2|33.0|663.88|4315.19|2|33.0|418.00|2716.97|2|33.0|565.52|3675.91|Y|Y
H1001|003|002|3|5|4|2|33.0|327.84|2130.96|2|33.0|442.58|2876.80|2|33.0|278.66|1811.32|2|33.0|377.02|2450.60|Y|Y
H2002|003|000|0|1|1|1|2.43|||1|3.28|||1|2.06|||1|2.79|||N|N
H2002|003|000|0|1|2|1|7.28|||1|9.83|||1|6.19|||1|8.38|||N|N
H2002|003|000|0|1|4|1|4.86|||1|6.56|||1|4.13|||1|5.58|||N|N
H2002|003|000|0|2|1|1|14.57|||1|19.67|||1|12.38|||1|16.75|||N|N
H2002|003|000|0|2|2|1|43.70|||1|59.00|||1|37.15|||1|50.26|||N|N
H2002|003|000|0|2|4|1|29.14|||1|39.33|||1|24.77|||1|33.51|||N|N
H2002|003|000|0|3|1|1|54.63|||1|73.75|||1|46.44|||1|62.82|||N|Y
H2002|003|000|0|3|2|1|163.89|||1|221.25|||1|139.31|||1|188.47|||N|Y
H2002|003|000|0|3|4|1|109.26|||1|147.50|||1|92.87|||1|125.65|||N|Y
H2002|003|000|0|4|1|1|115.33|||1|155.70|||1|98.03|||1|132.63|||N|Y
H2002|003|000|0|4|2|1|345.99|||1|467.09|||1|294.09|||1|397.89|||N|Y
H2002|003|000|0|4|4|1|230.66|||1|311.39|||1|196.06|||1|265.26|||N|Y
H2002|003|000|0|5|1|2|33.0|145.68|946.92|2|33.0|196.67|1278.34|2|33.0|123.83|804.88|2|33.0|167.53|1088.96|Y|Y
H2002|003|000|0|5|2|2|33.0|437.04|2840.76|2|33.0|590.00|3835.03|2|33.0|371.48|2414.65|2|33.0|502.60|3266.87|Y|Y
H2002|003|000|0|5|4|2|33.0|291.36|1893.84|2|33.0|393.34|2556.68|2|33.0|247.66|1609.76|2|33.0|335.06|2177.92|Y|Y
H2002|003|000|1|1|1|1|2.43|||1|3.28|||1|2.06|||1|2.79|||N|N
H2002|003|000|1|1|2|1|7.28|||1|9.83|||1|6.19|||1|8.38|||N|N
H2002|003|000|1|1|4|1|4.86|||1|6.56|||1|4.13|||1|5.58|||N|N
H2002|003|000|1|2|1|1|14.57|||1|19.67|||1|12.38|||1|16.75|||N|N
H2002|003|000|1|2|2|1|43.70|||1|59.00|||1|37.15|||1|50.26|||N|N
H2002|003|000|1|2|4|1|29.14|||1|39.33|||1|24.77|||1|33.51|||N|N
H2002|003|000|1|3|1|1|54.63|||1|73.75|||1|46.44|||1|62.82|||N|Y
H2002|003|000|1|3|2|1|163.89|||1|221.25|||1|139.31|||1|188.47|||N|Y
H2002|003|000|1|3|4|1|109.26|||1|147.50|||1|92.87|||1|125.65|||N|Y
H2002|003|000|1|4|1|1|115.33|||1|155.70|||1|98.03|||1|132.63|||N|Y
H2002|003|000|1|4|2|1|345.99|||1|467.09|||1|294.09|||1|397.89|||N|Y
H2002|003|000|1|4|4|1|230.66|||1|311.39|||1|196.06|||1|265.26|||N|Y
H2002|003|000|1|5|1|2|33.0|145.68|946.92|2|33.0|196.67|1278.34|2|33.0|123.83|804.88|2|33.0|167.53|1088.96|Y|Y
H2002|003|000|1|5|2|2|33.0|437.04|2840.76|2|33.0|590.00|3835.03|2|33.0|371.48|2414.65|2|33.0|502.60|3266.87|Y|Y
H2002|003|000|1|5|4|2|33.0|291.36|1893.84|2|33.0|393.34|2556.68|2|33.0|247.66|1609.76|2|33.0|335.06|2177.92|Y|Y
H2002|003|000|3|1|1|1|2.43|||1|3.28|||1|2.06|||1|2.79|||N|N
H2002|003|000|3|1|2|1|7.28|||1|9.83|||1|6.19|||1|8.38|||N|N
H2002|003|000|3|1|4|1|4.86|||1|6.56|||1|4.13|||1|5.58|||N|N
H2002|003|000|3|2|1|1|14.57|||1|19.67|||1|12.38|||1|16.75|||N|N
H2002|003|000|3|2|2|1|43.70|||1|59.00|||1|37.15|||1|50.26|||N|N
H2002|003|000|3|2|4|1|29.14|||1|39.33|||1|24.77|||1|33.51|||N|N
H2002|003|000|3|3|1|1|54.63|||1|73.75|||1|46.44|||1|62.82|||N|Y
H2002|003|000|3|3|2|1|163.89|||1|221.25|||1|139.31|||1|188.47|||N|Y
H2002|003|000|3|3|4|1|109.26|||1|147.50|||1|92.87|||1|125.65|||N|Y
H2002|003|000|3|4|1|1|115.33|||1|155.70|||1|98.03|||1|132.63|||N|Y
H2002|003|000|3|4|2|1|345.99|||1|467.09|||1|294.09|||1|397.89|||N|Y
H2002|003|000|3|4|4|1|230.66|||1|311.39|||1|196.06|||1|265.26|||N|Y
H2002|003|000|3|5|1|2|33.0|145.68|946.92|2|33.0|196.67|1278.34|2|33.0|123.83|804.88|2|33.0|167.53|1088.96|Y|Y
H2002|003|000|3|5|2|2|33.0|437.04|2840.76|2|33.0|590.00|3835.03|2|33.0|371.48|2414.65|2|33.0|502.60|3266.87|Y|Y
H2002|003|000|3|5|4|2|33.0|291.36|1893.84|2|33.0|393.34|2556.68|2|33.0|247.66|1609.76|2|33.0|335.06|2177.92|Y|Y
H3003|003|001|0|1|1|1|2.81|||1|3.79|||1|2.39|||1|3.23|||N|N
H3003|003|001|0|1|2|1|8.42|||1|11.37|||1|7.16|||1|9.69|||N|N
H3003|003|001|0|1|4|1|5.62|||1|7.58|||1|4.77|||1|6.46|||N|N
H3003|003|001|0|2|1|1|16.85|||1|22.74|||1|14.32|||1|19.38|||N|N
H3003|003|001|0|2|2|1|50.54|||1|68.23|||1|42.96|||1|58.13|||N|N
H3003|003|001|0|2|4|1|33.70|||1|45.49|||1|28.64|||1|38.75|||N|N
H3003|003|001|0|3|1|1|63.18|||1|85.29|||1|53.70|||1|72.66|||N|Y
H3003|003|001|0|3|2|1|189.54|||1|255.88|||1|161.11|||1|217.97|||N|Y
H3003|003|001|0|3|4|1|126.36|||1|170.59|||1|107.41|||1|145.31|||N|Y
H3003|003|001|0|4|1|1|133.38|||1|180.06|||1|113.37|||1|153.39|||N|Y
H3003|003|001|0|4|2|1|400.14|||1|540.19|||1|340.12|||1|460.16|||N|Y
H3003|003|001|0|4|4|1|266.76|||1|360.13|||1|226.75|||1|306.77|||N|Y
H3003|003|001|0|5|1|2|33.0|168.48|1095.12|2|33.0|227.45|1478.41|2|33.0|143.21|930.85|2|33.0|193.75|1259.39|Y|Y
H3003|003|001|0|5|2|2|33.0|505.44|3285.36|2|33.0|682.34|4435.24|2|33.0|429.62|2792.56|2|33.0|581.26|3778.16|Y|Y
H3003|003|001|0|5|4|2|33.0|336.96|2190.24|2|33.0|454.90|2956.82|2|33.0|286.42|1861.70|2|33.0|387.50|2518.78|Y|Y
H3003|003|001|1|1|1|1|2.81|||1|3.79|||1|2.39|||1|3.23|||N|N
H3003|003|001|1|1|2|1|8.42|||1|11.37|||1|7.16|||1|9.69|||N|N
H3003|003|001|1|1|4|1|5.62|||1|7.58|||1|4.77|||1|6.46|||N|N
H3003|003|001|1|2|1|1|16.85|||1|22.74|||1|14.32|||1|19.38|||N|N
H3003|003|001|1|2|2|1|50.54|||1|68.23|||1|42.96|||1|58.13|||N|N
H3003|003|001|1|2|4|1|33.70|||1|45.49|||1|28.64|||1|38.75|||N|N
H3003|003|001|1|3|1|1|63.18|||1|85.29|||1|53.70|||1|72.66|||N|Y
H3003|003|001|1|3|2|1|189.54|||1|255.88|||1|161.11|||1|217.97|||N|Y
H3003|003|001|1|3|4|1|126.36|||1|170.59|||1|107.41|||1|145.31|||N|Y
H3003|003|001|1|4|1|1|133.38|||1|180.06|||1|113.37|||1|153.39|||N|Y
H3003|003|001|1|4|2|1|400.14|||1|540.19|||1|340.12|||1|460.16|||N|Y
H3003|003|001|1|4|4|1|266.76|||1|360.13|||1|226.75|||1|306.77|||N|Y
H3003|003|001|1|5|1|2|33.0|168.48|1095.12|2|33.0|227.45|1478.41|2|33.0|143.21|930.85|2|33.0|193.75|1259.39|Y|Y
H3003|003|001|1|5|2|2|33.0|505.44|3285.36|2|33.0|682.34|4435.24|2|33.0|429.62|2792.56|2|33.0|581.26|3778.16|Y|Y
H3003|003|001|1|5|4|2|33.0|336.96|2190.24|2|33.0|454.90|2956.82|2|33.0|286.42|1861.70|2|33.0|387.50|2518.78|Y|Y
H3003|003|001|3|1|1|1|2.81|||1|3.79|||1|2.39|||1|3.23|||N|N
H3003|003|001|3|1|2|1|8.42|||1|11.37|||1|7.16|||1|9.69|||N|N
H3003|003|001|3|1|4|1|5.62|||1|7.58|||1|4.77|||1|6.46|||N|N
H3003|003|001|3|2|1|1|16.85|||1|22.74|||1|14.32|||1|19.38|||N|N
H3003|003|001|3|2|2|1|50.54|||1|68.23|||1|42.96|||1|58.13|||N|N
H3003|003|001|3|2|4|1|33.70|||1|45.49|||1|28.64|||1|38.75|||N|N
H3003|003|001|3|3|1|1|63.18|||1|85.29|||1|53.70|||1|72.66|||N|Y
H3003|003|001|3|3|2|1|189.54|||1|255.88|||1|161.11|||1|217.97|||N|Y
H3003|003|001|3|3|4|1|126.36|||1|170.59|||1|107.41|||1|145.31|||N|Y
H3003|003|001|3|4|1|1|133.38|||1|180.06|||1|113.37|||1|153.39|||N|Y
H3003|003|001|3|4|2|1|400.14|||1|540.19|||1|340.12|||1|460.16|||N|Y
H3003|003|001|3|4|4|1|266.76|||1|360.13|||1|226.75|||1|306.77|||N|Y
H3003|003|001|3|5|1|2|33.0|168.48|1095.12|2|33.0|227.45|1478.41|2|33.0|143.21|930.85|2|33.0|193.75|1259.39|Y|Y
H3003|003|001|3|5|2|2|33.0|505.44|3285.36|2|33.0|682.34|4435.24|2|33.0|429.62|2792.56|2|33.0|581.26|3778.16|Y|Y
H3003|003|001|3|5|4|2|33.0|336.96|2190.24|2|33.0|454.90|2956.82|2|33.0|286.42|1861.70|2|33.0|387.50|2518.78|Y|Y
S4004|003|002|0|1|1|1|2.28|||1|3.07|||1|1.93|||1|2.62|||N|N
S4004|003|002|0|1|2|1|6.83|||1|9.22|||1|5.80|||1|7.85|||N|N
S4004|003|002|0|1|4|1|4.55|||1|6.15|||1|3.87|||1|5.23|||N|N
S4004|003|002|0|2|1|1|13.66|||1|18.44|||1|11.61|||1|15.70|||N|N
S4004|003|002|0|2|2|1|40.97|||1|55.31|||1|34.82|||1|47.11|||N|N
S4004|003|002|0|2|4|1|27.31|||1|36.87|||1|23.22|||1|31.41|||N|N
S4004|003|002|0|3|1|1|51.21|||1|69.13|||1|43.53|||1|58.89|||N|Y
S4004|003|002|0|3|2|1|153.63|||1|207.40|||1|130.59|||1|176.67|||N|Y
S4004|003|002|0|3|4|1|102.42|||1|138.27|||1|87.06|||1|117.78|||N|Y
S4004|003|002|0|4|1|1|108.11|||1|145.95|||1|91.89|||1|124.33|||N|Y
S4004|003|002|0|4|2|1|324.33|||1|437.85|||1|275.68|||1|372.98|||N|Y
S4004|003|002|0|4|4|1|216.22|||1|291.90|||1|183.79|||1|248.65|||N|Y
S4004|003|002|0|5|1|2|33.0|136.56|887.64|2|33.0|184.36|1198.31|2|33.0|116.08|754.49|2|33.0|157.04|1020.79|Y|Y
S4004|003|002|0|5|2|2|33.0|409.68|2662.92|2|33.0|553.07|3594.94|2|33.0|348.23|2263.48|2|33.0|471.13|3062.36|Y|Y
S4004|003|002|0|5|4|2|33.0|273.12|1775.28|2|33.0|368.71|2396.63|2|33.0|232.15|1508.99|2|33.0|314.09|2041.57|Y|Y
S4004|003|002|1|1|1|1|2.28|||1|3.07|||1|1.93|||1|2.62|||N|N
S4004|003|002|1|1|2|1|6.83|||1|9.22|||1|5.80|||1|7.85|||N|N
S4004|003|002|1|1|4|1|4.55|||1|6.15|||1|3.87|||1|5.23|||N|N
S4004|003|002|1|2|1|1|13.66|||1|18.44|||1|11.61|||1|15.70|||N|N
S4004|003|002|1|2|2|1|40.97|||1|55.31|||1|34.82|||1|47.11|||N|N
S4004|003|002|1|2|4|1|27.31|||1|36.87|||1|23.22|||1|31.41|||N|N
S4004|003|002|1|3|1|1|51.21|||1|69.13|||1|43.53|||1|58.89|||N|Y
S4004|003|002|1|3|2|1|153.63|||1|207.40|||1|130.59|||1|176.67|||N|Y
S4004|003|002|1|3|4|1|102.42|||1|138.27|||1|87.06|||1|117.78|||N|Y
S4004|003|002|1|4|1|1|108.11|||1|145.95|||1|91.89|||1|124.33|||N|Y
S4004|003|002|1|4|2|1|324.33|||1|437.85|||1|275.68|||1|372.98|||N|Y
S4004|003|002|1|4|4|1|216.22|||1|291.90|||1|183.79|||1|248.65|||N|Y
S4004|003|002|1|5|1|2|33.0|136.56|887.64|2|33.0|184.36|1198.31|2|33.0|116.08|754.49|2|33.0|157.04|1020.79|Y|Y
S4004|003|002|1|5|2|2|33.0|409.68|2662.92|2|33.0|553.07|3594.94|2|33.0|348.23|2263.48|2|33.0|471.13|3062.36|Y|Y
S4004|003|002|1|5|4|2|33.0|273.12|1775.28|2|33.0|368.71|2396.63|2|33.0|232.15|1508.99|2|33.0|314.09|2041.57|Y|Y
S4004|003|002|3|1|1|1|2.28|||1|3.07|||1|1.93|||1|2.62|||N|N
S4004|003|002|3|1|2|1|6.83|||1|9.22|||1|5.80|||1|7.85|||N|N
S4004|003|002|3|1|4|1|4.55|||1|6.15|||1|3.87|||1|5.23|||N|N
S4004|003|002|3|2|1|1|13.66|||1|18.44|||1|11.61|||1|15.70|||N|N
S4004|003|002|3|2|2|1|40.97|||1|55.31|||1|34.82|||1|47.11|||N|N
S4004|003|002|3|2|4|1|27.31|||1|36.87|||1|23.22|||1|31.41|||N|N
S4004|003|002|3|3|1|1|51.21|||1|69.13|||1|43.53|||1|58.89|||N|Y
S4004|003|002|3|3|2|1|153.63|||1|207.40|||1|130.59|||1|176.67|||N|Y
S4004|003|002|3|3|4|1|102.42|||1|138.27|||1|87.06|||1|117.78|||N|Y
S4004|003|002|3|4|1|1|108.11|||1|145.95|||1|91.89|||1|124.33|||N|Y
S4004|003|002|3|4|2|1|324.33|||1|437.85|||1|275.68|||1|372.98|||N|Y
S4004|003|002|3|4|4|1|216.22|||1|291.90|||1|183.79|||1|248.65|||N|Y
S4004|003|002|3|5|1|2|33.0|136.56|887.64|2|33.0|184.36|1198.31|2|33.0|116.08|754.49|2|33.0|157.04|1020.79|Y|Y
S4004|003|002|3|5|2|2|33.0|409.68|2662.92|2|33.0|553.07|3594.94|2|33.0|348.23|2263.48|2|33.0|471.13|3062.36|Y|Y
S4004|003|002|3|5|4|2|33.0|273.12|1775.28|2|33.0|368.71|2396.63|2|33.0|232.15|1508.99|2|33.0|314.09|2041.57|Y|Y
H1001|004|000|0|1|1|1|2.81|||1|3.79|||1|2.39|||1|3.23|||N|N
H1001|004|000|0|1|2|1|8.42|||1|11.37|||1|7.16|||1|9.69|||N|N
H1001|004|000|0|1|4|1|5.62|||1|7.58|||1|4.77|||1|6.46|||N|N
H1001|004|000|0|2|1|1|16.85|||1|22.74|||1|14.32|||1|19.38|||N|N
H1001|004|000|0|2|2|1|50.54|||1|68.23|||1|42.96|||1|58.13|||N|N
H1001|004|000|0|2|4|1|33.70|||1|45.49|||1|28.64|||1|38.75|||N|N
H1001|004|000|0|3|1|1|63.18|||1|85.29|||1|53.70|||1|72.66|||N|Y
H1001|004|000|0|3|2|1|189.54|||1|255.88|||1|161.11|||1|217.97|||N|Y
H1001|004|000|0|3|4|1|126.36|||1|170.59|||1|107.41|||1|145.31|||N|Y
H1001|004|000|0|4|1|1|133.38|||1|180.06|||1|113.37|||1|153.39|||N|Y
H1001|004|000|0|4|2|1|400.14|||1|540.19|||1|340.12|||1|460.16|||N|Y
H1001|004|000|0|4|4|1|266.76|||1|360.13|||1|226.75|||1|306.77|||N|Y
H1001|004|000|0|5|1|2|33.0|168.48|1095.12|2|33.0|227.45|1478.41|2|33.0|143.21|930.85|2|33.0|193.75|1259.39|Y|Y
H1001|004|000|0|5|2|2|33.0|505.44|3285.36|2|33.0|682.34|4435.24|2|33.0|429.62|2792.56|2|33.0|581.26|3778.16|Y|Y
H1001|004|000|0|5|4|2|33.0|336.96|2190.24|2|33.0|454.90|2956.82|2|33.0|286.42|1861.70|2|33.0|387.50|2518.78|Y|Y
H1001|004|000|1|1|1|1|2.81|||1|3.79|||1|2.39|||1|3.23|||N|N
H1001|004|000|1|1|2|1|8.42|||1|11.37|||1|7.16|||1|9.69|||N|N
H1001|004|000|1|1|4|1|5.62|||1|7.58|||1|4.77|||1|6.46|||N|N
H1001|004|000|1|2|1|1|16.85|||1|22.74|||1|14.32|||1|19.38|||N|N
H1001|004|000|1|2|2|1|50.54|||1|68.23|||1|42.96|||1|58.13|||N|N
H1001|004|000|1|2|4|1|33.70|||1|45.49|||1|28.64|||1|38.75|||N|N
H1001|004|000|1|3|1|1|63.18|||1|85.29|||1|53.70|||1|72.66|||N|Y
H1001|004|000|1|3|2|1|189.54|||1|255.88|||1|161.11|||1|217.97|||N|Y
H1001|004|000|1|3|4|1|126.36|||1|170.59|||1|107.41|||1|145.31|||N|Y
H1001|004|000|1|4|1|1|133.38|||1|180.06|||1|113.37|||1|153.39|||N|Y
H1001|004|000|1|4|2|1|400.14|||1|540.19|||1|340.12|||1|460.16|||N|Y
H1001|004|000|1|4|4|1|266.76|||1|360.13|||1|226.75|||1|306.77|||N|Y
H1001|004|000|1|5|1|2|33.0|168.48|1095.12|2|33.0|227.45|1478.41|2|33.0|143.21|930.85|2|33.0|193.75|1259.39|Y|Y
H1001|004|000|1|5|2|2|33.0|505.44|3285.36|2|33.0|682.34|4435.24|2|33.0|429.62|2792.56|2|33.0|581.26|3778.16|Y|Y
H1001|004|000|1|5|4|2|33.0|336.96|2190.24|2|33.0|454.90|2956.82|2|33.0|286.42|1861.70|2|33.0|387.50|2518.78|Y|Y
H1001|004|000|3|1|1|1|2.81|||1|3.79|||1|2.39|||1|3.23|||N|N
H1001|004|000|3|1|2|1|8.42|||1|11.37|||1|7.16|||1|9.69|||N|N
H1001|004|000|3|1|4|1|5.62|||1|7.58|||1|4.77|||1|6.46|||N|N
H1001|004|000|3|2|1|1|16.85|||1|22.74|||1|14.32|||1|19.38|||N|N
H1001|004|000|3|2|2|1|50.54|||1|68.23|||1|42.96|||1|58.13|||N|N
H1001|004|000|3|2|4|1|33.70|||1|45.49|||1|28.64|||1|38.75|||N|N
H1001|004|000|3|3|1|1|63.18|||1|85.29|||1|53.70|||1|72.66|||N|Y
H1001|004|000|3|3|2|1|189.54|||1|255.88|||1|161.11|||1|217.97|||N|Y
H1001|004|000|3|3|4|1|126.36|||1|170.59|||1|107.41|||1|145.31|||N|Y
H1001|004|000|3|4|1|1|133.38|||1|180.06|||1|113.37|||1|153.39|||N|Y
H1001|004|000|3|4|2|1|400.14|||1|540.19|||1|340.12|||1|460.16|||N|Y
H1001|004|000|3|4|4|1|266.76|||1|360.13|||1|226.75|||1|306.77|||N|Y
H1001|004|000|3|5|1|2|33.0|168.48|1095.12|2|33.0|227.45|1478.41|2|33.0|143.21|930.85|2|33.0|193.75|1259.39|Y|Y
H1001|004|000|3|5|2|2|33.0|505.44|3285.36|2|33.0|682.34|4435.24|2|33.0|429.62|2792.56|2|33.0|581.26|3778.16|Y|Y
H1001|004|000|3|5|4|2|33.0|336.96|2190.24|2|33.0|454.90|2956.82|2|33.0|286.42|1861.70|2|33.0|387.50|2518.78|Y|Y
H2002|004|001|0|1|1|1|1.44|||1|1.94|||1|1.22|||1|1.66|||N|N
H2002|004|001|0|1|2|1|4.32|||1|5.83|||1|3.67|||1|4.97|||N|N
H2002|004|001|0|1|4|1|2.88|||1|3.89|||1|2.45|||1|3.31|||N|N
H2002|004|001|0|2|1|1|8.64|||1|11.66|||1|7.34|||1|9.94|||N|N
H2002|004|001|0|2|2|1|25.92|||1|34.99|||1|22.03|||1|29.81|||N|N
H2002|004|001|0|2|4|1|17.28|||1|23.33|||1|14.69|||1|19.87|||N|N
H2002|004|001|0|3|1|1|32.40|||1|43.74|||1|27.54|||1|37.26|||N|Y
H2002|004|001|0|3|2|1|97.20|||1|131.22|||1|82.62|||1|111.78|||N|Y
H2002|004|001|0|3|4|1|64.80|||1|87.48|||1|55.08|||1|74.52|||N|Y
H2002|004|001|0|4|1|1|68.40|||1|92.34|||1|58.14|||1|78.66|||N|Y
H2002|004|001|0|4|2|1|205.20|||1|277.02|||1|174.42|||1|235.98|||N|Y
H2002|004|001|0|4|4|1|136.80|||1|184.68|||1|116.28|||1|157.32|||N|Y
H2002|004|001|0|5|1|2|33.0|86.40|561.60|2|33.0|116.64|758.16|2|33.0|73.44|477.36|2|33.0|99.36|645.84|Y|Y
H2002|004|001|0|5|2|2|33.0|259.20|1684.80|2|33.0|349.92|2274.48|2|33.0|220.32|1432.08|2|33.0|298.08|1937.52|Y|Y
H2002|004|001|0|5|4|2|33.0|172.80|1123.20|2|33.0|233.28|1516.32|2|33.0|146.88|954.72|2|33.0|198.72|1291.68|Y|Y
H2002|004|001|1|1|1|1|1.44|||1|1.94|||1|1.22|||1|1.66|||N|N
H2002|004|001|1|1|2|1|4.32|||1|5.83|||1|3.67|||1|4.97|||N|N
H2002|004|001|1|1|4|1|2.88|||1|3.89|||1|2.45|||1|3.31|||N|N
H2002|004|001|1|2|1|1|8.64|||1|11.66|||1|7.34|||1|9.94|||N|N
H2002|004|001|1|2|2|1|25.92|||1|34.99|||1|22.03|||1|29.81|||N|N
H2002|004|001|1|2|4|1|17.28|||1|23.33|||1|14.69|||1|19.87|||N|N
H2002|004|001|1|3|1|1|32.40|||1|43.74|||1|27.54|||1|37.26|||N|Y
H2002|004|001|1|3|2|1|97.20|||1|131.22|||1|82.62|||1|111.78|||N|Y
H2002|004|001|1|3|4|1|64.80|||1|87.48|||1|55.08|||1|74.52|||N|Y
H2002|004|001|1|4|1|1|68.40|||1|92.34|||1|58.14|||1|78.66|||N|Y
H2002|004|001|1|4|2|1|205.20|||1|277.02|||1|174.42|||1|235.98|||N|Y
H2002|004|001|1|4|4|1|136.80|||1|184.68|||1|116.28|||1|157.32|||N|Y
H2002|004|001|1|5|1|2|33.0|86.40|561.60|2|33.0|116.64|758.16|2|33.0|73.44|477.36|2|33.0|99.36|645.84|Y|Y
H2002|004|001|1|5|2|2|33.0|259.20|1684.80|2|33.0|349.92|2274.48|2|33.0|220.32|1432.08|2|33.0|298.08|1937.52|Y|Y
H2002|004|001|1|5|4|2|33.0|172.80|1123.20|2|33.0|233.28|1516.32|2|33.0|146.88|954.72|2|33.0|198.72|1291.68|Y|Y
H2002|004|001|3|1|1|1|1.44|||1|1.94|||1|1.22|||1|1.66|||N|N
H2002|004|001|3|1|2|1|4.32|||1|5.83|||1|3.67|||1|4.97|||N|N
H2002|004|001|3|1|4|1|2.88|||1|3.89|||1|2.45|||1|3.31|||N|N
H2002|004|001|3|2|1|1|8.64|||1|11.66|||1|7.34|||1|9.94|||N|N
H2002|004|001|3|2|2|1|25.92|||1|34.99|||1|22.03|||1|29.81|||N|N
H2002|004|001|3|2|4|1|17.28|||1|23.33|||1|14.69|||1|19.87|||N|N
H2002|004|001|3|3|1|1|32.40|||1|43.74|||1|27.54|||1|37.26|||N|Y
H2002|004|001|3|3|2|1|97.20|||1|131.22|||1|82.62|||1|111.78|||N|Y
H2002|004|001|3|3|4|1|64.80|||1|87.48|||1|55.08|||1|74.52|||N|Y
H2002|004|001|3|4|1|1|68.40|||1|92.34|||1|58.14|||1|78.66|||N|Y
H2002|004|001|3|4|2|1|205.20|||1|277.02|||1|174.42|||1|235.98|||N|Y
H2002|004|001|3|4|4|1|136.80|||1|184.68|||1|116.28|||1|157.32|||N|Y
H2002|004|001|3|5|1|2|33.0|86.40|561.60|2|33.0|116.64|758.16|2|33.0|73.44|477.36|2|33.0|99.36|645.84|Y|Y
H2002|004|001|3|5|2|2|33.0|259.20|1684.80|2|33.0|349.92|2274.48|2|33.0|220.32|1432.08|2|33.0|298.08|1937.52|Y|Y
H2002|004|001|3|5|4|2|33.0|172.80|1123.20|2|33.0|233.28|1516.32|2|33.0|146.88|954.72|2|33.0|198.72|1291.68|Y|Y
H3003|004|002|0|1|1|1|1.82|||1|2.46|||1|1.55|||1|2.09|||N|N
H3003|004|002|0|1|2|1|5.46|||1|7.37|||1|4.64|||1|6.28|||N|N
H3003|004|002|0|1|4|1|3.64|||1|4.91|||1|3.09|||1|4.19|||N|N
H3003|004|002|0|2|1|1|10.92|||1|14.74|||1|9.28|||1|12.56|||N|N
H3003|004|002|0|2|2|1|32.76|||1|44.23|||1|27.85|||1|37.67|||N|N
H3003|004|002|0|2|4|1|21.84|||1|29.48|||1|18.56|||1|25.12|||N|N
H3003|004|002|0|3|1|1|40.95|||1|55.28|||1|34.81|||1|47.09|||N|Y
H3003|004|002|0|3|2|1|122.85|||1|165.85|||1|104.42|||1|141.28|||N|Y
H3003|004|002|0|3|4|1|81.90|||1|110.56|||1|69.61|||1|94.18|||N|Y
H3003|004|002|0|4|1|1|86.45|||1|116.71|||1|73.48|||1|99.42|||N|Y
H3003|004|002|0|4|2|1|259.35|||1|350.12|||1|220.45|||1|298.25|||N|Y
H3003|004|002|0|4|4|1|172.90|||1|233.41|||1|146.96|||1|198.83|||N|Y
H3003|004|002|0|5|1|2|33.0|109.20|709.80|2|33.0|147.42|958.23|2|33.0|92.82|603.33|2|33.0|125.58|816.27|Y|Y
H3003|004|002|0|5|2|2|33.0|327.60|2129.40|2|33.0|442.26|2874.69|2|33.0|278.46|1809.99|2|33.0|376.74|2448.81|Y|Y
H3003|004|002|0|5|4|2|33.0|218.40|1419.60|2|33.0|294.84|1916.46|2|33.0|185.64|1206.66|2|33.0|251.16|1632.54|Y|Y
H3003|004|002|1|1|1|1|1.82|||1|2.46|||1|1.55|||1|2.09|||N|N
H3003|004|002|1|1|2|1|5.46|||1|7.37|||1|4.64|||1|6.28|||N|N
H3003|004|002|1|1|4|1|3.64|||1|4.91|||1|3.09|||1|4.19|||N|N
H3003|004|002|1|2|1|1|10.92|||1|14.74|||1|9.28|||1|12.56|||N|N
H3003|004|002|1|2|2|1|32.76|||1|44.23|||1|27.85|||1|37.67|||N|N
H3003|004|002|1|2|4|1|21.84|||1|29.48|||1|18.56|||1|25.12|||N|N
H3003|004|002|1|3|1|1|40.95|||1|55.28|||1|34.81|||1|47.09|||N|Y
H3003|004|002|1|3|2|1|122.85|||1|165.85|||1|104.42|||1|141.28|||N|Y
H3003|004|002|1|3|4|1|81.90|||1|110.56|||1|69.61|||1|94.18|||N|Y
H3003|004|002|1|4|1|1|86.45|||1|116.71|||1|73.48|||1|99.42|||N|Y
H3003|004|002|1|4|2|1|259.35|||1|350.12|||1|220.45|||1|298.25|||N|Y
H3003|004|002|1|4|4|1|172.90|||1|233.41|||1|146.96|||1|198.83|||N|Y
H3003|004|002|1|5|1|2|33.0|109.20|709.80|2|33.0|147.42|958.23|2|33.0|92.82|603.33|2|33.0|125.58|816.27|Y|Y
H3003|004|002|1|5|2|2|33.0|327.60|2129.40|2|33.0|442.26|2874.69|2|33.0|278.46|1809.99|2|33.0|376.74|2448.81|Y|Y
H3003|004|002|1|5|4|2|33.0|218.40|1419.60|2|33.0|294.84|1916.46|2|33.0|185.64|1206.66|2|33.0|251.16|1632.54|Y|Y
H3003|004|002|3|1|1|1|1.82|||1|2.46|||1|1.55|||1|2.09|||N|N
H3003|004|002|3|1|2|1|5.46|||1|7.37|||1|4.64|||1|6.28|||N|N
H3003|004|002|3|1|4|1|3.64|||1|4.91|||1|3.09|||1|4.19|||N|N
H3003|004|002|3|2|1|1|10.92|||1|14.74|||1|9.28|||1|12.56|||N|N
H3003|004|002|3|2|2|1|32.76|||1|44.23|||1|27.85|||1|37.67|||N|N
H3003|004|002|3|2|4|1|21.84|||1|29.48|||1|18.56|||1|25.12|||N|N
H3003|004|002|3|3|1|1|40.95|||1|55.28|||1|34.81|||1|47.09|||N|Y
H3003|004|002|3|3|2|1|122.85|||1|165.85|||1|104.42|||1|141.28|||N|Y
H3003|004|002|3|3|4|1|81.90|||1|110.56|||1|69.61|||1|94.18|||N|Y
H3003|004|002|3|4|1|1|86.45|||1|116.71|||1|73.48|||1|99.42|||N|Y
H3003|004|002|3|4|2|1|259.35|||1|350.12|||1|220.45|||1|298.25|||N|Y
H3003|004|002|3|4|4|1|172.90|||1|233.41|||1|146.96|||1|198.83|||N|Y
H3003|004|002|3|5|1|2|33.0|109.20|709.80|2|33.0|147.42|958.23|2|33.0|92.82|603.33|2|33.0|125.58|816.27|Y|Y
H3003|004|002|3|5|2|2|33.0|327.60|2129.40|2|33.0|442.26|2874.69|2|33.0|278.46|1809.99|2|33.0|376.74|2448.81|Y|Y
H3003|004|002|3|5|4|2|33.0|218.40|1419.60|2|33.0|294.84|1916.46|2|33.0|185.64|1206.66|2|33.0|251.16|1632.54|Y|Y
S4004|004|000|0|1|1|1|2.35|||1|3.18|||1|2.00|||1|2.70|||N|N
S4004|004|000|0|1|2|1|7.06|||1|9.53|||1|6.00|||1|8.11|||N|N
S4004|004|000|0|1|4|1|4.70|||1|6.35|||1|4.00|||1|5.41|||N|N
S4004|004|000|0|2|1|1|14.11|||1|19.05|||1|12.00|||1|16.23|||N|N
S4004|004|000|0|2|2|1|42.34|||1|57.15|||1|35.99|||1|48.69|||N|N
S4004|004|000|0|2|4|1|28.22|||1|38.10|||1|23.99|||1|32.46|||N|N
S4004|004|000|0|3|1|1|52.92|||1|71.44|||1|44.98|||1|60.86|||N|Y
S4004|004|000|0|3|2|1|158.76|||1|214.33|||1|134.95|||1|182.57|||N|Y
S4004|004|000|0|3|4|1|105.84|||1|142.88|||1|89.96|||1|121.72|||N|Y
S4004|004|000|0|4|1|1|111.72|||1|150.82|||1|94.96|||1|128.48|||N|Y
S4004|004|000|0|4|2|1|335.16|||1|452.47|||1|284.89|||1|385.43|||N|Y
S4004|004|000|0|4|4|1|223.44|||1|301.64|||1|189.92|||1|256.96|||N|Y
S4004|004|000|0|5|1|2|33.0|141.12|917.28|2|33.0|190.51|1238.33|2|33.0|119.95|779.69|2|33.0|162.29|1054.87|Y|Y
S4004|004|000|0|5|2|2|33.0|423.36|2751.84|2|33.0|571.54|3714.98|2|33.0|359.86|2339.06|2|33.0|486.86|3164.62|Y|Y
S4004|004|000|0|5|4|2|33.0|282.24|1834.56|2|33.0|381.02|2476.66|2|33.0|239.90|1559.38|2|33.0|324.58|2109.74|Y|Y
S4004|004|000|1|1|1|1|2.35|||1|3.18|||1|2.00|||1|2.70|||N|N
S4004|004|000|1|1|2|1|7.06|||1|9.53|||1|6.00|||1|8.11|||N|N
S4004|004|000|1|1|4|1|4.70|||1|6.35|||1|4.00|||1|5.41|||N|N
S4004|004|000|1|2|1|1|14.11|||1|19.05|||1|12.00|||1|16.23|||N|N
S4004|004|000|1|2|2|1|42.34|||1|57.15|||1|35.99|||1|48.69|||N|N
S4004|004|000|1|2|4|1|28.22|||1|38.10|||1|23.99|||1|32.46|||N|N
S4004|004|000|1|3|1|1|52.92|||1|71.44|||1|44.98|||1|60.86|||N|Y
S4004|004|000|1|3|2|1|158.76|||1|214.33|||1|134.95|||1|182.57|||N|Y
S4004|004|000|1|3|4|1|105.84|||1|142.88|||1|89.96|||1|121.72|||N|Y
S4004|004|000|1|4|1|1|111.72|||1|150.82|||1|94.96|||1|128.48|||N|Y
S4004|004|000|1|4|2|1|335.16|||1|452.47|||1|284.89|||1|385.43|||N|Y
S4004|004|000|1|4|4|1|223.44|||1|301.64|||1|189.92|||1|256.96|||N|Y
S4004|004|000|1|5|1|2|33.0|141.12|917.28|2|33.0|190.51|1238.33|2|33.0|119.95|779.69|2|33.0|162.29|1054.87|Y|Y
S4004|004|000|1|5|2|2|33.0|423.36|2751.84|2|33.0|571.54|3714.98|2|33.0|359.86|2339.06|2|33.0|486.86|3164.62|Y|Y
S4004|004|000|1|5|4|2|33.0|282.24|1834.56|2|33.0|381.02|2476.66|2|33.0|239.90|1559.38|2|33.0|324.58|2109.74|Y|Y
S4004|004|000|3|1|1|1|2.35|||1|3.18|||1|2.00|||1|2.70|||N|N
S4004|004|000|3|1|2|1|7.06|||1|9.53|||1|6.00|||1|8.11|||N|N
S4004|004|000|3|1|4|1|4.70|||1|6.35|||1|4.00|||1|5.41|||N|N
S4004|004|000|3|2|1|1|14.11|||1|19.05|||1|12.00|||1|16.23|||N|N
S4004|004|000|3|2|2|1|42.34|||1|57.15|||1|35.99|||1|48.69|||N|N
S4004|004|000|3|2|4|1|28.22|||1|38.10|||1|23.99|||1|32.46|||N|N
S4004|004|000|3|3|1|1|52.92|||1|71.44|||1|44.98|||1|60.86|||N|Y
S4004|004|000|3|3|2|1|158.76|||1|214.33|||1|134.95|||1|182.57|||N|Y
S4004|004|000|3|3|4|1|105.84|||1|142.88|||1|89.96|||1|121.72|||N|Y
S4004|004|000|3|4|1|1|111.72|||1|150.82|||1|94.96|||1|128.48|||N|Y
S4004|004|000|3|4|2|1|335.16|||1|452.47|||1|284.89|||1|385.43|||N|Y
S4004|004|000|3|4|4|1|223.44|||1|301.64|||1|189.92|||1|256.96|||N|Y
S4004|004|000|3|5|1|2|33.0|141.12|917.28|2|33.0|190.51|1238.33|2|33.0|119.95|779.69|2|33.0|162.29|1054.87|Y|Y
S4004|004|000|3|5|2|2|33.0|423.36|2751.84|2|33.0|571.54|3714.98|2|33.0|359.86|2339.06|2|33.0|486.86|3164.62|Y|Y
S4004|004|000|3|5|4|2|33.0|282.24|1834.56|2|33.0|381.02|2476.66|2|33.0|239.90|1559.38|2|33.0|324.58|2109.74|Y|Y
H1001|005|001|0|1|1|1|1.82|||1|2.46|||1|1.55|||1|2.09|||N|N
H1001|005|001|0|1|2|1|5.46|||1|7.37|||1|4.64|||1|6.28|||N|N
H1001|005|001|0|1|4|1|3.64|||1|4.91|||1|3.09|||1|4.19|||N|N
H1001|005|001|0|2|1|1|10.92|||1|14.74|||1|9.28|||1|12.56|||N|N
H1001|005|001|0|2|2|1|32.76|||1|44.23|||1|27.85|||1|37.67|||N|N
H1001|005|001|0|2|4|1|21.84|||1|29.48|||1|18.56|||1|25.12|||N|N
H1001|005|001|0|3|1|1|40.95|||1|55.28|||1|34.81|||1|47.09|||N|Y
H1001|005|001|0|3|2|1|122.85|||1|165.85|||1|104.42|||1|141.28|||N|Y
H1001|005|001|0|3|4|1|81.90|||1|110.56|||1|69.61|||1|94.18|||N|Y
H1001|005|001|0|4|1|1|86.45|||1|116.71|||1|73.48|||1|99.42|||N|Y
H1001|005|001|0|4|2|1|259.35|||1|350.12|||1|220.45|||1|298.25|||N|Y
H1001|005|001|0|4|4|1|172.90|||1|233.41|||1|146.96|||1|198.83|||N|Y
H1001|005|001|0|5|1|2|33.0|109.20|709.80|2|33.0|147.42|958.23|2|33.0|92.82|603.33|2|33.0|125.58|816.27|Y|Y
H1001|005|001|0|5|2|2|33.0|327.60|2129.40|2|33.0|442.26|2874.69|2|33.0|278.46|1809.99|2|33.0|376.74|2448.81|Y|Y
H1001|005|001|0|5|4|2|33.0|218.40|1419.60|2|33.0|294.84|1916.46|2|33.0|185.64|1206.66|2|33.0|251.16|1632.54|Y|Y
H1001|005|001|1|1|1|1|1.82|||1|2.46|||1|1.55|||1|2.09|||N|N
H1001|005|001|1|1|2|1|5.46|||1|7.37|||1|4.64|||1|6.28|||N|N
H1001|005|001|1|1|4|1|3.64|||1|4.91|||1|3.09|||1|4.19|||N|N
H1001|005|001|1|2|1|1|10.92|||1|14.74|||1|9.28|||1|12.56|||N|N
H1001|005|001|1|2|2|1|32.76|||1|44.23|||1|27.85|||1|37.67|||N|N
H1001|005|001|1|2|4|1|21.84|||1|29.48|||1|18.56|||1|25.12|||N|N
H1001|005|001|1|3|1|1|40.95|||1|55.28|||1|34.81|||1|47.09|||N|Y
H1001|005|001|1|3|2|1|122.85|||1|165.85|||1|104.42|||1|141.28|||N|Y
H1001|005|001|1|3|4|1|81.90|||1|110.56|||1|69.61|||1|94.18|||N|Y
H1001|005|001|1|4|1|1|86.45|||1|116.71|||1|73.48|||1|99.42|||N|Y
H1001|005|001|1|4|2|1|259.35|||1|350.12|||1|220.45|||1|298.25|||N|Y
H1001|005|001|1|4|4|1|172.90|||1|233.41|||1|146.96|||1|198.83|||N|Y
H1001|005|001|1|5|1|2|33.0|109.20|709.80|2|33.0|147.42|958.23|2|33.0|92.82|603.33|2|33.0|125.58|816.27|Y|Y
H1001|005|001|1|5|2|2|33.0|327.60|2129.40|2|33.0|442.26|2874.69|2|33.0|278.46|1809.99|2|33.0|376.74|2448.81|Y|Y
H1001|005|001|1|5|4|2|33.0|218.40|1419.60|2|33.0|294.84|1916.46|2|33.0|185.64|1206.66|2|33.0|251.16|1632.54|Y|Y
H1001|005|001|3|1|1|1|1.82|||1|2.46|||1|1.55|||1|2.09|||N|N
H1001|005|001|3|1|2|1|5.46|||1|7.37|||1|4.64|||1|6.28|||N|N
H1001|005|001|3|1|4|1|3.64|||1|4.91|||1|3.09|||1|4.19|||N|N
H1001|005|001|3|2|1|1|10.92|||1|14.74|||1|9.28|||1|12.56|||N|N
H1001|005|001|3|2|2|1|32.76|||1|44.23|||1|27.85|||1|37.67|||N|N
H1001|005|001|3|2|4|1|21.84|||1|29.48|||1|18.56|||1|25.12|||N|N
H1001|005|001|3|3|1|1|40.95|||1|55.28|||1|34.81|||1|47.09|||N|Y
H1001|005|001|3|3|2|1|122.85|||1|165.85|||1|104.42|||1|141.28|||N|Y
H1001|005|001|3|3|4|1|81.90|||1|110.56|||1|69.61|||1|94.18|||N|Y
H1001|005|001|3|4|1|1|86.45|||1|116.71|||1|73.48|||1|99.42|||N|Y
H1001|005|001|3|4|2|1|259.35|||1|350.12|||1|220.45|||1|298.25|||N|Y
H1001|005|001|3|4|4|1|172.90|||1|233.41|||1|146.96|||1|198.83|||N|Y
H1001|005|001|3|5|1|2|33.0|109.20|709.80|2|33.0|147.42|958.23|2|33.0|92.82|603.33|2|33.0|125.58|816.27|Y|Y
H1001|005|001|3|5|2|2|33.0|327.60|2129.40|2|33.0|442.26|2874.69|2|33.0|278.46|1809.99|2|33.0|376.74|2448.81|Y|Y
H1001|005|001|3|5|4|2|33.0|218.40|1419.60|2|33.0|294.84|1916.46|2|33.0|185.64|1206.66|2|33.0|251.16|1632.54|Y|Y
H2002|005|002|0|1|1|1|2.20|||1|2.97|||1|1.87|||1|2.53|||N|N
H2002|005|002|0|1|2|1|6.60|||1|8.91|||1|5.61|||1|7.59|||N|N
H2002|005|002|0|1|4|1|4.40|||1|5.94|||1|3.74|||1|5.06|||N|N
H2002|005|002|0|2|1|1|13.20|||1|17.82|||1|11.22|||1|15.18|||N|N
H2002|005|002|0|2|2|1|39.60|||1|53.46|||1|33.66|||1|45.54|||N|N
H2002|005|002|0|2|4|1|26.40|||1|35.64|||1|22.44|||1|30.36|||N|N
H2002|005|002|0|3|1|1|49.50|||1|66.83|||1|42.08|||1|56.93|||N|Y
H2002|005|002|0|3|2|1|148.50|||1|200.48|||1|126.22|||1|170.77|||N|Y
H2002|005|002|0|3|4|1|99.00|||1|133.65|||1|84.15|||1|113.85|||N|Y
H2002|005|002|0|4|1|1|104.50|||1|141.08|||1|88.83|||1|120.18|||N|Y
H2002|005|002|0|4|2|1|313.50|||1|423.23|||1|266.47|||1|360.52|||N|Y
H2002|005|002|0|4|4|1|209.00|||1|282.15|||1|177.65|||1|240.35|||N|Y
H2002|005|002|0|5|1|2|33.0|132.00|858.00|2|33.0|178.20|1158.30|2|33.0|112.20|729.30|2|33.0|151.80|986.70|Y|Y
H2002|005|002|0|5|2|2|33.0|396.00|2574.00|2|33.0|534.60|3474.90|2|33.0|336.60|2187.90|2|33.0|455.40|2960.10|Y|Y
H2002|005|002|0|5|4|2|33.0|264.00|1716.00|2|33.0|356.40|2316.60|2|33.0|224.40|1458.60|2|33.0|303.60|1973.40|Y|Y
H2002|005|002|1|1|1|1|2.20|||1|2.97|||1|1.87|||1|2.53|||N|N
H2002|005|002|1|1|2|1|6.60|||1|8.91|||1|5.61|||1|7.59|||N|N
H2002|005|002|1|1|4|1|4.40|||1|5.94|||1|3.74|||1|5.06|||N|N
H2002|005|002|1|2|1|1|13.20|||1|17.82|||1|11.22|||1|15.18|||N|N
H2002|005|002|1|2|2|1|39.60|||1|53.46|||1|33.66|||1|45.54|||N|N
H2002|005|002|1|2|4|1|26.40|||1|35.64|||1|22.44|||1|30.36|||N|N
H2002|005|002|1|3|1|1|49.50|||1|66.83|||1|42.08|||1|56.93|||N|Y
H2002|005|002|1|3|2|1|148.50|||1|200.48|||1|126.22|||1|170.77|||N|Y
H2002|005|002|1|3|4|1|99.00|||1|133.65|||1|84.15|||1|113.85|||N|Y
H2002|005|002|1|4|1|1|104.50|||1|141.08|||1|88.83|||1|120.18|||N|Y
H2002|005|002|1|4|2|1|313.50|||1|423.23|||1|266.47|||1|360.52|||N|Y
H2002|005|002|1|4|4|1|209.00|||1|282.15|||1|177.65|||1|240.35|||N|Y
H2002|005|002|1|5|1|2|33.0|132.00|858.00|2|33.0|178.20|1158.30|2|33.0|112.20|729.30|2|33.0|151.80|986.70|Y|Y
H2002|005|002|1|5|2|2|33.0|396.00|2574.00|2|33.0|534.60|3474.90|2|33.0|336.60|2187.90|2|33.0|455.40|2960.10|Y|Y
H2002|005|002|1|5|4|2|33.0|264.00|1716.00|2|33.0|356.40|2316.60|2|33.0|224.40|1458.60|2|33.0|303.60|1973.40|Y|Y
H2002|005|002|3|1|1|1|2.20|||1|2.97|||1|1.87|||1|2.53|||N|N
H2002|005|002|3|1|2|1|6.60|||1|8.91|||1|5.61|||1|7.59|||N|N
H2002|005|002|3|1|4|1|4.40|||1|5.94|||1|3.74|||1|5.06|||N|N
H2002|005|002|3|2|1|1|13.20|||1|17.82|||1|11.22|||1|15.18|||N|N
H2002|005|002|3|2|2|1|39.60|||1|53.46|||1|33.66|||1|45.54|||N|N
H2002|005|002|3|2|4|1|26.40|||1|35.64|||1|22.44|||1|30.36|||N|N
H2002|005|002|3|3|1|1|49.50|||1|66.83|||1|42.08|||1|56.93|||N|Y
H2002|005|002|3|3|2|1|148.50|||1|200.48|||1|126.22|||1|170.77|||N|Y
H2002|005|002|3|3|4|1|99.00|||1|133.65|||1|84.15|||1|113.85|||N|Y
H2002|005|002|3|4|1|1|104.50|||1|141.08|||1|88.83|||1|120.18|||N|Y
H2002|005|002|3|4|2|1|313.50|||1|423.23|||1|266.47|||1|360.52|||N|Y
H2002|005|002|3|4|4|1|209.00|||1|282.15|||1|177.65|||1|240.35|||N|Y
H2002|005|002|3|5|1|2|33.0|132.00|858.00|2|33.0|178.20|1158.30|2|33.0|112.20|729.30|2|33.0|151.80|986.70|Y|Y
H2002|005|002|3|5|2|2|33.0|396.00|2574.00|2|33.0|534.60|3474.90|2|33.0|336.60|2187.90|2|33.0|455.40|2960.10|Y|Y
H2002|005|002|3|5|4|2|33.0|264.00|1716.00|2|33.0|356.40|2316.60|2|33.0|224.40|1458.60|2|33.0|303.60|1973.40|Y|Y
H3003|005|000|0|1|1|1|1.90|||1|2.56|||1|1.61|||1|2.18|||N|N
H3003|005|000|0|1|2|1|5.69|||1|7.68|||1|4.83|||1|6.54|||N|N
H3003|005|000|0|1|4|1|3.79|||1|5.12|||1|3.22|||1|4.36|||N|N
H3003|005|000|0|2|1|1|11.38|||1|15.36|||1|9.67|||1|13.08|||N|N
H3003|005|000|0|2|2|1|34.13|||1|46.07|||1|29.01|||1|39.25|||N|N
H3003|005|000|0|2|4|1|22.75|||1|30.72|||1|19.34|||1|26.16|||N|N
H3003|005|000|0|3|1|1|42.66|||1|57.59|||1|36.26|||1|49.06|||N|Y
H3003|005|000|0|3|2|1|127.98|||1|172.77|||1|108.78|||1|147.18|||N|Y
H3003|005|000|0|3|4|1|85.32|||1|115.18|||1|72.52|||1|98.12|||N|Y
H3003|005|000|0|4|1|1|90.06|||1|121.58|||1|76.55|||1|103.57|||N|Y
H3003|005|000|0|4|2|1|270.18|||1|364.74|||1|229.65|||1|310.71|||N|Y
H3003|005|000|0|4|4|1|180.12|||1|243.16|||1|153.10|||1|207.14|||N|Y
H3003|005|000|0|5|1|2|33.0|113.76|739.44|2|33.0|153.58|998.24|2|33.0|96.70|628.52|2|33.0|130.82|850.36|Y|Y
H3003|005|000|0|5|2|2|33.0|341.28|2218.32|2|33.0|460.73|2994.73|2|33.0|290.09|1885.57|2|33.0|392.47|2551.07|Y|Y
H3003|005|000|0|5|4|2|33.0|227.52|1478.88|2|33.0|307.15|1996.49|2|33.0|193.39|1257.05|2|33.0|261.65|1700.71|Y|Y
H3003|005|000|1|1|1|1|1.90|||1|2.56|||1|1.61|||1|2.18|||N|N
H3003|005|000|1|1|2|1|5.69|||1|7.68|||1|4.83|||1|6.54|||N|N
H3003|005|000|1|1|4|1|3.79|||1|5.12|||1|3.22|||1|4.36|||N|N
H3003|005|000|1|2|1|1|11.38|||1|15.36|||1|9.67|||1|13.08|||N|N
H3003|005|000|1|2|2|1|34.13|||1|46.07|||1|29.01|||1|39.25|||N|N
H3003|005|000|1|2|4|1|22.75|||1|30.72|||1|19.34|||1|26.16|||N|N
H3003|005|000|1|3|1|1|42.66|||1|57.59|||1|36.26|||1|49.06|||N|Y
H3003|005|000|1|3|2|1|127.98|||1|172.77|||1|108.78|||1|147.18|||N|Y
H3003|005|000|1|3|4|1|85.32|||1|115.18|||1|72.52|||1|98.12|||N|Y
H3003|005|000|1|4|1|1|90.06|||1|121.58|||1|76.55|||1|103.57|||N|Y
H3003|005|000|1|4|2|1|270.18|||1|364.74|||1|229.65|||1|310.71|||N|Y
H3003|005|000|1|4|4|1|180.12|||1|243.16|||1|153.10|||1|207.14|||N|Y
H3003|005|000|1|5|1|2|33.0|113.76|739.44|2|33.0|153.58|998.24|2|33.0|96.70|628.52|2|33.0|130.82|850.36|Y|Y
H3003|005|000|1|5|2|2|33.0|341.28|2218.32|2|33.0|460.73|2994.73|2|33.0|290.09|1885.57|2|33.0|392.47|2551.07|Y|Y
H3003|005|000|1|5|4|2|33.0|227.52|1478.88|2|33.0|307.15|1996.49|2|33.0|193.39|1257.05|2|33.0|261.65|1700.71|Y|Y
H3003|005|000|3|1|1|1|1.90|||1|2.56|||1|1.61|||1|2.18|||N|N
H3003|005|000|3|1|2|1|5.69|||1|7.68|||1|4.83|||1|6.54|||N|N
H3003|005|000|3|1|4|1|3.79|||1|5.12|||1|3.22|||1|4.36|||N|N
H3003|005|000|3|2|1|1|11.38|||1|15.36|||1|9.67|||1|13.08|||N|N
H3003|005|000|3|2|2|1|34.13|||1|46.07|||1|29.01|||1|39.25|||N|N
H3003|005|000|3|2|4|1|22.75|||1|30.72|||1|19.34|||1|26.16|||N|N
H3003|005|000|3|3|1|1|42.66|||1|57.59|||1|36.26|||1|49.06|||N|Y
H3003|005|000|3|3|2|1|127.98|||1|172.77|||1|108.78|||1|147.18|||N|Y
H3003|005|000|3|3|4|1|85.32|||1|115.18|||1|72.52|||1|98.12|||N|Y
H3003|005|000|3|4|1|1|90.06|||1|121.58|||1|76.55|||1|103.57|||N|Y
H3003|005|000|3|4|2|1|270.18|||1|364.74|||1|229.65|||1|310.71|||N|Y
H3003|005|000|3|4|4|1|180.12|||1|243.16|||1|153.10|||1|207.14|||N|Y
H3003|005|000|3|5|1|2|33.0|113.76|739.44|2|33.0|153.58|998.24|2|33.0|96.70|628.52|2|33.0|130.82|850.36|Y|Y
H3003|005|000|3|5|2|2|33.0|341.28|2218.32|2|33.0|460.73|2994.73|2|33.0|290.09|1885.57|2|33.0|392.47|2551.07|Y|Y
H3003|005|000|3|5|4|2|33.0|227.52|1478.88|2|33.0|307.15|1996.49|2|33.0|193.39|1257.05|2|33.0|261.65|1700.71|Y|Y
S4004|005|001|0|1|1|1|3.11|||1|4.20|||1|2.65|||1|3.58|||N|N
S4004|005|001|0|1|2|1|9.34|||1|12.60|||1|7.94|||1|10.74|||N|N
S4004|005|001|0|1|4|1|6.22|||1|8.40|||1|5.29|||1|7.16|||N|N
S4004|005|001|0|2|1|1|18.67|||1|25.21|||1|15.87|||1|21.47|||N|N
S4004|005|001|0|2|2|1|56.02|||1|75.62|||1|47.61|||1|64.42|||N|N
S4004|005|001|0|2|4|1|37.34|||1|50.41|||1|31.74|||1|42.95|||N|N
S4004|005|001|0|3|1|1|70.02|||1|94.53|||1|59.52|||1|80.52|||N|Y
S4004|005|001|0|3|2|1|210.06|||1|283.58|||1|178.55|||1|241.57|||N|Y
S4004|005|001|0|3|4|1|140.04|||1|189.05|||1|119.03|||1|161.05|||N|Y
S4004|005|001|0|4|1|1|147.82|||1|199.56|||1|125.65|||1|169.99|||N|Y
S4004|005|001|0|4|2|1|443.46|||1|598.67|||1|376.94|||1|509.98|||N|Y
S4004|005|001|0|4|4|1|295.64|||1|399.11|||1|251.29|||1|339.99|||N|Y
S4004|005|001|0|5|1|2|33.0|186.72|1213.68|2|33.0|252.07|1638.47|2|33.0|158.71|1031.63|2|33.0|214.73|1395.73|Y|Y
S4004|005|001|0|5|2|2|33.0|560.16|3641.04|2|33.0|756.22|4915.40|2|33.0|476.14|3094.88|2|33.0|644.18|4187.20|Y|Y
S4004|005|001|0|5|4|2|33.0|373.44|2427.36|2|33.0|504.14|3276.94|2|33.0|317.42|2063.26|2|33.0|429.46|2791.46|Y|Y
S4004|005|001|1|1|1|1|3.11|||1|4.20|||1|2.65|||1|3.58|||N|N
S4004|005|001|1|1|2|1|9.34|||1|12.60|||1|7.94|||1|10.74|||N|N
S4004|005|001|1|1|4|1|6.22|||1|8.40|||1|5.29|||1|7.16|||N|N
S4004|005|001|1|2|1|1|18.67|||1|25.21|||1|15.87|||1|21.47|||N|N
S4004|005|001|1|2|2|1|56.02|||1|75.62|||1|47.61|||1|64.42|||N|N
S4004|005|001|1|2|4|1|37.34|||1|50.41|||1|31.74|||1|42.95|||N|N
S4004|005|001|1|3|1|1|70.02|||1|94.53|||1|59.52|||1|80.52|||N|Y
S4004|005|001|1|3|2|1|210.06|||1|283.58|||1|178.55|||1|241.57|||N|Y
S4004|005|001|1|3|4|1|140.04|||1|189.05|||1|119.03|||1|161.05|||N|Y
S4004|005|001|1|4|1|1|147.82|||1|199.56|||1|125.65|||1|169.99|||N|Y
S4004|005|001|1|4|2|1|443.46|||1|598.67|||1|376.94|||1|509.98|||N|Y
S4004|005|001|1|4|4|1|295.64|||1|399.11|||1|251.29|||1|339.99|||N|Y
S4004|005|001|1|5|1|2|33.0|186.72|1213.68|2|33.0|252.07|1638.47|2|33.0|158.71|1031.63|2|33.0|214.73|1395.73|Y|Y
S4004|005|001|1|5|2|2|33.0|560.16|3641.04|2|33.0|756.22|4915.40|2|33.0|476.14|3094.88|2|33.0|644.18|4187.20|Y|Y
S4004|005|001|1|5|4|2|33.0|373.44|2427.36|2|33.0|504.14|3276.94|2|33.0|317.42|2063.26|2|33.0|429.46|2791.46|Y|Y
S4004|005|001|3|1|1|1|3.11|||1|4.20|||1|2.65|||1|3.58|||N|N
S4004|005|001|3|1|2|1|9.34|||1|12.60|||1|7.94|||1|10.74|||N|N
S4004|005|001|3|1|4|1|6.22|||1|8.40|||1|5.29|||1|7.16|||N|N
S4004|005|001|3|2|1|1|18.67|||1|25.21|||1|15.87|||1|21.47|||N|N
S4004|005|001|3|2|2|1|56.02|||1|75.62|||1|47.61|||1|64.42|||N|N
S4004|005|001|3|2|4|1|37.34|||1|50.41|||1|31.74|||1|42.95|||N|N
S4004|005|001|3|3|1|1|70.02|||1|94.53|||1|59.52|||1|80.52|||N|Y
S4004|005|001|3|3|2|1|210.06|||1|283.58|||1|178.55|||1|241.57|||N|Y
S4004|005|001|3|3|4|1|140.04|||1|189.05|||1|119.03|||1|161.05|||N|Y
S4004|005|001|3|4|1|1|147.82|||1|199.56|||1|125.65|||1|169.99|||N|Y
S4004|005|001|3|4|2|1|443.46|||1|598.67|||1|376.94|||1|509.98|||N|Y
S4004|005|001|3|4|4|1|295.64|||1|399.11|||1|251.29|||1|339.99|||N|Y
S4004|005|001|3|5|1|2|33.0|186.72|1213.68|2|33.0|252.07|1638.47|2|33.0|158.71|1031.63|2|33.0|214.73|1395.73|Y|Y
S4004|005|001|3|5|2|2|33.0|560.16|3641.04|2|33.0|756.22|4915.40|2|33.0|476.14|3094.88|2|33.0|644.18|4187.20|Y|Y
S4004|005|001|3|5|4|2|33.0|373.44|2427.36|2|33.0|504.14|3276.94|2|33.0|317.42|2063.26|2|33.0|429.46|2791.46|Y|Y
H1001|006|002|0|1|1|1|2.58|||1|3.48|||1|2.19|||1|2.97|||N|N
H1001|006|002|0|1|2|1|7.74|||1|10.45|||1|6.58|||1|8.90|||N|N
H1001|006|002|0|1|4|1|5.16|||1|6.97|||1|4.39|||1|5.93|||N|N
H1001|006|002|0|2|1|1|15.48|||1|20.90|||1|13.16|||1|17.80|||N|N
H1001|006|002|0|2|2|1|46.44|||1|62.69|||1|39.47|||1|53.41|||N|N
H1001|006|002|0|2|4|1|30.96|||1|41.80|||1|26.32|||1|35.60|||N|N
H1001|006|002|0|3|1|1|58.05|||1|78.37|||1|49.34|||1|66.76|||N|Y
H1001|006|002|0|3|2|1|174.15|||1|235.10|||1|148.03|||1|200.27|||N|Y
H1001|006|002|0|3|4|1|116.10|||1|156.74|||1|98.69|||1|133.51|||N|Y
H1001|006|002|0|4|1|1|122.55|||1|165.44|||1|104.17|||1|140.93|||N|Y
H1001|006|002|0|4|2|1|367.65|||1|496.33|||1|312.50|||1|422.80|||N|Y
H1001|006|002|0|4|4|1|245.10|||1|330.88|||1|208.33|||1|281.86|||N|Y
H1001|006|002|0|5|1|2|33.0|154.80|1006.20|2|33.0|208.98|1358.37|2|33.0|131.58|855.27|2|33.0|178.02|1157.13|Y|Y
H1001|006|002|0|5|2|2|33.0|464.40|3018.60|2|33.0|626.94|4075.11|2|33.0|394.74|2565.81|2|33.0|534.06|3471.39|Y|Y
H1001|006|002|0|5|4|2|33.0|309.60|2012.40|2|33.0|417.96|2716.74|2|33.0|263.16|1710.54|2|33.0|356.04|2314.26|Y|Y
H1001|006|002|1|1|1|1|2.58|||1|3.48|||1|2.19|||1|2.97|||N|N
H1001|006|002|1|1|2|1|7.74|||1|10.45|||1|6.58|||1|8.90|||N|N
H1001|006|002|1|1|4|1|5.16|||1|6.97|||1|4.39|||1|5.93|||N|N
H1001|006|002|1|2|1|1|15.48|||1|20.90|||1|13.16|||1|17.80|||N|N
H1001|006|002|1|2|2|1|46.44|||1|62.69|||1|39.47|||1|53.41|||N|N
H1001|006|002|1|2|4|1|30.96|||1|41.80|||1|26.32|||1|35.60|||N|N
H1001|006|002|1|3|1|1|58.05|||1|78.37|||1|49.34|||1|66.76|||N|Y
H1001|006|002|1|3|2|1|174.15|||1|235.10|||1|148.03|||1|200.27|||N|Y
H1001|006|002|1|3|4|1|116.10|||1|156.74|||1|98.69|||1|133.51|||N|Y
H1001|006|002|1|4|1|1|122.55|||1|165.44|||1|104.17|||1|140.93|||N|Y
H1001|006|002|1|4|2|1|367.65|||1|496.33|||1|312.50|||1|422.80|||N|Y
H1001|006|002|1|4|4|1|245.10|||1|330.88|||1|208.33|||1|281.86|||N|Y
H1001|006|002|1|5|1|2|33.0|154.80|1006.20|2|33.0|208.98|1358.37|2|33.0|131.58|855.27|2|33.0|178.02|1157.13|Y|Y
H1001|006|002|1|5|2|2|33.0|464.40|3018.60|2|33.0|626.94|4075.11|2|33.0|394.74|2565.81|2|33.0|534.06|3471.39|Y|Y
H1001|006|002|1|5|4|2|33.0|309.60|2012.40|2|33.0|417.96|2716.74|2|33.0|263.16|1710.54|2|33.0|356.04|2314.26|Y|Y
H1001|006|002|3|1|1|1|2.58|||1|3.48|||1|2.19|||1|2.97|||N|N
H1001|006|002|3|1|2|1|7.74|||1|10.45|||1|6.58|||1|8.90|||N|N
H1001|006|002|3|1|4|1|5.16|||1|6.97|||1|4.39|||1|5.93|||N|N
H1001|006|002|3|2|1|1|15.48|||1|20.90|||1|13.16|||1|17.80|||N|N
H1001|006|002|3|2|2|1|46.44|||1|62.69|||1|39.47|||1|53.41|||N|N
H1001|006|002|3|2|4|1|30.96|||1|41.80|||1|26.32|||1|35.60|||N|N
H1001|006|002|3|3|1|1|58.05|||1|78.37|||1|49.34|||1|66.76|||N|Y
H1001|006|002|3|3|2|1|174.15|||1|235.10|||1|148.03|||1|200.27|||N|Y
H1001|006|002|3|3|4|1|116.10|||1|156.74|||1|98.69|||1|133.51|||N|Y
H1001|006|002|3|4|1|1|122.55|||1|165.44|||1|104.17|||1|140.93|||N|Y
H1001|006|002|3|4|2|1|367.65|||1|496.33|||1|312.50|||1|422.80|||N|Y
H1001|006|002|3|4|4|1|245.10|||1|330.88|||1|208.33|||1|281.86|||N|Y
H1001|006|002|3|5|1|2|33.0|154.80|1006.20|2|33.0|208.98|1358.37|2|33.0|131.58|855.27|2|33.0|178.02|1157.13|Y|Y
H1001|006|002|3|5|2|2|33.0|464.40|3018.60|2|33.0|626.94|4075.11|2|33.0|394.74|2565.81|2|33.0|534.06|3471.39|Y|Y
H1001|006|002|3|5|4|2|33.0|309.60|2012.40|2|33.0|417.96|2716.74|2|33.0|263.16|1710.54|2|33.0|356.04|2314.26|Y|Y
H2002|006|000|0|1|1|1|2.28|||1|3.07|||1|1.93|||1|2.62|||N|N
H2002|006|000|0|1|2|1|6.83|||1|9.22|||1|5.80|||1|7.85|||N|N
H2002|006|000|0|1|4|1|4.55|||1|6.15|||1|3.87|||1|5.23|||N|N
H2002|006|000|0|2|1|1|13.66|||1|18.44|||1|11.61|||1|15.70|||N|N
H2002|006|000|0|2|2|1|40.97|||1|55.31|||1|34.82|||1|47.11|||N|N
H2002|006|000|0|2|4|1|27.31|||1|36.87|||1|23.22|||1|31.41|||N|N
H2002|006|000|0|3|1|1|51.21|||1|69.13|||1|43.53|||1|58.89|||N|Y
H2002|006|000|0|3|2|1|153.63|||1|207.40|||1|130.59|||1|176.67|||N|Y
H2002|006|000|0|3|4|1|102.42|||1|138.27|||1|87.06|||1|117.78|||N|Y
H2002|006|000|0|4|1|1|108.11|||1|145.95|||1|91.89|||1|124.33|||N|Y
H2002|006|000|0|4|2|1|324.33|||1|437.85|||1|275.68|||1|372.98|||N|Y
H2002|006|000|0|4|4|1|216.22|||1|291.90|||1|183.79|||1|248.65|||N|Y
H2002|006|000|0|5|1|2|33.0|136.56|887.64|2|33.0|184.36|1198.31|2|33.0|116.08|754.49|2|33.0|157.04|1020.79|Y|Y
H2002|006|000|0|5|2|2|33.0|409.68|2662.92|2|33.0|553.07|3594.94|2|33.0|348.23|2263.48|2|33.0|471.13|3062.36|Y|Y
H2002|006|000|0|5|4|2|33.0|273.12|1775.28|2|33.0|368.71|2396.63|2|33.0|232.15|1508.99|2|33.0|314.09|2041.57|Y|Y
H2002|006|000|1|1|1|1|2.28|||1|3.07|||1|1.93|||1|2.62|||N|N
H2002|006|000|1|1|2|1|6.83|||1|9.22|||1|5.80|||1|7.85|||N|N
H2002|006|000|1|1|4|1|4.55|||1|6.15|||1|3.87|||1|5.23|||N|N
H2002|006|000|1|2|1|1|13.66|||1|18.44|||1|11.61|||1|15.70|||N|N
H2002|006|000|1|2|2|1|40.97|||1|55.31|||1|34.82|||1|47.11|||N|N
H2002|006|000|1|2|4|1|27.31|||1|36.87|||1|23.22|||1|31.41|||N|N
H2002|006|000|1|3|1|1|51.21|||1|69.13|||1|43.53|||1|58.89|||N|Y
H2002|006|000|1|3|2|1|153.63|||1|207.40|||1|130.59|||1|176.67|||N|Y
H2002|006|000|1|3|4|1|102.42|||1|138.27|||1|87.06|||1|117.78|||N|Y
H2002|006|000|1|4|1|1|108.11|||1|145.95|||1|91.89|||1|124.33|||N|Y
H2002|006|000|1|4|2|1|324.33|||1|437.85|||1|275.68|||1|372.98|||N|Y
H2002|006|000|1|4|4|1|216.22|||1|291.90|||1|183.79|||1|248.65|||N|Y
H2002|006|000|1|5|1|2|33.0|136.56|887.64|2|33.0|184.36|1198.31|2|33.0|116.08|754.49|2|33.0|157.04|1020.79|Y|Y
H2002|006|000|1|5|2|2|33.0|409.68|2662.92|2|33.0|553.07|3594.94|2|33.0|348.23|2263.48|2|33.0|471.13|3062.36|Y|Y
H2002|006|000|1|5|4|2|33.0|273.12|1775.28|2|33.0|368.71|2396.63|2|33.0|232.15|1508.99|2|33.0|314.09|2041.57|Y|Y
H2002|006|000|3|1|1|1|2.28|||1|3.07|||1|1.93|||1|2.62|||N|N
H2002|006|000|3|1|2|1|6.83|||1|9.22|||1|5.80|||1|7.85|||N|N
H2002|006|000|3|1|4|1|4.55|||1|6.15|||1|3.87|||1|5.23|||N|N
H2002|006|000|3|2|1|1|13.66|||1|18.44|||1|11.61|||1|15.70|||N|N
H2002|006|000|3|2|2|1|40.97|||1|55.31|||1|34.82|||1|47.11|||N|N
H2002|006|000|3|2|4|1|27.31|||1|36.87|||1|23.22|||1|31.41|||N|N
H2002|006|000|3|3|1|1|51.21|||1|69.13|||1|43.53|||1|58.89|||N|Y
H2002|006|000|3|3|2|1|153.63|||1|207.40|||1|130.59|||1|176.67|||N|Y
H2002|006|000|3|3|4|1|102.42|||1|138.27|||1|87.06|||1|117.78|||N|Y
H2002|006|000|3|4|1|1|108.11|||1|145.95|||1|91.89|||1|124.33|||N|Y
H2002|006|000|3|4|2|1|324.33|||1|437.85|||1|275.68|||1|372.98|||N|Y
H2002|006|000|3|4|4|1|216.22|||1|291.90|||1|183.79|||1|248.65|||N|Y
H2002|006|000|3|5|1|2|33.0|136.56|887.64|2|33.0|184.36|1198.31|2|33.0|116.08|754.49|2|33.0|157.04|1020.79|Y|Y
H2002|006|000|3|5|2|2|33.0|409.68|2662.92|2|33.0|553.07|3594.94|2|33.0|348.23|2263.48|2|33.0|471.13|3062.36|Y|Y
H2002|006|000|3|5|4|2|33.0|273.12|1775.28|2|33.0|368.71|2396.63|2|33.0|232.15|1508.99|2|33.0|314.09|2041.57|Y|Y
H3003|006|001|0|1|1|1|2.66|||1|3.59|||1|2.26|||1|3.05|||N|N
H3003|006|001|0|1|2|1|7.97|||1|10.76|||1|6.77|||1|9.16|||N|N
H3003|006|001|0|1|4|1|5.31|||1|7.17|||1|4.52|||1|6.11|||N|N
H3003|006|001|0|2|1|1|15.94|||1|21.51|||1|13.55|||1|18.33|||N|N
H3003|006|001|0|2|2|1|47.81|||1|64.54|||1|40.64|||1|54.98|||N|N
H3003|006|001|0|2|4|1|31.87|||1|43.03|||1|27.09|||1|36.65|||N|N
H3003|006|001|0|3|1|1|59.76|||1|80.68|||1|50.80|||1|68.72|||N|Y
H3003|006|001|0|3|2|1|179.28|||1|242.03|||1|152.39|||1|206.17|||N|Y
H3003|006|001|0|3|4|1|119.52|||1|161.35|||1|101.59|||1|137.45|||N|Y
H3003|006|001|0|4|1|1|126.16|||1|170.32|||1|107.24|||1|145.08|||N|Y
H3003|006|001|0|4|2|1|378.48|||1|510.95|||1|321.71|||1|435.25|||N|Y
H3003|006|001|0|4|4|1|252.32|||1|340.63|||1|214.47|||1|290.17|||N|Y
H3003|006|001|0|5|1|2|33.0|159.36|1035.84|2|33.0|215.14|1398.38|2|33.0|135.46|880.46|2|33.0|183.26|1191.22|Y|Y
H3003|006|001|0|5|2|2|33.0|478.08|3107.52|2|33.0|645.41|4195.15|2|33.0|406.37|2641.39|2|33.0|549.79|3573.65|Y|Y
H3003|006|001|0|5|4|2|33.0|318.72|2071.68|2|33.0|430.27|2796.77|2|33.0|270.91|1760.93|2|33.0|366.53|2382.43|Y|Y
H3003|006|001|1|1|1|1|2.66|||1|3.59|||1|2.26|||1|3.05|||N|N
H3003|006|001|1|1|2|1|7.97|||1|10.76|||1|6.77|||1|9.16|||N|N
H3003|006|001|1|1|4|1|5.31|||1|7.17|||1|4.52|||1|6.11|||N|N
H3003|006|001|1|2|1|1|15.94|||1|21.51|||1|13.55|||1|18.33|||N|N
H3003|006|001|1|2|2|1|47.81|||1|64.54|||1|40.64|||1|54.98|||N|N
H3003|006|001|1|2|4|1|31.87|||1|43.03|||1|27.09|||1|36.65|||N|N
H3003|006|001|1|3|1|1|59.76|||1|80.68|||1|50.80|||1|68.72|||N|Y
H3003|006|001|1|3|2|1|179.28|||1|242.03|||1|152.39|||1|206.17|||N|Y
H3003|006|001|1|3|4|1|119.52|||1|161.35|||1|101.59|||1|137.45|||N|Y
H3003|006|001|1|4|1|1|126.16|||1|170.32|||1|107.24|||1|145.08|||N|Y
H3003|006|001|1|4|2|1|378.48|||1|510.95|||1|321.71|||1|435.25|||N|Y
H3003|006|001|1|4|4|1|252.32|||1|340.63|||1|214.47|||1|290.17|||N|Y
H3003|006|001|1|5|1|2|33.0|159.36|1035.84|2|33.0|215.14|1398.38|2|33.0|135.46|880.46|2|33.0|183.26|1191.22|Y|Y
H3003|006|001|1|5|2|2|33.0|478.08|3107.52|2|33.0|645.41|4195.15|2|33.0|406.37|2641.39|2|33.0|549.79|3573.65|Y|Y
H3003|006|001|1|5|4|2|33.0|318.72|2071.68|2|33.0|430.27|2796.77|2|33.0|270.91|1760.93|2|33.0|366.53|2382.43|Y|Y
H3003|006|001|3|1|1|1|2.66|||1|3.59|||1|2.26|||1|3.05|||N|N
H3003|006|001|3|1|2|1|7.97|||1|10.76|||1|6.77|||1|9.16|||N|N
H3003|006|001|3|1|4|1|5.31|||1|7.17|||1|4.52|||1|6.11|||N|N
H3003|006|001|3|2|1|1|15.94|||1|21.51|||1|13.55|||1|18.33|||N|N
H3003|006|001|3|2|2|1|47.81|||1|64.54|||1|40.64|||1|54.98|||N|N
H3003|006|001|3|2|4|1|31.87|||1|43.03|||1|27.09|||1|36.65|||N|N
H3003|006|001|3|3|1|1|59.76|||1|80.68|||1|50.80|||1|68.72|||N|Y
H3003|006|001|3|3|2|1|179.28|||1|242.03|||1|152.39|||1|206.17|||N|Y
H3003|006|001|3|3|4|1|119.52|||1|161.35|||1|101.59|||1|137.45|||N|Y
H3003|006|001|3|4|1|1|126.16|||1|170.32|||1|107.24|||1|145.08|||N|Y
H3003|006|001|3|4|2|1|378.48|||1|510.95|||1|321.71|||1|435.25|||N|Y
H3003|006|001|3|4|4|1|252.32|||1|340.63|||1|214.47|||1|290.17|||N|Y
H3003|006|001|3|5|1|2|33.0|159.36|1035.84|2|33.0|215.14|1398.38|2|33.0|135.46|880.46|2|33.0|183.26|1191.22|Y|Y
H3003|006|001|3|5|2|2|33.0|478.08|3107.52|2|33.0|645.41|4195.15|2|33.0|406.37|2641.39|2|33.0|549.79|3573.65|Y|Y
H3003|006|001|3|5|4|2|33.0|318.72|2071.68|2|33.0|430.27|2796.77|2|33.0|270.91|1760.93|2|33.0|366.53|2382.43|Y|Y
S4004|006|002|0|1|1|1|2.12|||1|2.87|||1|1.81|||1|2.44|||N|N
S4004|006|002|0|1|2|1|6.37|||1|8.60|||1|5.42|||1|7.33|||N|N
S4004|006|002|0|1|4|1|4.25|||1|5.73|||1|3.61|||1|4.89|||N|N
S4004|006|002|0|2|1|1|12.74|||1|17.20|||1|10.83|||1|14.66|||N|N
S4004|006|002|0|2|2|1|38.23|||1|51.61|||1|32.50|||1|43.97|||N|N
S4004|006|002|0|2|4|1|25.49|||1|34.41|||1|21.66|||1|29.31|||N|N
S4004|006|002|0|3|1|1|47.79|||1|64.52|||1|40.62|||1|54.96|||N|Y
S4004|006|002|0|3|2|1|143.37|||1|193.55|||1|121.86|||1|164.88|||N|Y
S4004|006|002|0|3|4|1|95.58|||1|129.03|||1|81.24|||1|109.92|||N|Y
S4004|006|002|0|4|1|1|100.89|||1|136.20|||1|85.76|||1|116.02|||N|Y
S4004|006|002|0|4|2|1|302.67|||1|408.60|||1|257.27|||1|348.07|||N|Y
S4004|006|002|0|4|4|1|201.78|||1|272.40|||1|171.51|||1|232.05|||N|Y
S4004|006|002|0|5|1|2|33.0|127.44|828.36|2|33.0|172.04|1118.29|2|33.0|108.32|704.11|2|33.0|146.56|952.61|Y|Y
S4004|006|002|0|5|2|2|33.0|382.32|2485.08|2|33.0|516.13|3354.86|2|33.0|324.97|2112.32|2|33.0|439.67|2857.84|Y|Y
S4004|006|002|0|5|4|2|33.0|254.88|1656.72|2|33.0|344.09|2236.57|2|33.0|216.65|1408.21|2|33.0|293.11|1905.23|Y|Y
S4004|006|002|1|1|1|1|2.12|||1|2.87|||1|1.81|||1|2.44|||N|N
S4004|006|002|1|1|2|1|6.37|||1|8.60|||1|5.42|||1|7.33|||N|N
S4004|006|002|1|1|4|1|4.25|||1|5.73|||1|3.61|||1|4.89|||N|N
S4004|006|002|1|2|1|1|12.74|||1|17.20|||1|10.83|||1|14.66|||N|N
S4004|006|002|1|2|2|1|38.23|||1|51.61|||1|32.50|||1|43.97|||N|N
S4004|006|002|1|2|4|1|25.49|||1|34.41|||1|21.66|||1|29.31|||N|N
S4004|006|002|1|3|1|1|47.79|||1|64.52|||1|40.62|||1|54.96|||N|Y
S4004|006|002|1|3|2|1|143.37|||1|193.55|||1|121.86|||1|164.88|||N|Y
S4004|006|002|1|3|4|1|95.58|||1|129.03|||1|81.24|||1|109.92|||N|Y
S4004|006|002|1|4|1|1|100.89|||1|136.20|||1|85.76|||1|116.02|||N|Y
S4004|006|002|1|4|2|1|302.67|||1|408.60|||1|257.27|||1|348.07|||N|Y
S4004|006|002|1|4|4|1|201.78|||1|272.40|||1|171.51|||1|232.05|||N|Y
S4004|006|002|1|5|1|2|33.0|127.44|828.36|2|33.0|172.04|1118.29|2|33.0|108.32|704.11|2|33.0|146.56|952.61|Y|Y
S4004|006|002|1|5|2|2|33.0|382.32|2485.08|2|33.0|516.13|3354.86|2|33.0|324.97|2112.32|2|33.0|439.67|2857.84|Y|Y
S4004|006|002|1|5|4|2|33.0|254.88|1656.72|2|33.0|344.09|2236.57|2|33.0|216.65|1408.21|2|33.0|293.11|1905.23|Y|Y
S4004|006|002|3|1|1|1|2.12|||1|2.87|||1|1.81|||1|2.44|||N|N
S4004|006|002|3|1|2|1|6.37|||1|8.60|||1|5.42|||1|7.33|||N|N
S4004|006|002|3|1|4|1|4.25|||1|5.73|||1|3.61|||1|4.89|||N|N
S4004|006|002|3|2|1|1|12.74|||1|17.20|||1|10.83|||1|14.66|||N|N
S4004|006|002|3|2|2|1|38.23|||1|51.61|||1|32.50|||1|43.97|||N|N
S4004|006|002|3|2|4|1|25.49|||1|34.41|||1|21.66|||1|29.31|||N|N
S4004|006|002|3|3|1|1|47.79|||1|64.52|||1|40.62|||1|54.96|||N|Y
S4004|006|002|3|3|2|1|143.37|||1|193.55|||1|121.86|||1|164.88|||N|Y
S4004|006|002|3|3|4|1|95.58|||1|129.03|||1|81.24|||1|109.92|||N|Y
S4004|006|002|3|4|1|1|100.89|||1|136.20|||1|85.76|||1|116.02|||N|Y
S4004|006|002|3|4|2|1|302.67|||1|408.60|||1|257.27|||1|348.07|||N|Y
S4004|006|002|3|4|4|1|201.78|||1|272.40|||1|171.51|||1|232.05|||N|Y
S4004|006|002|3|5|1|2|33.0|127.44|828.36|2|33.0|172.04|1118.29|2|33.0|108.32|704.11|2|33.0|146.56|952.61|Y|Y
S4004|006|002|3|5|2|2|33.0|382.32|2485.08|2|33.0|516.13|3354.86|2|33.0|324.97|2112.32|2|33.0|439.67|2857.84|Y|Y
S4004|006|002|3|5|4|2|33.0|254.88|1656.72|2|33.0|344.09|2236.57|2|33.0|216.65|1408.21|2|33.0|293.11|1905.23|Y|Y
H1001|007|000|0|1|1|1|2.66|||1|3.59|||1|2.26|||1|3.05|||N|N
H1001|007|000|0|1|2|1|7.97|||1|10.76|||1|6.77|||1|9.16|||N|N
H1001|007|000|0|1|4|1|5.31|||1|7.17|||1|4.52|||1|6.11|||N|N
H1001|007|000|0|2|1|1|15.94|||1|21.51|||1|13.55|||1|18.33|||N|N
H1001|007|000|0|2|2|1|47.81|||1|64.54|||1|40.64|||1|54.98|||N|N
H1001|007|000|0|2|4|1|31.87|||1|43.03|||1|27.09|||1|36.65|||N|N
H1001|007|000|0|3|1|1|59.76|||1|80.68|||1|50.80|||1|68.72|||N|Y
H1001|007|000|0|3|2|1|179.28|||1|242.03|||1|152.39|||1|206.17|||N|Y
H1001|007|000|0|3|4|1|119.52|||1|161.35|||1|101.59|||1|137.45|||N|Y
H1001|007|000|0|4|1|1|126.16|||1|170.32|||1|107.24|||1|145.08|||N|Y
H1001|007|000|0|4|2|1|378.48|||1|510.95|||1|321.71|||1|435.25|||N|Y
H1001|007|000|0|4|4|1|252.32|||1|340.63|||1|214.47|||1|290.17|||N|Y
H1001|007|000|0|5|1|2|33.0|159.36|1035.84|2|33.0|215.14|1398.38|2|33.0|135.46|880.46|2|33.0|183.26|1191.22|Y|Y
H1001|007|000|0|5|2|2|33.0|478.08|3107.52|2|33.0|645.41|4195.15|2|33.0|406.37|2641.39|2|33.0|549.79|3573.65|Y|Y
H1001|007|000|0|5|4|2|33.0|318.72|2071.68|2|33.0|430.27|2796.77|2|33.0|270.91|1760.93|2|33.0|366.53|2382.43|Y|Y
H1001|007|000|1|1|1|1|2.66|||1|3.59|||1|2.26|||1|3.05|||N|N
H1001|007|000|1|1|2|1|7.97|||1|10.76|||1|6.77|||1|9.16|||N|N
H1001|007|000|1|1|4|1|5.31|||1|7.17|||1|4.52|||1|6.11|||N|N
H1001|007|000|1|2|1|1|15.94|||1|21.51|||1|13.55|||1|18.33|||N|N
H1001|007|000|1|2|2|1|47.81|||1|64.54|||1|40.64|||1|54.98|||N|N
H1001|007|000|1|2|4|1|31.87|||1|43.03|||1|27.09|||1|36.65|||N|N
H1001|007|000|1|3|1|1|59.76|||1|80.68|||1|50.80|||1|68.72|||N|Y
H1001|007|000|1|3|2|1|179.28|||1|242.03|||1|152.39|||1|206.17|||N|Y
H1001|007|000|1|3|4|1|119.52|||1|161.35|||1|101.59|||1|137.45|||N|Y
H1001|007|000|1|4|1|1|126.16|||1|170.32|||1|107.24|||1|145.08|||N|Y
H1001|007|000|1|4|2|1|378.48|||1|510.95|||1|321.71|||1|435.25|||N|Y
H1001|007|000|1|4|4|1|252.32|||1|340.63|||1|214.47|||1|290.17|||N|Y
H1001|007|000|1|5|1|2|33.0|159.36|1035.84|2|33.0|215.14|1398.38|2|33.0|135.46|880.46|2|33.0|183.26|1191.22|Y|Y
H1001|007|000|1|5|2|2|33.0|478.08|3107.52|2|33.0|645.41|4195.15|2|33.0|406.37|2641.39|2|33.0|549.79|3573.65|Y|Y
H1001|007|000|1|5|4|2|33.0|318.72|2071.68|2|33.0|430.27|2796.77|2|33.0|270.91|1760.93|2|33.0|366.53|2382.43|Y|Y
H1001|007|000|3|1|1|1|2.66|||1|3.59|||1|2.26|||1|3.05|||N|N
H1001|007|000|3|1|2|1|7.97|||1|10.76|||1|6.77|||1|9.16|||N|N
H1001|007|000|3|1|4|1|5.31|||1|7.17|||1|4.52|||1|6.11|||N|N
H1001|007|000|3|2|1|1|15.94|||1|21.51|||1|13.55|||1|18.33|||N|N
H1001|007|000|3|2|2|1|47.81|||1|64.54|||1|40.64|||1|54.98|||N|N
H1001|007|000|3|2|4|1|31.87|||1|43.03|||1|27.09|||1|36.65|||N|N
H1001|007|000|3|3|1|1|59.76|||1|80.68|||1|50.80|||1|68.72|||N|Y
H1001|007|000|3|3|2|1|179.28|||1|242.03|||1|152.39|||1|206.17|||N|Y
H1001|007|000|3|3|4|1|119.52|||1|161.35|||1|101.59|||1|137.45|||N|Y
H1001|007|000|3|4|1|1|126.16|||1|170.32|||1|107.24|||1|145.08|||N|Y
H1001|007|000|3|4|2|1|378.48|||1|510.95|||1|321.71|||1|435.25|||N|Y
H1001|007|000|3|4|4|1|252.32|||1|340.63|||1|214.47|||1|290.17|||N|Y
H1001|007|000|3|5|1|2|33.0|159.36|1035.84|2|33.0|215.14|1398.38|2|33.0|135.46|880.46|2|33.0|183.26|1191.22|Y|Y
H1001|007|000|3|5|2|2|33.0|478.08|3107.52|2|33.0|645.41|4195.15|2|33.0|406.37|2641.39|2|33.0|549.79|3573.65|Y|Y
H1001|007|000|3|5|4|2|33.0|318.72|2071.68|2|33.0|430.27|2796.77|2|33.0|270.91|1760.93|2|33.0|366.53|2382.43|Y|Y
H2002|007|001|0|1|1|1|3.04|||1|4.10|||1|2.58|||1|3.49|||N|N
H2002|007|001|0|1|2|1|9.11|||1|12.30|||1|7.74|||1|10.47|||N|N
H2002|007|001|0|1|4|1|6.07|||1|8.20|||1|5.16|||1|6.98|||N|N
H2002|007|001|0|2|1|1|18.22|||1|24.59|||1|15.48|||1|20.95|||N|N
H2002|007|001|0|2|2|1|54.65|||1|73.77|||1|46.45|||1|62.85|||N|N
H2002|007|001|0|2|4|1|36.43|||1|49.18|||1|30.97|||1|41.90|||N|N
H2002|007|001|0|3|1|1|68.31|||1|92.22|||1|58.06|||1|78.56|||N|Y
H2002|007|001|0|3|2|1|204.93|||1|276.66|||1|174.19|||1|235.67|||N|Y
H2002|007|001|0|3|4|1|136.62|||1|184.44|||1|116.13|||1|157.11|||N|Y
H2002|007|001|0|4|1|1|144.21|||1|194.68|||1|122.58|||1|165.84|||N|Y
H2002|007|001|0|4|2|1|432.63|||1|584.05|||1|367.74|||1|497.52|||N|Y
H2002|007|001|0|4|4|1|288.42|||1|389.37|||1|245.16|||1|331.68|||N|Y
H2002|007|001|0|5|1|2|33.0|182.16|1184.04|2|33.0|245.92|1598.45|2|33.0|154.84|1006.43|2|33.0|209.48|1361.65|Y|Y
H2002|007|001|0|5|2|2|33.0|546.48|3552.12|2|33.0|737.75|4795.36|2|33.0|464.51|3019.30|2|33.0|628.45|4084.94|Y|Y
H2002|007|001|0|5|4|2|33.0|364.32|2368.08|2|33.0|491.83|3196.91|2|33.0|309.67|2012.87|2|33.0|418.97|2723.29|Y|Y
H2002|007|001|1|1|1|1|3.04|||1|4.10|||1|2.58|||1|3.49|||N|N
H2002|007|001|1|1|2|1|9.11|||1|12.30|||1|7.74|||1|10.47|||N|N
H2002|007|001|1|1|4|1|6.07|||1|8.20|||1|5.16|||1|6.98|||N|N
H2002|007|001|1|2|1|1|18.22|||1|24.59|||1|15.48|||1|20.95|||N|N
H2002|007|001|1|2|2|1|54.65|||1|73.77|||1|46.45|||1|62.85|||N|N
H2002|007|001|1|2|4|1|36.43|||1|49.18|||1|30.97|||1|41.90|||N|N
H2002|007|001|1|3|1|1|68.31|||1|92.22|||1|58.06|||1|78.56|||N|Y
H2002|007|001|1|3|2|1|204.93|||1|276.66|||1|174.19|||1|235.67|||N|Y
H2002|007|001|1|3|4|1|136.62|||1|184.44|||1|116.13|||1|157.11|||N|Y
H2002|007|001|1|4|1|1|144.21|||1|194.68|||1|122.58|||1|165.84|||N|Y
H2002|007|001|1|4|2|1|432.63|||1|584.05|||1|367.74|||1|497.52|||N|Y
H2002|007|001|1|4|4|1|288.42|||1|389.37|||1|245.16|||1|331.68|||N|Y
H2002|007|001|1|5|1|2|33.0|182.16|1184.04|2|33.0|245.92|1598.45|2|33.0|154.84|1006.43|2|33.0|209.48|1361.65|Y|Y
H2002|007|001|1|5|2|2|33.0|546.48|3552.12|2|33.0|737.75|4795.36|2|33.0|464.51|3019.30|2|33.0|628.45|4084.94|Y|Y
H2002|007|001|1|5|4|2|33.0|364.32|2368.08|2|33.0|491.83|3196.91|2|33.0|309.67|2012.87|2|33.0|418.97|2723.29|Y|Y
H2002|007|001|3|1|1|1|3.04|||1|4.10|||1|2.58|||1|3.49|||N|N
H2002|007|001|3|1|2|1|9.11|||1|12.30|||1|7.74|||1|10.47|||N|N
H2002|007|001|3|1|4|1|6.07|||1|8.20|||1|5.16|||1|6.98|||N|N
H2002|007|001|3|2|1|1|18.22|||1|24.59|||1|15.48|||1|20.95|||N|N
H2002|007|001|3|2|2|1|54.65|||1|73.77|||1|46.45|||1|62.85|||N|N
H2002|007|001|3|2|4|1|36.43|||1|49.18|||1|30.97|||1|41.90|||N|N
H2002|007|001|3|3|1|1|68.31|||1|92.22|||1|58.06|||1|78.56|||N|Y
H2002|007|001|3|3|2|1|204.93|||1|276.66|||1|174.19|||1|235.67|||N|Y
H2002|007|001|3|3|4|1|136.62|||1|184.44|||1|116.13|||1|157.11|||N|Y
H2002|007|001|3|4|1|1|144.21|||1|194.68|||1|122.58|||1|165.84|||N|Y
H2002|007|001|3|4|2|1|432.63|||1|584.05|||1|367.74|||1|497.52|||N|Y
H2002|007|001|3|4|4|1|288.42|||1|389.37|||1|245.16|||1|331.68|||N|Y
H2002|007|001|3|5|1|2|33.0|182.16|1184.04|2|33.0|245.92|1598.45|2|33.0|154.84|1006.43|2|33.0|209.48|1361.65|Y|Y
H2002|007|001|3|5|2|2|33.0|546.48|3552.12|2|33.0|737.75|4795.36|2|33.0|464.51|3019.30|2|33.0|628.45|4084.94|Y|Y
H2002|007|001|3|5|4|2|33.0|364.32|2368.08|2|33.0|491.83|3196.91|2|33.0|309.67|2012.87|2|33.0|418.97|2723.29|Y|Y
H3003|007|002|0|1|1|1|1.67|||1|2.25|||1|1.42|||1|1.92|||N|N
H3003|007|002|0|1|2|1|5.00|||1|6.76|||1|4.25|||1|5.75|||N|N
H3003|007|002|0|1|4|1|3.34|||1|4.50|||1|2.84|||1|3.84|||N|N
H3003|007|002|0|2|1|1|10.01|||1|13.51|||1|8.51|||1|11.51|||N|N
H3003|007|002|0|2|2|1|30.02|||1|40.53|||1|25.52|||1|34.53|||N|N
H3003|007|002|0|2|4|1|20.02|||1|27.02|||1|17.01|||1|23.02|||N|N
H3003|007|002|0|3|1|1|37.53|||1|50.67|||1|31.90|||1|43.16|||N|Y
H3003|007|002|0|3|2|1|112.59|||1|152.00|||1|95.70|||1|129.48|||N|Y
H3003|007|002|0|3|4|1|75.06|||1|101.33|||1|63.80|||1|86.32|||N|Y
H3003|007|002|0|4|1|1|79.23|||1|106.96|||1|67.35|||1|91.11|||N|Y
H3003|007|002|0|4|2|1|237.69|||1|320.88|||1|202.04|||1|273.34|||N|Y
H3003|007|002|0|4|4|1|158.46|||1|213.92|||1|134.69|||1|182.23|||N|Y
H3003|007|002|0|5|1|2|33.0|100.08|650.52|2|33.0|135.11|878.20|2|33.0|85.07|552.94|2|33.0|115.09|748.10|Y|Y
H3003|007|002|0|5|2|2|33.0|300.24|1951.56|2|33.0|405.32|2634.61|2|33.0|255.20|1658.83|2|33.0|345.28|2244.29|Y|Y
H3003|007|002|0|5|4|2|33.0|200.16|1301.04|2|33.0|270.22|1756.40|2|33.0|170.14|1105.88|2|33.0|230.18|1496.20|Y|Y
H3003|007|002|1|1|1|1|1.67|||1|2.25|||1|1.42|||1|1.92|||N|N
H3003|007|002|1|1|2|1|5.00|||1|6.76|||1|4.25|||1|5.75|||N|N
H3003|007|002|1|1|4|1|3.34|||1|4.50|||1|2.84|||1|3.84|||N|N
H3003|007|002|1|2|1|1|10.01|||1|13.51|||1|8.51|||1|11.51|||N|N
H3003|007|002|1|2|2|1|30.02|||1|40.53|||1|25.52|||1|34.53|||N|N
H3003|007|002|1|2|4|1|20.02|||1|27.02|||1|17.01|||1|23.02|||N|N
H3003|007|002|1|3|1|1|37.53|||1|50.67|||1|31.90|||1|43.16|||N|Y
H3003|007|002|1|3|2|1|112.59|||1|152.00|||1|95.70|||1|129.48|||N|Y
H3003|007|002|1|3|4|1|75.06|||1|101.33|||1|63.80|||1|86.32|||N|Y
H3003|007|002|1|4|1|1|79.23|||1|106.96|||1|67.35|||1|91.11|||N|Y
H3003|007|002|1|4|2|1|237.69|||1|320.88|||1|202.04|||1|273.34|||N|Y
H3003|007|002|1|4|4|1|158.46|||1|213.92|||1|134.69|||1|182.23|||N|Y
H3003|007|002|1|5|1|2|33.0|100.08|650.52|2|33.0|135.11|878.20|2|33.0|85.07|552.94|2|33.0|115.09|748.10|Y|Y
H3003|007|002|1|5|2|2|33.0|300.24|1951.56|2|33.0|405.32|2634.61|2|33.0|255.20|1658.83|2|33.0|345.28|2244.29|Y|Y
H3003|007|002|1|5|4|2|33.0|200.16|1301.04|2|33.0|270.22|1756.40|2|33.0|170.14|1105.88|2|33.0|230.18|1496.20|Y|Y
H3003|007|002|3|1|1|1|1.67|||1|2.25|||1|1.42|||1|1.92|||N|N
H3003|007|002|3|1|2|1|5.00|||1|6.76|||1|4.25|||1|5.75|||N|N
H3003|007|002|3|1|4|1|3.34|||1|4.50|||1|2.84|||1|3.84|||N|N
H3003|007|002|3|2|1|1|10.01|||1|13.51|||1|8.51|||1|11.51|||N|N
H3003|007|002|3|2|2|1|30.02|||1|40.53|||1|25.52|||1|34.53|||N|N
H3003|007|002|3|2|4|1|20.02|||1|27.02|||1|17.01|||1|23.02|||N|N
H3003|007|002|3|3|1|1|37.53|||1|50.67|||1|31.90|||1|43.16|||N|Y
H3003|007|002|3|3|2|1|112.59|||1|152.00|||1|95.70|||1|129.48|||N|Y
H3003|007|002|3|3|4|1|75.06|||1|101.33|||1|63.80|||1|86.32|||N|Y
H3003|007|002|3|4|1|1|79.23|||1|106.96|||1|67.35|||1|91.11|||N|Y
H3003|007|002|3|4|2|1|237.69|||1|320.88|||1|202.04|||1|273.34|||N|Y
H3003|007|002|3|4|4|1|158.46|||1|213.92|||1|134.69|||1|182.23|||N|Y
H3003|007|002|3|5|1|2|33.0|100.08|650.52|2|33.0|135.11|878.20|2|33.0|85.07|552.94|2|33.0|115.09|748.10|Y|Y
H3003|007|002|3|5|2|2|33.0|300.24|1951.56|2|33.0|405.32|2634.61|2|33.0|255.20|1658.83|2|33.0|345.28|2244.29|Y|Y
H3003|007|002|3|5|4|2|33.0|200.16|1301.04|2|33.0|270.22|1756.40|2|33.0|170.14|1105.88|2|33.0|230.18|1496.20|Y|Y
S4004|007|000|0|1|1|1|2.20|||1|2.97|||1|1.87|||1|2.53|||N|N
S4004|007|000|0|1|2|1|6.60|||1|8.91|||1|5.61|||1|7.59|||N|N
S4004|007|000|0|1|4|1|4.40|||1|5.94|||1|3.74|||1|5.06|||N|N
S4004|007|000|0|2|1|1|13.20|||1|17.82|||1|11.22|||1|15.18|||N|N
S4004|007|000|0|2|2|1|39.60|||1|53.46|||1|33.66|||1|45.54|||N|N
S4004|007|000|0|2|4|1|26.40|||1|35.64|||1|22.44|||1|30.36|||N|N
S4004|007|000|0|3|1|1|49.50|||1|66.83|||1|42.08|||1|56.93|||N|Y
S4004|007|000|0|3|2|1|148.50|||1|200.48|||1|126.22|||1|170.77|||N|Y
S4004|007|000|0|3|4|1|99.00|||1|133.65|||1|84.15|||1|113.85|||N|Y
S4004|007|000|0|4|1|1|104.50|||1|141.08|||1|88.83|||1|120.18|||N|Y
S4004|007|000|0|4|2|1|313.50|||1|423.23|||1|266.47|||1|360.52|||N|Y
S4004|007|000|0|4|4|1|209.00|||1|282.15|||1|177.65|||1|240.35|||N|Y
S4004|007|000|0|5|1|2|33.0|132.00|858.00|2|33.0|178.20|1158.30|2|33.0|112.20|729.30|2|33.0|151.80|986.70|Y|Y
S4004|007|000|0|5|2|2|33.0|396.00|2574.00|2|33.0|534.60|3474.90|2|33.0|336.60|2187.90|2|33.0|455.40|2960.10|Y|Y
S4004|007|000|0|5|4|2|33.0|264.00|1716.00|2|33.0|356.40|2316.60|2|33.0|224.40|1458.60|2|33.0|303.60|1973.40|Y|Y
S4004|007|000|1|1|1|1|2.20|||1|2.97|||1|1.87|||1|2.53|||N|N
S4004|007|000|1|1|2|1|6.60|||1|8.91|||1|5.61|||1|7.59|||N|N
S4004|007|000|1|1|4|1|4.40|||1|5.94|||1|3.74|||1|5.06|||N|N
S4004|007|000|1|2|1|1|13.20|||1|17.82|||1|11.22|||1|15.18|||N|N
S4004|007|000|1|2|2|1|39.60|||1|53.46|||1|33.66|||1|45.54|||N|N
S4004|007|000|1|2|4|1|26.40|||1|35.64|||1|22.44|||1|30.36|||N|N
S4004|007|000|1|3|1|1|49.50|||1|66.83|||1|42.08|||1|56.93|||N|Y
S4004|007|000|1|3|2|1|148.50|||1|200.48|||1|126.22|||1|170.77|||N|Y
S4004|007|000|1|3|4|1|99.00|||1|133.65|||1|84.15|||1|113.85|||N|Y
S4004|007|000|1|4|1|1|104.50|||1|141.08|||1|88.83|||1|120.18|||N|Y
S4004|007|000|1|4|2|1|313.50|||1|423.23|||1|266.47|||1|360.52|||N|Y
S4004|007|000|1|4|4|1|209.00|||1|282.15|||1|177.65|||1|240.35|||N|Y
S4004|007|000|1|5|1|2|33.0|132.00|858.00|2|33.0|178.20|1158.30|2|33.0|112.20|729.30|2|33.0|151.80|986.70|Y|Y
S4004|007|000|1|5|2|2|33.0|396.00|2574.00|2|33.0|534.60|3474.90|2|33.0|336.60|2187.90|2|33.0|455.40|2960.10|Y|Y
S4004|007|000|1|5|4|2|33.0|264.00|1716.00|2|33.0|356.40|2316.60|2|33.0|224.40|1458.60|2|33.0|303.60|1973.40|Y|Y
S4004|007|000|3|1|1|1|2.20|||1|2.97|||1|1.87|||1|2.53|||N|N
S4004|007|000|3|1|2|1|6.60|||1|8.91|||1|5.61|||1|7.59|||N|N
S4004|007|000|3|1|4|1|4.40|||1|5.94|||1|3.74|||1|5.06|||N|N
S4004|007|000|3|2|1|1|13.20|||1|17.82|||1|11.22|||1|15.18|||N|N
S4004|007|000|3|2|2|1|39.60|||1|53.46|||1|33.66|||1|45.54|||N|N
S4004|007|000|3|2|4|1|26.40|||1|35.64|||1|22.44|||1|30.36|||N|N
S4004|007|000|3|3|1|1|49.50|||1|66.83|||1|42.08|||1|56.93|||N|Y
S4004|007|000|3|3|2|1|148.50|||1|200.48|||1|126.22|||1|170.77|||N|Y
S4004|007|000|3|3|4|1|99.00|||1|133.65|||1|84.15|||1|113.85|||N|Y
S4004|007|000|3|4|1|1|104.50|||1|141.08|||1|88.83|||1|120.18|||N|Y
S4004|007|000|3|4|2|1|313.50|||1|423.23|||1|266.47|||1|360.52|||N|Y
S4004|007|000|3|4|4|1|209.00|||1|282.15|||1|177.65|||1|240.35|||N|Y
S4004|007|000|3|5|1|2|33.0|132.00|858.00|2|33.0|178.20|1158.30|2|33.0|112.20|729.30|2|33.0|151.80|986.70|Y|Y
S4004|007|000|3|5|2|2|33.0|396.00|2574.00|2|33.0|534.60|3474.90|2|33.0|336.60|2187.90|2|33.0|455.40|2960.10|Y|Y
S4004|007|000|3|5|4|2|33.0|264.00|1716.00|2|33.0|356.40|2316.60|2|33.0|224.40|1458.60|2|33.0|303.60|1973.40|Y|Y
H1001|008|001|0|1|1|1|1.67|||1|2.25|||1|1.42|||1|1.92|||N|N
H1001|008|001|0|1|2|1|5.00|||1|6.76|||1|4.25|||1|5.75|||N|N
H1001|008|001|0|1|4|1|3.34|||1|4.50|||1|2.84|||1|3.84|||N|N
H1001|008|001|0|2|1|1|10.01|||1|13.51|||1|8.51|||1|11.51|||N|N
H1001|008|001|0|2|2|1|30.02|||1|40.53|||1|25.52|||1|34.53|||N|N
H1001|008|001|0|2|4|1|20.02|||1|27.02|||1|17.01|||1|23.02|||N|N
H1001|008|001|0|3|1|1|37.53|||1|50.67|||1|31.90|||1|43.16|||N|Y
H1001|008|001|0|3|2|1|112.59|||1|152.00|||1|95.70|||1|129.48|||N|Y
H1001|008|001|0|3|4|1|75.06|||1|101.33|||1|63.80|||1|86.32|||N|Y
H1001|008|001|0|4|1|1|79.23|||1|106.96|||1|67.35|||1|91.11|||N|Y
H1001|008|001|0|4|2|1|237.69|||1|320.88|||1|202.04|||1|273.34|||N|Y
H1001|008|001|0|4|4|1|158.46|||1|213.92|||1|134.69|||1|182.23|||N|Y
H1001|008|001|0|5|1|2|33.0|100.08|650.52|2|33.0|135.11|878.20|2|33.0|85.07|552.94|2|33.0|115.09|748.10|Y|Y
H1001|008|001|0|5|2|2|33.0|300.24|1951.56|2|33.0|405.32|2634.61|2|33.0|255.20|1658.83|2|33.0|345.28|2244.29|Y|Y
H1001|008|001|0|5|4|2|33.0|200.16|1301.04|2|33.0|270.22|1756.40|2|33.0|170.14|1105.88|2|33.0|230.18|1496.20|Y|Y
H1001|008|001|1|1|1|1|1.67|||1|2.25|||1|1.42|||1|1.92|||N|N
H1001|008|001|1|1|2|1|5.00|||1|6.76|||1|4.25|||1|5.75|||N|N
H1001|008|001|1|1|4|1|3.34|||1|4.50|||1|2.84|||1|3.84|||N|N
H1001|008|001|1|2|1|1|10.01|||1|13.51|||1|8.51|||1|11.51|||N|N
H1001|008|001|1|2|2|1|30.02|||1|40.53|||1|25.52|||1|34.53|||N|N
H1001|008|001|1|2|4|1|20.02|||1|27.02|||1|17.01|||1|23.02|||N|N
H1001|008|001|1|3|1|1|37.53|||1|50.67|||1|31.90|||1|43.16|||N|Y
H1001|008|001|1|3|2|1|112.59|||1|152.00|||1|95.70|||1|129.48|||N|Y
H1001|008|001|1|3|4|1|75.06|||1|101.33|||1|63.80|||1|86.32|||N|Y
H1001|008|001|1|4|1|1|79.23|||1|106.96|||1|67.35|||1|91.11|||N|Y
H1001|008|001|1|4|2|1|237.69|||1|320.88|||1|202.04|||1|273.34|||N|Y
H1001|008|001|1|4|4|1|158.46|||1|213.92|||1|134.69|||1|182.23|||N|Y
H1001|008|001|1|5|1|2|33.0|100.08|650.52|2|33.0|135.11|878.20|2|33.0|85.07|552.94|2|33.0|115.09|748.10|Y|Y
H1001|008|001|1|5|2|2|33.0|300.24|1951.56|2|33.0|405.32|2634.61|2|33.0|255.20|1658.83|2|33.0|345.28|2244.29|Y|Y
H1001|008|001|1|5|4|2|33.0|200.16|1301.04|2|33.0|270.22|1756.40|2|33.0|170.14|1105.88|2|33.0|230.18|1496.20|Y|Y
H1001|008|001|3|1|1|1|1.67|||1|2.25|||1|1.42|||1|1.92|||N|N
H1001|008|001|3|1|2|1|5.00|||1|6.76|||1|4.25|||1|5.75|||N|N
H1001|008|001|3|1|4|1|3.34|||1|4.50|||1|2.84|||1|3.84|||N|N
H1001|008|001|3|2|1|1|10.01|||1|13.51|||1|8.51|||1|11.51|||N|N
H1001|008|001|3|2|2|1|30.02|||1|40.53|||1|25.52|||1|34.53|||N|N
H1001|008|001|3|2|4|1|20.02|||1|27.02|||1|17.01|||1|23.02|||N|N
H1001|008|001|3|3|1|1|37.53|||1|50.67|||1|31.90|||1|43.16|||N|Y
H1001|008|001|3|3|2|1|112.59|||1|152.00|||1|95.70|||1|129.48|||N|Y
H1001|008|001|3|3|4|1|75.06|||1|101.33|||1|63.80|||1|86.32|||N|Y
H1001|008|001|3|4|1|1|79.23|||1|106.96|||1|67.35|||1|91.11|||N|Y
H1001|008|001|3|4|2|1|237.69|||1|320.88|||1|202.04|||1|273.34|||N|Y
H1001|008|001|3|4|4|1|158.46|||1|213.92|||1|134.69|||1|182.23|||N|Y
H1001|008|001|3|5|1|2|33.0|100.08|650.52|2|33.0|135.11|878.20|2|33.0|85.07|552.94|2|33.0|115.09|748.10|Y|Y
H1001|008|001|3|5|2|2|33.0|300.24|1951.56|2|33.0|405.32|2634.61|2|33.0|255.20|1658.83|2|33.0|345.28|2244.29|Y|Y
H1001|008|001|3|5|4|2|33.0|200.16|1301.04|2|33.0|270.22|1756.40|2|33.0|170.14|1105.88|2|33.0|230.18|1496.20|Y|Y
H2002|008|002|0|1|1|1|2.05|||1|2.76|||1|1.74|||1|2.36|||N|N
H2002|008|002|0|1|2|1|6.14|||1|8.29|||1|5.22|||1|7.07|||N|N
H2002|008|002|0|1|4|1|4.10|||1|5.53|||1|3.48|||1|4.71|||N|N
H2002|008|002|0|2|1|1|12.29|||1|16.59|||1|10.44|||1|14.13|||N|N
H2002|008|002|0|2|2|1|36.86|||1|49.77|||1|31.33|||1|42.39|||N|N
H2002|008|002|0|2|4|1|24.58|||1|33.18|||1|20.89|||1|28.26|||N|N
H2002|008|002|0|3|1|1|46.08|||1|62.21|||1|39.17|||1|52.99|||N|Y
H2002|008|002|0|3|2|1|138.24|||1|186.62|||1|117.50|||1|158.98|||N|Y
H2002|008|002|0|3|4|1|92.16|||1|124.42|||1|78.34|||1|105.98|||N|Y
H2002|008|002|0|4|1|1|97.28|||1|131.33|||1|82.69|||1|111.87|||N|Y
H2002|008|002|0|4|2|1|291.84|||1|393.98|||1|248.06|||1|335.62|||N|Y
H2002|008|002|0|4|4|1|194.56|||1|262.66|||1|165.38|||1|223.74|||N|Y
H2002|008|002|0|5|1|2|33.0|122.88|798.72|2|33.0|165.89|1078.27|2|33.0|104.45|678.91|2|33.0|141.31|918.53|Y|Y
H2002|008|002|0|5|2|2|33.0|368.64|2396.16|2|33.0|497.66|3234.82|2|33.0|313.34|2036.74|2|33.0|423.94|2755.58|Y|Y
H2002|008|002|0|5|4|2|33.0|245.76|1597.44|2|33.0|331.78|2156.54|2|33.0|208.90|1357.82|2|33.0|282.62|1837.06|Y|Y
H2002|008|002|1|1|1|1|2.05|||1|2.76|||1|1.74|||1|2.36|||N|N
H2002|008|002|1|1|2|1|6.14|||1|8.29|||1|5.22|||1|7.07|||N|N
H2002|008|002|1|1|4|1|4.10|||1|5.53|||1|3.48|||1|4.71|||N|N
H2002|008|002|1|2|1|1|12.29|||1|16.59|||1|10.44|||1|14.13|||N|N
H2002|008|002|1|2|2|1|36.86|||1|49.77|||1|31.33|||1|42.39|||N|N
H2002|008|002|1|2|4|1|24.58|||1|33.18|||1|20.89|||1|28.26|||N|N
H2002|008|002|1|3|1|1|46.08|||1|62.21|||1|39.17|||1|52.99|||N|Y
H2002|008|002|1|3|2|1|138.24|||1|186.62|||1|117.50|||1|158.98|||N|Y
H2002|008|002|1|3|4|1|92.16|||1|124.42|||1|78.34|||1|105.98|||N|Y
H2002|008|002|1|4|1|1|97.28|||1|131.33|||1|82.69|||1|111.87|||N|Y
H2002|008|002|1|4|2|1|291.84|||1|393.98|||1|248.06|||1|335.62|||N|Y
H2002|008|002|1|4|4|1|194.56|||1|262.66|||1|165.38|||1|223.74|||N|Y
H2002|008|002|1|5|1|2|33.0|122.88|798.72|2|33.0|165.89|1078.27|2|33.0|104.45|678.91|2|33.0|141.31|918.53|Y|Y
H2002|008|002|1|5|2|2|33.0|368.64|2396.16|2|33.0|497.66|3234.82|2|33.0|313.34|2036.74|2|33.0|423.94|2755.58|Y|Y
H2002|008|002|1|5|4|2|33.0|245.76|1597.44|2|33.0|331.78|2156.54|2|33.0|208.90|1357.82|2|33.0|282.62|1837.06|Y|Y
H2002|008|002|3|1|1|1|2.05|||1|2.76|||1|1.74|||1|2.36|||N|N
H2002|008|002|3|1|2|1|6.14|||1|8.29|||1|5.22|||1|7.07|||N|N
H2002|008|002|3|1|4|1|4.10|||1|5.53|||1|3.48|||1|4.71|||N|N
H2002|008|002|3|2|1|1|12.29|||1|16.59|||1|10.44|||1|14.13|||N|N
H2002|008|002|3|2|2|1|36.86|||1|49.77|||1|31.33|||1|42.39|||N|N
H2002|008|002|3|2|4|1|24.58|||1|33.18|||1|20.89|||1|28.26|||N|N
H2002|008|002|3|3|1|1|46.08|||1|62.21|||1|39.17|||1|52.99|||N|Y
H2002|008|002|3|3|2|1|138.24|||1|186.62|||1|117.50|||1|158.98|||N|Y
H2002|008|002|3|3|4|1|92.16|||1|124.42|||1|78.34|||1|105.98|||N|Y
H2002|008|002|3|4|1|1|97.28|||1|131.33|||1|82.69|||1|111.87|||N|Y
H2002|008|002|3|4|2|1|291.84|||1|393.98|||1|248.06|||1|335.62|||N|Y
H2002|008|002|3|4|4|1|194.56|||1|262.66|||1|165.38|||1|223.74|||N|Y
H2002|008|002|3|5|1|2|33.0|122.88|798.72|2|33.0|165.89|1078.27|2|33.0|104.45|678.91|2|33.0|141.31|918.53|Y|Y
H2002|008|002|3|5|2|2|33.0|368.64|2396.16|2|33.0|497.66|3234.82|2|33.0|313.34|2036.74|2|33.0|423.94|2755.58|Y|Y
H2002|008|002|3|5|4|2|33.0|245.76|1597.44|2|33.0|331.78|2156.54|2|33.0|208.90|1357.82|2|33.0|282.62|1837.06|Y|Y
H3003|008|000|0|1|1|1|1.74|||1|2.35|||1|1.48|||1|2.01|||N|N
H3003|008|000|0|1|2|1|5.23|||1|7.06|||1|4.45|||1|6.02|||N|N
H3003|008|000|0|1|4|1|3.49|||1|4.71|||1|2.96|||1|4.01|||N|N
H3003|008|000|0|2|1|1|10.46|||1|14.13|||1|8.89|||1|12.03|||N|N
H3003|008|000|0|2|2|1|31.39|||1|42.38|||1|26.68|||1|36.10|||N|N
H3003|008|000|0|2|4|1|20.93|||1|28.25|||1|17.79|||1|24.07|||N|N
H3003|008|000|0|3|1|1|39.24|||1|52.97|||1|33.35|||1|45.13|||N|Y
H3003|008|000|0|3|2|1|117.72|||1|158.92|||1|100.06|||1|135.38|||N|Y
H3003|008|000|0|3|4|1|78.48|||1|105.95|||1|66.71|||1|90.25|||N|Y
H3003|008|000|0|4|1|1|82.84|||1|111.83|||1|70.41|||1|95.27|||N|Y
H3003|008|000|0|4|2|1|248.52|||1|335.50|||1|211.24|||1|285.80|||N|Y
H3003|008|000|0|4|4|1|165.68|||1|223.67|||1|140.83|||1|190.53|||N|Y
H3003|008|000|0|5|1|2|33.0|104.64|680.16|2|33.0|141.26|918.22|2|33.0|88.94|578.14|2|33.0|120.34|782.18|Y|Y
H3003|008|000|0|5|2|2|33.0|313.92|2040.48|2|33.0|423.79|2754.65|2|33.0|266.83|1734.41|2|33.0|361.01|2346.55|Y|Y
H3003|008|000|0|5|4|2|33.0|209.28|1360.32|2|33.0|282.53|1836.43|2|33.0|177.89|1156.27|2|33.0|240.67|1564.37|Y|Y
H3003|008|000|1|1|1|1|1.74|||1|2.35|||1|1.48|||1|2.01|||N|N
H3003|008|000|1|1|2|1|5.23|||1|7.06|||1|4.45|||1|6.02|||N|N
H3003|008|000|1|1|4|1|3.49|||1|4.71|||1|2.96|||1|4.01|||N|N
H3003|008|000|1|2|1|1|10.46|||1|14.13|||1|8.89|||1|12.03|||N|N
H3003|008|000|1|2|2|1|31.39|||1|42.38|||1|26.68|||1|36.10|||N|N
H3003|008|000|1|2|4|1|20.93|||1|28.25|||1|17.79|||1|24.07|||N|N
H3003|008|000|1|3|1|1|39.24|||1|52.97|||1|33.35|||1|45.13|||N|Y
H3003|008|000|1|3|2|1|117.72|||1|158.92|||1|100.06|||1|135.38|||N|Y
H3003|008|000|1|3|4|1|78.48|||1|105.95|||1|66.71|||1|90.25|||N|Y
H3003|008|000|1|4|1|1|82.84|||1|111.83|||1|70.41|||1|95.27|||N|Y
H3003|008|000|1|4|2|1|248.52|||1|335.50|||1|211.24|||1|285.80|||N|Y
H3003|008|000|1|4|4|1|165.68|||1|223.67|||1|140.83|||1|190.53|||N|Y
H3003|008|000|1|5|1|2|33.0|104.64|680.16|2|33.0|141.26|918.22|2|33.0|88.94|578.14|2|33.0|120.34|782.18|Y|Y
H3003|008|000|1|5|2|2|33.0|313.92|2040.48|2|33.0|423.79|2754.65|2|33.0|266.83|1734.41|2|33.0|361.01|2346.55|Y|Y
H3003|008|000|1|5|4|2|33.0|209.28|1360.32|2|33.0|282.53|1836.43|2|33.0|177.89|1156.27|2|33.0|240.67|1564.37|Y|Y
H3003|008|000|3|1|1|1|1.74|||1|2.35|||1|1.48|||1|2.01|||N|N
H3003|008|000|3|1|2|1|5.23|||1|7.06|||1|4.45|||1|6.02|||N|N
H3003|008|000|3|1|4|1|3.49|||1|4.71|||1|2.96|||1|4.01|||N|N
H3003|008|000|3|2|1|1|10.46|||1|14.13|||1|8.89|||1|12.03|||N|N
H3003|008|000|3|2|2|1|31.39|||1|42.38|||1|26.68|||1|36.10|||N|N
H3003|008|000|3|2|4|1|20.93|||1|28.25|||1|17.79|||1|24.07|||N|N
H3003|008|000|3|3|1|1|39.24|||1|52.97|||1|33.35|||1|45.13|||N|Y
H3003|008|000|3|3|2|1|117.72|||1|158.92|||1|100.06|||1|135.38|||N|Y
H3003|008|000|3|3|4|1|78.48|||1|105.95|||1|66.71|||1|90.25|||N|Y
H3003|008|000|3|4|1|1|82.84|||1|111.83|||1|70.41|||1|95.27|||N|Y
H3003|008|000|3|4|2|1|248.52|||1|335.50|||1|211.24|||1|285.80|||N|Y
H3003|008|000|3|4|4|1|165.68|||1|223.67|||1|140.83|||1|190.53|||N|Y
H3003|008|000|3|5|1|2|33.0|104.64|680.16|2|33.0|141.26|918.22|2|33.0|88.94|578.14|2|33.0|120.34|782.18|Y|Y
H3003|008|000|3|5|2|2|33.0|313.92|2040.48|2|33.0|423.79|2754.65|2|33.0|266.83|1734.41|2|33.0|361.01|2346.55|Y|Y
H3003|008|000|3|5|4|2|33.0|209.28|1360.32|2|33.0|282.53|1836.43|2|33.0|177.89|1156.27|2|33.0|240.67|1564.37|Y|Y
S4004|008|001|0|1|1|1|2.96|||1|4.00|||1|2.52|||1|3.40|||N|N
S4004|008|001|0|1|2|1|8.88|||1|11.99|||1|7.55|||1|10.21|||N|N
S4004|008|001|0|1|4|1|5.92|||1|7.99|||1|5.03|||1|6.81|||N|N
S4004|008|001|0|2|1|1|17.76|||1|23.98|||1|15.10|||1|20.42|||N|N
S4004|008|001|0|2|2|1|53.28|||1|71.93|||1|45.29|||1|61.27|||N|N
S4004|008|001|0|2|4|1|35.52|||1|47.95|||1|30.19|||1|40.85|||N|N
S4004|008|001|0|3|1|1|66.60|||1|89.91|||1|56.61|||1|76.59|||N|Y
S4004|008|001|0|3|2|1|199.80|||1|269.73|||1|169.83|||1|229.77|||N|Y
S4004|008|001|0|3|4|1|133.20|||1|179.82|||1|113.22|||1|153.18|||N|Y
S4004|008|001|0|4|1|1|140.60|||1|189.81|||1|119.51|||1|161.69|||N|Y
S4004|008|001|0|4|2|1|421.80|||1|569.43|||1|358.53|||1|485.07|||N|Y
S4004|008|001|0|4|4|1|281.20|||1|379.62|||1|239.02|||1|323.38|||N|Y
S4004|008|001|0|5|1|2|33.0|177.60|1154.40|2|33.0|239.76|1558.44|2|33.0|150.96|981.24|2|33.0|204.24|1327.56|Y|Y
S4004|008|001|0|5|2|2|33.0|532.80|3463.20|2|33.0|719.28|4675.32|2|33.0|452.88|2943.72|2|33.0|612.72|3982.68|Y|Y
S4004|008|001|0|5|4|2|33.0|355.20|2308.80|2|33.0|479.52|3116.88|2|33.0|301.92|1962.48|2|33.0|408.48|2655.12|Y|Y
S4004|008|001|1|1|1|1|2.96|||1|4.00|||1|2.52|||1|3.40|||N|N
S4004|008|001|1|1|2|1|8.88|||1|11.99|||1|7.55|||1|10.21|||N|N
S4004|008|001|1|1|4|1|5.92|||1|7.99|||1|5.03|||1|6.81|||N|N
S4004|008|001|1|2|1|1|17.76|||1|23.98|||1|15.10|||1|20.42|||N|N
S4004|008|001|1|2|2|1|53.28|||1|71.93|||1|45.29|||1|61.27|||N|N
S4004|008|001|1|2|4|1|35.52|||1|47.95|||1|30.19|||1|40.85|||N|N
S4004|008|001|1|3|1|1|66.60|||1|89.91|||1|56.61|||1|76.59|||N|Y
S4004|008|001|1|3|2|1|199.80|||1|269.73|||1|169.83|||1|229.77|||N|Y
S4004|008|001|1|3|4|1|133.20|||1|179.82|||1|113.22|||1|153.18|||N|Y
S4004|008|001|1|4|1|1|140.60|||1|189.81|||1|119.51|||1|161.69|||N|Y
S4004|008|001|1|4|2|1|421.80|||1|569.43|||1|358.53|||1|485.07|||N|Y
S4004|008|001|1|4|4|1|281.20|||1|379.62|||1|239.02|||1|323.38|||N|Y
S4004|008|001|1|5|1|2|33.0|177.60|1154.40|2|33.0|239.76|1558.44|2|33.0|150.96|981.24|2|33.0|204.24|1327.56|Y|Y
S4004|008|001|1|5|2|2|33.0|532.80|3463.20|2|33.0|719.28|4675.32|2|33.0|452.88|2943.72|2|33.0|612.72|3982.68|Y|Y
S4004|008|001|1|5|4|2|33.0|355.20|2308.80|2|33.0|479.52|3116.88|2|33.0|301.92|1962.48|2|33.0|408.48|2655.12|Y|Y
S4004|008|001|3|1|1|1|2.96|||1|4.00|||1|2.52|||1|3.40|||N|N
S4004|008|001|3|1|2|1|8.88|||1|11.99|||1|7.55|||1|10.21|||N|N
S4004|008|001|3|1|4|1|5.92|||1|7.99|||1|5.03|||1|6.81|||N|N
S4004|008|001|3|2|1|1|17.76|||1|23.98|||1|15.10|||1|20.42|||N|N
S4004|008|001|3|2|2|1|53.28|||1|71.93|||1|45.29|||1|61.27|||N|N
S4004|008|001|3|2|4|1|35.52|||1|47.95|||1|30.19|||1|40.85|||N|N
S4004|008|001|3|3|1|1|66.60|||1|89.91|||1|56.61|||1|76.59|||N|Y
S4004|008|001|3|3|2|1|199.80|||1|269.73|||1|169.83|||1|229.77|||N|Y
S4004|008|001|3|3|4|1|133.20|||1|179.82|||1|113.22|||1|153.18|||N|Y
S4004|008|001|3|4|1|1|140.60|||1|189.81|||1|119.51|||1|161.69|||N|Y
S4004|008|001|3|4|2|1|421.80|||1|569.43|||1|358.53|||1|485.07|||N|Y
S4004|008|001|3|4|4|1|281.20|||1|379.62|||1|239.02|||1|323.38|||N|Y
S4004|008|001|3|5|1|2|33.0|177.60|1154.40|2|33.0|239.76|1558.44|2|33.0|150.96|981.24|2|33.0|204.24|1327.56|Y|Y
S4004|008|001|3|5|2|2|33.0|532.80|3463.20|2|33.0|719.28|4675.32|2|33.0|452.88|2943.72|2|33.0|612.72|3982.68|Y|Y
S4004|008|001|3|5|4|2|33.0|355.20|2308.80|2|33.0|479.52|3116.88|2|33.0|301.92|1962.48|2|33.0|408.48|2655.12|Y|Y
H1001|009|002|0|1|1|1|2.43|||1|3.28|||1|2.06|||1|2.79|||N|N
H1001|009|002|0|1|2|1|7.28|||1|9.83|||1|6.19|||1|8.38|||N|N
H1001|009|002|0|1|4|1|4.86|||1|6.56|||1|4.13|||1|5.58|||N|N
H1001|009|002|0|2|1|1|14.57|||1|19.67|||1|12.38|||1|16.75|||N|N
H1001|009|002|0|2|2|1|43.70|||1|59.00|||1|37.15|||1|50.26|||N|N
H1001|009|002|0|2|4|1|29.14|||1|39.33|||1|24.77|||1|33.51|||N|N
H1001|009|002|0|3|1|1|54.63|||1|73.75|||1|46.44|||1|62.82|||N|Y
H1001|009|002|0|3|2|1|163.89|||1|221.25|||1|139.31|||1|188.47|||N|Y
H1001|009|002|0|3|4|1|109.26|||1|147.50|||1|92.87|||1|125.65|||N|Y
H1001|009|002|0|4|1|1|115.33|||1|155.70|||1|98.03|||1|132.63|||N|Y
H1001|009|002|0|4|2|1|345.99|||1|467.09|||1|294.09|||1|397.89|||N|Y
H1001|009|002|0|4|4|1|230.66|||1|311.39|||1|196.06|||1|265.26|||N|Y
H1001|009|002|0|5|1|2|33.0|145.68|946.92|2|33.0|196.67|1278.34|2|33.0|123.83|804.88|2|33.0|167.53|1088.96|Y|Y
H1001|009|002|0|5|2|2|33.0|437.04|2840.76|2|33.0|590.00|3835.03|2|33.0|371.48|2414.65|2|33.0|502.60|3266.87|Y|Y
H1001|009|002|0|5|4|2|33.0|291.36|1893.84|2|33.0|393.34|2556.68|2|33.0|247.66|1609.76|2|33.0|335.06|2177.92|Y|Y
H1001|009|002|1|1|1|1|2.43|||1|3.28|||1|2.06|||1|2.79|||N|N
H1001|009|002|1|1|2|1|7.28|||1|9.83|||1|6.19|||1|8.38|||N|N
H1001|009|002|1|1|4|1|4.86|||1|6.56|||1|4.13|||1|5.58|||N|N
H1001|009|002|1|2|1|1|14.57|||1|19.67|||1|12.38|||1|16.75|||N|N
H1001|009|002|1|2|2|1|43.70|||1|59.00|||1|37.15|||1|50.26|||N|N
H1001|009|002|1|2|4|1|29.14|||1|39.33|||1|24.77|||1|33.51|||N|N
H1001|009|002|1|3|1|1|54.63|||1|73.75|||1|46.44|||1|62.82|||N|Y
H1001|009|002|1|3|2|1|163.89|||1|221.25|||1|139.31|||1|188.47|||N|Y
H1001|009|002|1|3|4|1|109.26|||1|147.50|||1|92.87|||1|125.65|||N|Y
H1001|009|002|1|4|1|1|115.33|||1|155.70|||1|98.03|||1|132.63|||N|Y
H1001|009|002|1|4|2|1|345.99|||1|467.09|||1|294.09|||1|397.89|||N|Y
H1001|009|002|1|4|4|1|230.66|||1|311.39|||1|196.06|||1|265.26|||N|Y
H1001|009|002|1|5|1|2|33.0|145.68|946.92|2|33.0|196.67|1278.34|2|33.0|123.83|804.88|2|33.0|167.53|1088.96|Y|Y
H1001|009|002|1|5|2|2|33.0|437.04|2840.76|2|33.0|590.00|3835.03|2|33.0|371.48|2414.65|2|33.0|502.60|3266.87|Y|Y
H1001|009|002|1|5|4|2|33.0|291.36|1893.84|2|33.0|393.34|2556.68|2|33.0|247.66|1609.76|2|33.0|335.06|2177.92|Y|Y
H1001|009|002|3|1|1|1|2.43|||1|3.28|||1|2.06|||1|2.79|||N|N
H1001|009|002|3|1|2|1|7.28|||1|9.83|||1|6.19|||1|8.38|||N|N
H1001|009|002|3|1|4|1|4.86|||1|6.56|||1|4.13|||1|5.58|||N|N
H1001|009|002|3|2|1|1|14.57|||1|19.67|||1|12.38|||1|16.75|||N|N
H1001|009|002|3|2|2|1|43.70|||1|59.00|||1|37.15|||1|50.26|||N|N
H1001|009|002|3|2|4|1|29.14|||1|39.33|||1|24.77|||1|33.51|||N|N
H1001|009|002|3|3|1|1|54.63|||1|73.75|||1|46.44|||1|62.82|||N|Y
H1001|009|002|3|3|2|1|163.89|||1|221.25|||1|139.31|||1|188.47|||N|Y
H1001|009|002|3|3|4|1|109.26|||1|147.50|||1|92.87|||1|125.65|||N|Y
H1001|009|002|3|4|1|1|115.33|||1|155.70|||1|98.03|||1|132.63|||N|Y
H1001|009|002|3|4|2|1|345.99|||1|467.09|||1|294.09|||1|397.89|||N|Y
H1001|009|002|3|4|4|1|230.66|||1|311.39|||1|196.06|||1|265.26|||N|Y
H1001|009|002|3|5|1|2|33.0|145.68|946.92|2|33.0|196.67|1278.34|2|33.0|123.83|804.88|2|33.0|167.53|1088.96|Y|Y
H1001|009|002|3|5|2|2|33.0|437.04|2840.76|2|33.0|590.00|3835.03|2|33.0|371.48|2414.65|2|33.0|502.60|3266.87|Y|Y
H1001|009|002|3|5|4|2|33.0|291.36|1893.84|2|33.0|393.34|2556.68|2|33.0|247.66|1609.76|2|33.0|335.06|2177.92|Y|Y
H2002|009|000|0|1|1|1|2.12|||1|2.87|||1|1.81|||1|2.44|||N|N
H2002|009|000|0|1|2|1|6.37|||1|8.60|||1|5.42|||1|7.33|||N|N
H2002|009|000|0|1|4|1|4.25|||1|5.73|||1|3.61|||1|4.89|||N|N
H2002|009|000|0|2|1|1|12.74|||1|17.20|||1|10.83|||1|14.66|||N|N
H2002|009|000|0|2|2|1|38.23|||1|51.61|||1|32.50|||1|43.97|||N|N
H2002|009|000|0|2|4|1|25.49|||1|34.41|||1|21.66|||1|29.31|||N|N
H2002|009|000|0|3|1|1|47.79|||1|64.52|||1|40.62|||1|54.96|||N|Y
H2002|009|000|0|3|2|1|143.37|||1|193.55|||1|121.86|||1|164.88|||N|Y
H2002|009|000|0|3|4|1|95.58|||1|129.03|||1|81.24|||1|109.92|||N|Y
H2002|009|000|0|4|1|1|100.89|||1|136.20|||1|85.76|||1|116.02|||N|Y
H2002|009|000|0|4|2|1|302.67|||1|408.60|||1|257.27|||1|348.07|||N|Y
H2002|009|000|0|4|4|1|201.78|||1|272.40|||1|171.51|||1|232.05|||N|Y
H2002|009|000|0|5|1|2|33.0|127.44|828.36|2|33.0|172.04|1118.29|2|33.0|108.32|704.11|2|33.0|146.56|952.61|Y|Y
H2002|009|000|0|5|2|2|33.0|382.32|2485.08|2|33.0|516.13|3354.86|2|33.0|324.97|2112.32|2|33.0|439.67|2857.84|Y|Y
H2002|009|000|0|5|4|2|33.0|254.88|1656.72|2|33.0|344.09|2236.57|2|33.0|216.65|1408.21|2|33.0|293.11|1905.23|Y|Y
H2002|009|000|1|1|1|1|2.12|||1|2.87|||1|1.81|||1|2.44|||N|N
H2002|009|000|1|1|2|1|6.37|||1|8.60|||1|5.42|||1|7.33|||N|N
H2002|009|000|1|1|4|1|4.25|||1|5.73|||1|3.61|||1|4.89|||N|N
H2002|009|000|1|2|1|1|12.74|||1|17.20|||1|10.83|||1|14.66|||N|N
H2002|009|000|1|2|2|1|38.23|||1|51.61|||1|32.50|||1|43.97|||N|N
H2002|009|000|1|2|4|1|25.49|||1|34.41|||1|21.66|||1|29.31|||N|N
H2002|009|000|1|3|1|1|47.79|||1|64.52|||1|40.62|||1|54.96|||N|Y
H2002|009|000|1|3|2|1|143.37|||1|193.55|||1|121.86|||1|164.88|||N|Y
H2002|009|000|1|3|4|1|95.58|||1|129.03|||1|81.24|||1|109.92|||N|Y
H2002|009|000|1|4|1|1|100.89|||1|136.20|||1|85.76|||1|116.02|||N|Y
H2002|009|000|1|4|2|1|302.67|||1|408.60|||1|257.27|||1|348.07|||N|Y
H2002|009|000|1|4|4|1|201.78|||1|272.40|||1|171.51|||1|232.05|||N|Y
H2002|009|000|1|5|1|2|33.0|127.44|828.36|2|33.0|172.04|1118.29|2|33.0|108.32|704.11|2|33.0|146.56|952.61|Y|Y
H2002|009|000|1|5|2|2|33.0|382.32|2485.08|2|33.0|516.13|3354.86|2|33.0|324.97|2112.32|2|33.0|439.67|2857.84|Y|Y
H2002|009|000|1|5|4|2|33.0|254.88|1656.72|2|33.0|344.09|2236.57|2|33.0|216.65|1408.21|2|33.0|293.11|1905.23|Y|Y
H2002|009|000|3|1|1|1|2.12|||1|2.87|||1|1.81|||1|2.44|||N|N
H2002|009|000|3|1|2|1|6.37|||1|8.60|||1|5.42|||1|7.33|||N|N
H2002|009|000|3|1|4|1|4.25|||1|5.73|||1|3.61|||1|4.89|||N|N
H2002|009|000|3|2|1|1|12.74|||1|17.20|||1|10.83|||1|14.66|||N|N
H2002|009|000|3|2|2|1|38.23|||1|51.61|||1|32.50|||1|43.97|||N|N
H2002|009|000|3|2|4|1|25.49|||1|34.41|||1|21.66|||1|29.31|||N|N
H2002|009|000|3|3|1|1|47.79|||1|64.52|||1|40.62|||1|54.96|||N|Y
H2002|009|000|3|3|2|1|143.37|||1|193.55|||1|121.86|||1|164.88|||N|Y
H2002|009|000|3|3|4|1|95.58|||1|129.03|||1|81.24|||1|109.92|||N|Y
H2002|009|000|3|4|1|1|100.89|||1|136.20|||1|85.76|||1|116.02|||N|Y
H2002|009|000|3|4|2|1|302.67|||1|408.60|||1|257.27|||1|348.07|||N|Y
H2002|009|000|3|4|4|1|201.78|||1|272.40|||1|171.51|||1|232.05|||N|Y
H2002|009|000|3|5|1|2|33.0|127.44|828.36|2|33.0|172.04|1118.29|2|33.0|108.32|704.11|2|33.0|146.56|952.61|Y|Y
H2002|009|000|3|5|2|2|33.0|382.32|2485.08|2|33.0|516.13|3354.86|2|33.0|324.97|2112.32|2|33.0|439.67|2857.84|Y|Y
H2002|009|000|3|5|4|2|33.0|254.88|1656.72|2|33.0|344.09|2236.57|2|33.0|216.65|1408.21|2|33.0|293.11|1905.23|Y|Y
H3003|009|001|0|1|1|1|2.50|||1|3.38|||1|2.13|||1|2.88|||N|N
H3003|009|001|0|1|2|1|7.51|||1|10.14|||1|6.39|||1|8.64|||N|N
H3003|009|001|0|1|4|1|5.01|||1|6.76|||1|4.26|||1|5.76|||N|N
H3003|009|001|0|2|1|1|15.02|||1|20.28|||1|12.77|||1|17.28|||N|N
H3003|009|001|0|2|2|1|45.07|||1|60.85|||1|38.31|||1|51.83|||N|N
H3003|009|001|0|2|4|1|30.05|||1|40.56|||1|25.54|||1|34.56|||N|N
H3003|009|001|0|3|1|1|56.34|||1|76.06|||1|47.89|||1|64.79|||N|Y
H3003|009|001|0|3|2|1|169.02|||1|228.18|||1|143.67|||1|194.37|||N|Y
H3003|009|001|0|3|4|1|112.68|||1|152.12|||1|95.78|||1|129.58|||N|Y
H3003|009|001|0|4|1|1|118.94|||1|160.57|||1|101.10|||1|136.78|||N|Y
H3003|009|001|0|4|2|1|356.82|||1|481.71|||1|303.30|||1|410.34|||N|Y
H3003|009|001|0|4|4|1|237.88|||1|321.14|||1|202.20|||1|273.56|||N|Y
H3003|009|001|0|5|1|2|33.0|150.24|976.56|2|33.0|202.82|1318.36|2|33.0|127.70|830.08|2|33.0|172.78|1123.04|Y|Y
H3003|009|001|0|5|2|2|33.0|450.72|2929.68|2|33.0|608.47|3955.07|2|33.0|383.11|2490.23|2|33.0|518.33|3369.13|Y|Y
H3003|009|001|0|5|4|2|33.0|300.48|1953.12|2|33.0|405.65|2636.71|2|33.0|255.41|1660.15|2|33.0|345.55|2246.09|Y|Y
H3003|009|001|1|1|1|1|2.50|||1|3.38|||1|2.13|||1|2.88|||N|N
H3003|009|001|1|1|2|1|7.51|||1|10.14|||1|6.39|||1|8.64|||N|N
H3003|009|001|1|1|4|1|5.01|||1|6.76|||1|4.26|||1|5.76|||N|N
H3003|009|001|1|2|1|1|15.02|||1|20.28|||1|12.77|||1|17.28|||N|N
H3003|009|001|1|2|2|1|45.07|||1|60.85|||1|38.31|||1|51.83|||N|N
H3003|009|001|1|2|4|1|30.05|||1|40.56|||1|25.54|||1|34.56|||N|N
H3003|009|001|1|3|1|1|56.34|||1|76.06|||1|47.89|||1|64.79|||N|Y
H3003|009|001|1|3|2|1|169.02|||1|228.18|||1|143.67|||1|194.37|||N|Y
H3003|009|001|1|3|4|1|112.68|||1|152.12|||1|95.78|||1|129.58|||N|Y
H3003|009|001|1|4|1|1|118.94|||1|160.57|||1|101.10|||1|136.78|||N|Y
H3003|009|001|1|4|2|1|356.82|||1|481.71|||1|303.30|||1|410.34|||N|Y
H3003|009|001|1|4|4|1|237.88|||1|321.14|||1|202.20|||1|273.56|||N|Y
H3003|009|001|1|5|1|2|33.0|150.24|976.56|2|33.0|202.82|1318.36|2|33.0|127.70|830.08|2|33.0|172.78|1123.04|Y|Y
H3003|009|001|1|5|2|2|33.0|450.72|2929.68|2|33.0|608.47|3955.07|2|33.0|383.11|2490.23|2|33.0|518.33|3369.13|Y|Y
H3003|009|001|1|5|4|2|33.0|300.48|1953.12|2|33.0|405.65|2636.71|2|33.0|255.41|1660.15|2|33.0|345.55|2246.09|Y|Y
H3003|009|001|3|1|1|1|2.50|||1|3.38|||1|2.13|||1|2.88|||N|N
H3003|009|001|3|1|2|1|7.51|||1|10.14|||1|6.39|||1|8.64|||N|N
H3003|009|001|3|1|4|1|5.01|||1|6.76|||1|4.26|||1|5.76|||N|N
H3003|009|001|3|2|1|1|15.02|||1|20.28|||1|12.77|||1|17.28|||N|N
H3003|009|001|3|2|2|1|45.07|||1|60.85|||1|38.31|||1|51.83|||N|N
H3003|009|001|3|2|4|1|30.05|||1|40.56|||1|25.54|||1|34.56|||N|N
H3003|009|001|3|3|1|1|56.34|||1|76.06|||1|47.89|||1|64.79|||N|Y
H3003|009|001|3|3|2|1|169.02|||1|228.18|||1|143.67|||1|194.37|||N|Y
H3003|009|001|3|3|4|1|112.68|||1|152.12|||1|95.78|||1|129.58|||N|Y
H3003|009|001|3|4|1|1|118.94|||1|160.57|||1|101.10|||1|136.78|||N|Y
H3003|009|001|3|4|2|1|356.82|||1|481.71|||1|303.30|||1|410.34|||N|Y
H3003|009|001|3|4|4|1|237.88|||1|321.14|||1|202.20|||1|273.56|||N|Y
H3003|009|001|3|5|1|2|33.0|150.24|976.56|2|33.0|202.82|1318.36|2|33.0|127.70|830.08|2|33.0|172.78|1123.04|Y|Y
H3003|009|001|3|5|2|2|33.0|450.72|2929.68|2|33.0|608.47|3955.07|2|33.0|383.11|2490.23|2|33.0|518.33|3369.13|Y|Y
H3003|009|001|3|5|4|2|33.0|300.48|1953.12|2|33.0|405.65|2636.71|2|33.0|255.41|1660.15|2|33.0|345.55|2246.09|Y|Y
S4004|009|002|0|1|1|1|1.97|||1|2.66|||1|1.68|||1|2.27|||N|N
S4004|009|002|0|1|2|1|5.92|||1|7.99|||1|5.03|||1|6.80|||N|N
S4004|009|002|0|1|4|1|3.94|||1|5.32|||1|3.35|||1|4.54|||N|N
S4004|009|002|0|2|1|1|11.83|||1|15.97|||1|10.06|||1|13.61|||N|N
S4004|009|002|0|2|2|1|35.50|||1|47.92|||1|30.17|||1|40.82|||N|N
S4004|009|002|0|2|4|1|23.66|||1|31.95|||1|20.11|||1|27.21|||N|N
S4004|009|002|0|3|1|1|44.37|||1|59.90|||1|37.71|||1|51.03|||N|Y
S4004|009|002|0|3|2|1|133.11|||1|179.70|||1|113.14|||1|153.08|||N|Y
S4004|009|002|0|3|4|1|88.74|||1|119.80|||1|75.43|||1|102.05|||N|Y
S4004|009|002|0|4|1|1|93.67|||1|126.45|||1|79.62|||1|107.72|||N|Y
S4004|009|002|0|4|2|1|281.01|||1|379.36|||1|238.86|||1|323.16|||N|Y
S4004|009|002|0|4|4|1|187.34|||1|252.91|||1|159.24|||1|215.44|||N|Y
S4004|009|002|0|5|1|2|33.0|118.32|769.08|2|33.0|159.73|1038.26|2|33.0|100.57|653.72|2|33.0|136.07|884.44|Y|Y
S4004|009|002|0|5|2|2|33.0|354.96|2307.24|2|33.0|479.20|3114.77|2|33.0|301.72|1961.15|2|33.0|408.20|2653.33|Y|Y
S4004|009|002|0|5|4|2|33.0|236.64|1538.16|2|33.0|319.46|2076.52|2|33.0|201.14|1307.44|2|33.0|272.14|1768.88|Y|Y
S4004|009|002|1|1|1|1|1.97|||1|2.66|||1|1.68|||1|2.27|||N|N
S4004|009|002|1|1|2|1|5.92|||1|7.99|||1|5.03|||1|6.80|||N|N
S4004|009|002|1|1|4|1|3.94|||1|5.32|||1|3.35|||1|4.54|||N|N
S4004|009|002|1|2|1|1|11.83|||1|15.97|||1|10.06|||1|13.61|||N|N
S4004|009|002|1|2|2|1|35.50|||1|47.92|||1|30.17|||1|40.82|||N|N
S4004|009|002|1|2|4|1|23.66|||1|31.95|||1|20.11|||1|27.21|||N|N
S4004|009|002|1|3|1|1|44.37|||1|59.90|||1|37.71|||1|51.03|||N|Y
S4004|009|002|1|3|2|1|133.11|||1|179.70|||1|113.14|||1|153.08|||N|Y
S4004|009|002|1|3|4|1|88.74|||1|119.80|||1|75.43|||1|102.05|||N|Y
S4004|009|002|1|4|1|1|93.67|||1|126.45|||1|79.62|||1|107.72|||N|Y
S4004|009|002|1|4|2|1|281.01|||1|379.36|||1|238.86|||1|323.16|||N|Y
S4004|009|002|1|4|4|1|187.34|||1|252.91|||1|159.24|||1|215.44|||N|Y
S4004|009|002|1|5|1|2|33.0|118.32|769.08|2|33.0|159.73|1038.26|2|33.0|100.57|653.72|2|33.0|136.07|884.44|Y|Y
S4004|009|002|1|5|2|2|33.0|354.96|2307.24|2|33.0|479.20|3114.77|2|33.0|301.72|1961.15|2|33.0|408.20|2653.33|Y|Y
S4004|009|002|1|5|4|2|33.0|236.64|1538.16|2|33.0|319.46|2076.52|2|33.0|201.14|1307.44|2|33.0|272.14|1768.88|Y|Y
S4004|009|002|3|1|1|1|1.97|||1|2.66|||1|1.68|||1|2.27|||N|N
S4004|009|002|3|1|2|1|5.92|||1|7.99|||1|5.03|||1|6.80|||N|N
S4004|009|002|3|1|4|1|3.94|||1|5.32|||1|3.35|||1|4.54|||N|N
S4004|009|002|3|2|1|1|11.83|||1|15.97|||1|10.06|||1|13.61|||N|N
S4004|009|002|3|2|2|1|35.50|||1|47.92|||1|30.17|||1|40.82|||N|N
S4004|009|002|3|2|4|1|23.66|||1|31.95|||1|20.11|||1|27.21|||N|N
S4004|009|002|3|3|1|1|44.37|||1|59.90|||1|37.71|||1|51.03|||N|Y
S4004|009|002|3|3|2|1|133.11|||1|179.70|||1|113.14|||1|153.08|||N|Y
S4004|009|002|3|3|4|1|88.74|||1|119.80|||1|75.43|||1|102.05|||N|Y
S4004|009|002|3|4|1|1|93.67|||1|126.45|||1|79.62|||1|107.72|||N|Y
S4004|009|002|3|4|2|1|281.01|||1|379.36|||1|238.86|||1|323.16|||N|Y
S4004|009|002|3|4|4|1|187.34|||1|252.91|||1|159.24|||1|215.44|||N|Y
S4004|009|002|3|5|1|2|33.0|118.32|769.08|2|33.0|159.73|1038.26|2|33.0|100.57|653.72|2|33.0|136.07|884.44|Y|Y
S4004|009|002|3|5|2|2|33.0|354.96|2307.24|2|33.0|479.20|3114.77|2|33.0|301.72|1961.15|2|33.0|408.20|2653.33|Y|Y
S4004|009|002|3|5|4|2|33.0|236.64|1538.16|2|33.0|319.46|2076.52|2|33.0|201.14|1307.44|2|33.0|272.14|1768.88|Y|Y
H1001|010|000|0|1|1|1|2.50|||1|3.38|||1|2.13|||1|2.88|||N|N
H1001|010|000|0|1|2|1|7.51|||1|10.14|||1|6.39|||1|8.64|||N|N
H1001|010|000|0|1|4|1|5.01|||1|6.76|||1|4.26|||1|5.76|||N|N
H1001|010|000|0|2|1|1|15.02|||1|20.28|||1|12.77|||1|17.28|||N|N
H1001|010|000|0|2|2|1|45.07|||1|60.85|||1|38.31|||1|51.83|||N|N
H1001|010|000|0|2|4|1|30.05|||1|40.56|||1|25.54|||1|34.56|||N|N
H1001|010|000|0|3|1|1|56.34|||1|76.06|||1|47.89|||1|64.79|||N|Y
H1001|010|000|0|3|2|1|169.02|||1|228.18|||1|143.67|||1|194.37|||N|Y
H1001|010|000|0|3|4|1|112.68|||1|152.12|||1|95.78|||1|129.58|||N|Y
H1001|010|000|0|4|1|1|118.94|||1|160.57|||1|101.10|||1|136.78|||N|Y
H1001|010|000|0|4|2|1|356.82|||1|481.71|||1|303.30|||1|410.34|||N|Y
H1001|010|000|0|4|4|1|237.88|||1|321.14|||1|202.20|||1|273.56|||N|Y
H1001|010|000|0|5|1|2|33.0|150.24|976.56|2|33.0|202.82|1318.36|2|33.0|127.70|830.08|2|33.0|172.78|1123.04|Y|Y
H1001|010|000|0|5|2|2|33.0|450.72|2929.68|2|33.0|608.47|3955.07|2|33.0|383.11|2490.23|2|33.0|518.33|3369.13|Y|Y
H1001|010|000|0|5|4|2|33.0|300.48|1953.12|2|33.0|405.65|2636.71|2|33.0|255.41|1660.15|2|33.0|345.55|2246.09|Y|Y
H1001|010|000|1|1|1|1|2.50|||1|3.38|||1|2.13|||1|2.88|||N|N
H1001|010|000|1|1|2|1|7.51|||1|10.14|||1|6.39|||1|8.64|||N|N
H1001|010|000|1|1|4|1|5.01|||1|6.76|||1|4.26|||1|5.76|||N|N
H1001|010|000|1|2|1|1|15.02|||1|20.28|||1|12.77|||1|17.28|||N|N
H1001|010|000|1|2|2|1|45.07|||1|60.85|||1|38.31|||1|51.83|||N|N
H1001|010|000|1|2|4|1|30.05|||1|40.56|||1|25.54|||1|34.56|||N|N
H1001|010|000|1|3|1|1|56.34|||1|76.06|||1|47.89|||1|64.79|||N|Y
H1001|010|000|1|3|2|1|169.02|||1|228.18|||1|143.67|||1|194.37|||N|Y
H1001|010|000|1|3|4|1|112.68|||1|152.12|||1|95.78|||1|129.58|||N|Y
H1001|010|000|1|4|1|1|118.94|||1|160.57|||1|101.10|||1|136.78|||N|Y
H1001|010|000|1|4|2|1|356.82|||1|481.71|||1|303.30|||1|410.34|||N|Y
H1001|010|000|1|4|4|1|237.88|||1|321.14|||1|202.20|||1|273.56|||N|Y
H1001|010|000|1|5|1|2|33.0|150.24|976.56|2|33.0|202.82|1318.36|2|33.0|127.70|830.08|2|33.0|172.78|1123.04|Y|Y
H1001|010|000|1|5|2|2|33.0|450.72|2929.68|2|33.0|608.47|3955.07|2|33.0|383.11|2490.23|2|33.0|518.33|3369.13|Y|Y
H1001|010|000|1|5|4|2|33.0|300.48|1953.12|2|33.0|405.65|2636.71|2|33.0|255.41|1660.15|2|33.0|345.55|2246.09|Y|Y
H1001|010|000|3|1|1|1|2.50|||1|3.38|||1|2.13|||1|2.88|||N|N
H1001|010|000|3|1|2|1|7.51|||1|10.14|||1|6.39|||1|8.64|||N|N
H1001|010|000|3|1|4|1|5.01|||1|6.76|||1|4.26|||1|5.76|||N|N
H1001|010|000|3|2|1|1|15.02|||1|20.28|||1|12.77|||1|17.28|||N|N
H1001|010|000|3|2|2|1|45.07|||1|60.85|||1|38.31|||1|51.83|||N|N
H1001|010|000|3|2|4|1|30.05|||1|40.56|||1|25.54|||1|34.56|||N|N
H1001|010|000|3|3|1|1|56.34|||1|76.06|||1|47.89|||1|64.79|||N|Y
H1001|010|000|3|3|2|1|169.02|||1|228.18|||1|143.67|||1|194.37|||N|Y
H1001|010|000|3|3|4|1|112.68|||1|152.12|||1|95.78|||1|129.58|||N|Y
H1001|010|000|3|4|1|1|118.94|||1|160.57|||1|101.10|||1|136.78|||N|Y
H1001|010|000|3|4|2|1|356.82|||1|481.71|||1|303.30|||1|410.34|||N|Y
H1001|010|000|3|4|4|1|237.88|||1|321.14|||1|202.20|||1|273.56|||N|Y
H1001|010|000|3|5|1|2|33.0|150.24|976.56|2|33.0|202.82|1318.36|2|33.0|127.70|830.08|2|33.0|172.78|1123.04|Y|Y
H1001|010|000|3|5|2|2|33.0|450.72|2929.68|2|33.0|608.47|3955.07|2|33.0|383.11|2490.23|2|33.0|518.33|3369.13|Y|Y
H1001|010|000|3|5|4|2|33.0|300.48|1953.12|2|33.0|405.65|2636.71|2|33.0|255.41|1660.15|2|33.0|345.55|2246.09|Y|Y
H2002|010|001|0|1|1|1|2.88|||1|3.89|||1|2.45|||1|3.32|||N|N
H2002|010|001|0|1|2|1|8.65|||1|11.68|||1|7.35|||1|9.95|||N|N
H2002|010|001|0|1|4|1|5.77|||1|7.79|||1|4.90|||1|6.63|||N|N
H2002|010|001|0|2|1|1|17.30|||1|23.36|||1|14.71|||1|19.90|||N|N
H2002|010|001|0|2|2|1|51.91|||1|70.08|||1|44.13|||1|59.70|||N|N
H2002|010|001|0|2|4|1|34.61|||1|46.72|||1|29.42|||1|39.80|||N|N
H2002|010|001|0|3|1|1|64.89|||1|87.60|||1|55.16|||1|74.62|||N|Y
H2002|010|001|0|3|2|1|194.67|||1|262.80|||1|165.47|||1|223.87|||N|Y
H2002|010|001|0|3|4|1|129.78|||1|175.20|||1|110.31|||1|149.25|||N|Y
H2002|010|001|0|4|1|1|136.99|||1|184.94|||1|116.44|||1|157.54|||N|Y
H2002|010|001|0|4|2|1|410.97|||1|554.81|||1|349.32|||1|472.62|||N|Y
H2002|010|001|0|4|4|1|273.98|||1|369.87|||1|232.88|||1|315.08|||N|Y
H2002|010|001|0|5|1|2|33.0|173.04|1124.76|2|33.0|233.60|1518.43|2|33.0|147.08|956.05|2|33.0|199.00|1293.47|Y|Y
H2002|010|001|0|5|2|2|33.0|519.12|3374.28|2|33.0|700.81|4555.28|2|33.0|441.25|2868.14|2|33.0|596.99|3880.42|Y|Y
H2002|010|001|0|5|4|2|33.0|346.08|2249.52|2|33.0|467.21|3036.85|2|33.0|294.17|1912.09|2|33.0|397.99|2586.95|Y|Y
H2002|010|001|1|1|1|1|2.88|||1|3.89|||1|2.45|||1|3.32|||N|N
H2002|010|001|1|1|2|1|8.65|||1|11.68|||1|7.35|||1|9.95|||N|N
H2002|010|001|1|1|4|1|5.77|||1|7.79|||1|4.90|||1|6.63|||N|N
H2002|010|001|1|2|1|1|17.30|||1|23.36|||1|14.71|||1|19.90|||N|N
H2002|010|001|1|2|2|1|51.91|||1|70.08|||1|44.13|||1|59.70|||N|N
H2002|010|001|1|2|4|1|34.61|||1|46.72|||1|29.42|||1|39.80|||N|N
H2002|010|001|1|3|1|1|64.89|||1|87.60|||1|55.16|||1|74.62|||N|Y
H2002|010|001|1|3|2|1|194.67|||1|262.80|||1|165.47|||1|223.87|||N|Y
H2002|010|001|1|3|4|1|129.78|||1|175.20|||1|110.31|||1|149.25|||N|Y
H2002|010|001|1|4|1|1|136.99|||1|184.94|||1|116.44|||1|157.54|||N|Y
H2002|010|001|1|4|2|1|410.97|||1|554.81|||1|349.32|||1|472.62|||N|Y
H2002|010|001|1|4|4|1|273.98|||1|369.87|||1|232.88|||1|315.08|||N|Y
H2002|010|001|1|5|1|2|33.0|173.04|1124.76|2|33.0|233.60|1518.43|2|33.0|147.08|956.05|2|33.0|199.00|1293.47|Y|Y
H2002|010|001|1|5|2|2|33.0|519.12|3374.28|2|33.0|700.81|4555.28|2|33.0|441.25|2868.14|2|33.0|596.99|3880.42|Y|Y
H2002|010|001|1|5|4|2|33.0|346.08|2249.52|2|33.0|467.21|3036.85|2|33.0|294.17|1912.09|2|33.0|397.99|2586.95|Y|Y
H2002|010|001|3|1|1|1|2.88|||1|3.89|||1|2.45|||1|3.32|||N|N
H2002|010|001|3|1|2|1|8.65|||1|11.68|||1|7.35|||1|9.95|||N|N
H2002|010|001|3|1|4|1|5.77|||1|7.79|||1|4.90|||1|6.63|||N|N
H2002|010|001|3|2|1|1|17.30|||1|23.36|||1|14.71|||1|19.90|||N|N
H2002|010|001|3|2|2|1|51.91|||1|70.08|||1|44.13|||1|59.70|||N|N
H2002|010|001|3|2|4|1|34.61|||1|46.72|||1|29.42|||1|39.80|||N|N
H2002|010|001|3|3|1|1|64.89|||1|87.60|||1|55.16|||1|74.62|||N|Y
H2002|010|001|3|3|2|1|194.67|||1|262.80|||1|165.47|||1|223.87|||N|Y
H2002|010|001|3|3|4|1|129.78|||1|175.20|||1|110.31|||1|149.25|||N|Y
H2002|010|001|3|4|1|1|136.99|||1|184.94|||1|116.44|||1|157.54|||N|Y
H2002|010|001|3|4|2|1|410.97|||1|554.81|||1|349.32|||1|472.62|||N|Y
H2002|010|001|3|4|4|1|273.98|||1|369.87|||1|232.88|||1|315.08|||N|Y
H2002|010|001|3|5|1|2|33.0|173.04|1124.76|2|33.0|233.60|1518.43|2|33.0|147.08|956.05|2|33.0|199.00|1293.47|Y|Y
H2002|010|001|3|5|2|2|33.0|519.12|3374.28|2|33.0|700.81|4555.28|2|33.0|441.25|2868.14|2|33.0|596.99|3880.42|Y|Y
H2002|010|001|3|5|4|2|33.0|346.08|2249.52|2|33.0|467.21|3036.85|2|33.0|294.17|1912.09|2|33.0|397.99|2586.95|Y|Y
H3003|010|002|0|1|1|1|1.52|||1|2.05|||1|1.29|||1|1.74|||N|N
H3003|010|002|0|1|2|1|4.55|||1|6.14|||1|3.87|||1|5.23|||N|N
H3003|010|002|0|1|4|1|3.03|||1|4.09|||1|2.58|||1|3.49|||N|N
H3003|010|002|0|2|1|1|9.10|||1|12.28|||1|7.73|||1|10.46|||N|N
H3003|010|002|0|2|2|1|27.29|||1|36.84|||1|23.19|||1|31.38|||N|N
H3003|010|002|0|2|4|1|18.19|||1|24.56|||1|15.46|||1|20.92|||N|N
H3003|010|002|0|3|1|1|34.11|||1|46.05|||1|28.99|||1|39.23|||N|Y
H3003|010|002|0|3|2|1|102.33|||1|138.15|||1|86.98|||1|117.68|||N|Y
H3003|010|002|0|3|4|1|68.22|||1|92.10|||1|57.99|||1|78.45|||N|Y
H3003|010|002|0|4|1|1|72.01|||1|97.21|||1|61.21|||1|82.81|||N|Y
H3003|010|002|0|4|2|1|216.03|||1|291.64|||1|183.63|||1|248.43|||N|Y
H3003|010|002|0|4|4|1|144.02|||1|194.43|||1|122.42|||1|165.62|||N|Y
H3003|010|002|0|5|1|2|33.0|90.96|591.24|2|33.0|122.80|798.17|2|33.0|77.32|502.55|2|33.0|104.60|679.93|Y|Y
H3003|010|002|0|5|2|2|33.0|272.88|1773.72|2|33.0|368.39|2394.52|2|33.0|231.95|1507.66|2|33.0|313.81|2039.78|Y|Y
H3003|010|002|0|5|4|2|33.0|181.92|1182.48|2|33.0|245.59|1596.35|2|33.0|154.63|1005.11|2|33.0|209.21|1359.85|Y|Y
H3003|010|002|1|1|1|1|1.52|||1|2.05|||1|1.29|||1|1.74|||N|N
H3003|010|002|1|1|2|1|4.55|||1|6.14|||1|3.87|||1|5.23|||N|N
H3003|010|002|1|1|4|1|3.03|||1|4.09|||1|2.58|||1|3.49|||N|N
H3003|010|002|1|2|1|1|9.10|||1|12.28|||1|7.73|||1|10.46|||N|N
H3003|010|002|1|2|2|1|27.29|||1|36.84|||1|23.19|||1|31.38|||N|N
H3003|010|002|1|2|4|1|18.19|||1|24.56|||1|15.46|||1|20.92|||N|N
H3003|010|002|1|3|1|1|34.11|||1|46.05|||1|28.99|||1|39.23|||N|Y
H3003|010|002|1|3|2|1|102.33|||1|138.15|||1|86.98|||1|117.68|||N|Y
H3003|010|002|1|3|4|1|68.22|||1|92.10|||1|57.99|||1|78.45|||N|Y
H3003|010|002|1|4|1|1|72.01|||1|97.21|||1|61.21|||1|82.81|||N|Y
H3003|010|002|1|4|2|1|216.03|||1|291.64|||1|183.63|||1|248.43|||N|Y
H3003|010|002|1|4|4|1|144.02|||1|194.43|||1|122.42|||1|165.62|||N|Y
H3003|010|002|1|5|1|2|33.0|90.96|591.24|2|33.0|122.80|798.17|2|33.0|77.32|502.55|2|33.0|104.60|679.93|Y|Y
H3003|010|002|1|5|2|2|33.0|272.88|1773.72|2|33.0|368.39|2394.52|2|33.0|231.95|1507.66|2|33.0|313.81|2039.78|Y|Y
H3003|010|002|1|5|4|2|33.0|181.92|1182.48|2|33.0|245.59|1596.35|2|33.0|154.63|1005.11|2|33.0|209.21|1359.85|Y|Y
H3003|010|002|3|1|1|1|1.52|||1|2.05|||1|1.29|||1|1.74|||N|N
H3003|010|002|3|1|2|1|4.55|||1|6.14|||1|3.87|||1|5.23|||N|N
H3003|010|002|3|1|4|1|3.03|||1|4.09|||1|2.58|||1|3.49|||N|N
H3003|010|002|3|2|1|1|9.10|||1|12.28|||1|7.73|||1|10.46|||N|N
H3003|010|002|3|2|2|1|27.29|||1|36.84|||1|23.19|||1|31.38|||N|N
H3003|010|002|3|2|4|1|18.19|||1|24.56|||1|15.46|||1|20.92|||N|N
H3003|010|002|3|3|1|1|34.11|||1|46.05|||1|28.99|||1|39.23|||N|Y
H3003|010|002|3|3|2|1|102.33|||1|138.15|||1|86.98|||1|117.68|||N|Y
H3003|010|002|3|3|4|1|68.22|||1|92.10|||1|57.99|||1|78.45|||N|Y
H3003|010|002|3|4|1|1|72.01|||1|97.21|||1|61.21|||1|82.81|||N|Y
H3003|010|002|3|4|2|1|216.03|||1|291.64|||1|183.63|||1|248.43|||N|Y
H3003|010|002|3|4|4|1|144.02|||1|194.43|||1|122.42|||1|165.62|||N|Y
H3003|010|002|3|5|1|2|33.0|90.96|591.24|2|33.0|122.80|798.17|2|33.0|77.32|502.55|2|33.0|104.60|679.93|Y|Y
H3003|010|002|3|5|2|2|33.0|272.88|1773.72|2|33.0|368.39|2394.52|2|33.0|231.95|1507.66|2|33.0|313.81|2039.78|Y|Y
H3003|010|002|3|5|4|2|33.0|181.92|1182.48|2|33.0|245.59|1596.35|2|33.0|154.63|1005.11|2|33.0|209.21|1359.85|Y|Y
S4004|010|000|0|1|1|1|2.05|||1|2.76|||1|1.74|||1|2.36|||N|N
S4004|010|000|0|1|2|1|6.14|||1|8.29|||1|5.22|||1|7.07|||N|N
S4004|010|000|0|1|4|1|4.10|||1|5.53|||1|3.48|||1|4.71|||N|N
S4004|010|000|0|2|1|1|12.29|||1|16.59|||1|10.44|||1|14.13|||N|N
S4004|010|000|0|2|2|1|36.86|||1|49.77|||1|31.33|||1|42.39|||N|N
S4004|010|000|0|2|4|1|24.58|||1|33.18|||1|20.89|||1|28.26|||N|N
S4004|010|000|0|3|1|1|46.08|||1|62.21|||1|39.17|||1|52.99|||N|Y
S4004|010|000|0|3|2|1|138.24|||1|186.62|||1|117.50|||1|158.98|||N|Y
S4004|010|000|0|3|4|1|92.16|||1|124.42|||1|78.34|||1|105.98|||N|Y
S4004|010|000|0|4|1|1|97.28|||1|131.33|||1|82.69|||1|111.87|||N|Y
S4004|010|000|0|4|2|1|291.84|||1|393.98|||1|248.06|||1|335.62|||N|Y
S4004|010|000|0|4|4|1|194.56|||1|262.66|||1|165.38|||1|223.74|||N|Y
S4004|010|000|0|5|1|2|33.0|122.88|798.72|2|33.0|165.89|1078.27|2|33.0|104.45|678.91|2|33.0|141.31|918.53|Y|Y
S4004|010|000|0|5|2|2|33.0|368.64|2396.16|2|33.0|497.66|3234.82|2|33.0|313.34|2036.74|2|33.0|423.94|2755.58|Y|Y
S4004|010|000|0|5|4|2|33.0|245.76|1597.44|2|33.0|331.78|2156.54|2|33.0|208.90|1357.82|2|33.0|282.62|1837.06|Y|Y
S4004|010|000|1|1|1|1|2.05|||1|2.76|||1|1.74|||1|2.36|||N|N
S4004|010|000|1|1|2|1|6.14|||1|8.29|||1|5.22|||1|7.07|||N|N
S4004|010|000|1|1|4|1|4.10|||1|5.53|||1|3.48|||1|4.71|||N|N
S4004|010|000|1|2|1|1|12.29|||1|16.59|||1|10.44|||1|14.13|||N|N
S4004|010|000|1|2|2|1|36.86|||1|49.77|||1|31.33|||1|42.39|||N|N
S4004|010|000|1|2|4|1|24.58|||1|33.18|||1|20.89|||1|28.26|||N|N
S4004|010|000|1|3|1|1|46.08|||1|62.21|||1|39.17|||1|52.99|||N|Y
S4004|010|000|1|3|2|1|138.24|||1|186.62|||1|117.50|||1|158.98|||N|Y
S4004|010|000|1|3|4|1|92.16|||1|124.42|||1|78.34|||1|105.98|||N|Y
S4004|010|000|1|4|1|1|97.28|||1|131.33|||1|82.69|||1|111.87|||N|Y
S4004|010|000|1|4|2|1|291.84|||1|393.98|||1|248.06|||1|335.62|||N|Y
S4004|010|000|1|4|4|1|194.56|||1|262.66|||1|165.38|||1|223.74|||N|Y
S4004|010|000|1|5|1|2|33.0|122.88|798.72|2|33.0|165.89|1078.27|2|33.0|104.45|678.91|2|33.0|141.31|918.53|Y|Y
S4004|010|000|1|5|2|2|33.0|368.64|2396.16|2|33.0|497.66|3234.82|2|33.0|313.34|2036.74|2|33.0|423.94|2755.58|Y|Y
S4004|010|000|1|5|4|2|33.0|245.76|1597.44|2|33.0|331.78|2156.54|2|33.0|208.90|1357.82|2|33.0|282.62|1837.06|Y|Y
S4004|010|000|3|1|1|1|2.05|||1|2.76|||1|1.74|||1|2.36|||N|N
S4004|010|000|3|1|2|1|6.14|||1|8.29|||1|5.22|||1|7.07|||N|N
S4004|010|000|3|1|4|1|4.10|||1|5.53|||1|3.48|||1|4.71|||N|N
S4004|010|000|3|2|1|1|12.29|||1|16.59|||1|10.44|||1|14.13|||N|N
S4004|010|000|3|2|2|1|36.86|||1|49.77|||1|31.33|||1|42.39|||N|N
S4004|010|000|3|2|4|1|24.58|||1|33.18|||1|20.89|||1|28.26|||N|N
S4004|010|000|3|3|1|1|46.08|||1|62.21|||1|39.17|||1|52.99|||N|Y
S4004|010|000|3|3|2|1|138.24|||1|186.62|||1|117.50|||1|158.98|||N|Y
S4004|010|000|3|3|4|1|92.16|||1|124.42|||1|78.34|||1|105.98|||N|Y
S4004|010|000|3|4|1|1|97.28|||1|131.33|||1|82.69|||1|111.87|||N|Y
S4004|010|000|3|4|2|1|291.84|||1|393.98|||1|248.06|||1|335.62|||N|Y
S4004|010|000|3|4|4|1|194.56|||1|262.66|||1|165.38|||1|223.74|||N|Y
S4004|010|000|3|5|1|2|33.0|122.88|798.72|2|33.0|165.89|1078.27|2|33.0|104.45|678.91|2|33.0|141.31|918.53|Y|Y
S4004|010|000|3|5|2|2|33.0|368.64|2396.16|2|33.0|497.66|3234.82|2|33.0|313.34|2036.74|2|33.0|423.94|2755.58|Y|Y
S4004|010|000|3|5|4|2|33.0|245.76|1597.44|2|33.0|331.78|2156.54|2|33.0|208.90|1357.82|2|33.0|282.62|1837.06|Y|Y
